participant,utc,list,dimension,phase,response,step
participant001,1724255807836,list2,yellow,ColorStaircase,yellow,0
participant001,1724255809100,list2,orange,ColorStaircase,orange,0
participant001,1724255809868,list2,yellow,ColorStaircase,yellow,0
participant001,1724255810573,list2,orange,ColorStaircase,orange,0
participant001,1724255811277,list2,yellow,ColorStaircase,yellow,5
participant001,1724255812037,list2,yellow,ColorStaircase,yellow,5
participant001,1724255812837,list2,yellow,ColorStaircase,yellow,10
participant001,1724255813732,list2,orange,ColorStaircase,orange,5
participant001,1724255814476,list2,orange,ColorStaircase,orange,5
participant001,1724255815357,list2,yellow,ColorStaircase,yellow,10
participant001,1724255816205,list2,orange,ColorStaircase,orange,10
participant001,1724255817028,list2,orange,ColorStaircase,orange,10
participant001,1724255817813,list2,orange,ColorStaircase,orange,15
participant001,1724255818677,list2,yellow,ColorStaircase,yellow,15
participant001,1724255819452,list2,orange,ColorStaircase,orange,15
participant001,1724255820221,list2,orange,ColorStaircase,yellow,20
participant001,1724255821243,list2,yellow,ColorStaircase,yellow,15
participant001,1724255823588,list2,yellow,ColorStaircase,yellow,20
participant001,1724255824772,list2,yellow,ColorStaircase,yellow,20
participant001,1724255825509,list2,orange,ColorStaircase,orange,16
participant001,1724255826221,list2,orange,ColorStaircase,orange,16
participant001,1724255826931,list2,orange,ColorStaircase,orange,18
participant001,1724255827669,list2,orange,ColorStaircase,orange,18
participant001,1724255828444,list2,orange,ColorStaircase,orange,20
participant001,1724255829596,list2,orange,ColorStaircase,orange,20
participant001,1724255830259,list2,yellow,ColorStaircase,orange,25
participant001,1724255831100,list2,yellow,ColorStaircase,yellow,21
participant001,1724255831997,list2,yellow,ColorStaircase,yellow,21
participant001,1724255834164,list2,yellow,ColorStaircase,yellow,23
participant001,1724255835541,list2,yellow,ColorStaircase,orange,23
participant001,1724255837444,list2,yellow,ColorStaircase,orange,22
participant001,1724255838748,list2,yellow,ColorStaircase,yellow,21
participant001,1724255839772,list2,orange,ColorStaircase,orange,22
participant001,1724255841085,list2,yellow,ColorStaircase,yellow,21
participant001,1724255842147,list2,orange,ColorStaircase,orange,22
participant001,1724255843220,list2,orange,ColorStaircase,orange,24
participant001,1724255844116,list2,orange,ColorStaircase,orange,24
participant001,1724255846085,list2,orange,ColorStaircase,orange,26
participant001,1724255846853,list2,orange,ColorStaircase,orange,26
participant001,1724255847972,list2,orange,ColorStaircase,orange,28
participant001,1724255848964,list2,orange,ColorStaircase,orange,28
participant001,1724255850109,list2,orange,ColorStaircase,yellow,30
participant001,1724255850837,list2,orange,ColorStaircase,yellow,29
participant001,1724255852067,list2,orange,ColorStaircase,yellow,28
participant001,1724255852980,list2,orange,ColorStaircase,yellow,27
participant001,1724255853924,list2,orange,ColorStaircase,yellow,26
participant001,1724255854859,list2,orange,ColorStaircase,orange,25
participant001,1724255856245,list2,orange,ColorStaircase,orange,25
participant005,1724260279119,list3,green,ColorStaircase,green,0
participant005,1724260279884,list3,green,ColorStaircase,green,0
participant005,1724260280667,list3,blue,ColorStaircase,blue,0
participant005,1724260281289,list3,blue,ColorStaircase,blue,0
participant005,1724260281956,list3,green,ColorStaircase,green,5
participant005,1724260282615,list3,blue,ColorStaircase,blue,5
participant005,1724260283560,list3,green,ColorStaircase,green,5
participant005,1724260284318,list3,blue,ColorStaircase,blue,5
participant005,1724260284947,list3,blue,ColorStaircase,blue,10
participant005,1724260285889,list3,green,ColorStaircase,green,10
participant005,1724260286898,list3,blue,ColorStaircase,blue,10
participant005,1724260287998,list3,blue,ColorStaircase,blue,15
participant005,1724260289560,list3,green,ColorStaircase,green,10
participant005,1724260290928,list3,blue,ColorStaircase,blue,15
participant005,1724260292218,list3,blue,ColorStaircase,blue,20
participant005,1724260293000,list3,green,ColorStaircase,green,15
participant005,1724260294832,list3,blue,ColorStaircase,blue,20
participant005,1724260296724,list3,green,ColorStaircase,green,15
participant005,1724260297646,list3,green,ColorStaircase,green,20
participant005,1724260298377,list3,green,ColorStaircase,green,20
participant005,1724260299761,list3,green,ColorStaircase,green,25
participant005,1724260300742,list3,green,ColorStaircase,green,25
participant005,1724260301584,list3,blue,ColorStaircase,green,25
participant005,1724260302911,list3,blue,ColorStaircase,green,21
participant005,1724260304990,list3,green,ColorStaircase,green,30
participant005,1724260306046,list3,blue,ColorStaircase,green,17
participant005,1724260308268,list3,green,ColorStaircase,green,30
participant005,1724260308933,list3,blue,ColorStaircase,blue,13
participant005,1724260309623,list3,blue,ColorStaircase,blue,13
participant005,1724260310891,list3,green,ColorStaircase,blue,35
participant005,1724260311921,list3,green,ColorStaircase,blue,31
participant005,1724260313202,list3,blue,ColorStaircase,blue,15
participant005,1724260314822,list3,blue,ColorStaircase,blue,15
participant005,1724260316199,list3,blue,ColorStaircase,green,17
participant005,1724260318079,list3,blue,ColorStaircase,blue,16
participant005,1724260319589,list3,green,ColorStaircase,green,27
participant005,1724260320888,list3,green,ColorStaircase,green,27
participant005,1724260322244,list3,green,ColorStaircase,green,29
participant005,1724260323115,list3,blue,ColorStaircase,blue,16
participant005,1724260324269,list3,green,ColorStaircase,green,29
participant005,1724260326234,list3,green,ColorStaircase,blue,31
participant005,1724260327244,list3,green,ColorStaircase,green,30
participant005,1724260328106,list3,green,ColorStaircase,green,30
participant006,1724255607763,list2,yellow,ColorStaircase,yellow,0
participant006,1724255608473,list2,yellow,ColorStaircase,yellow,0
participant006,1724255609068,list2,yellow,ColorStaircase,yellow,5
participant006,1724255609613,list2,yellow,ColorStaircase,yellow,5
participant006,1724255610317,list2,orange,ColorStaircase,orange,0
participant006,1724255611000,list2,yellow,ColorStaircase,yellow,10
participant006,1724255611881,list2,yellow,ColorStaircase,orange,10
participant006,1724255613175,list2,yellow,ColorStaircase,yellow,6
participant006,1724255613791,list2,yellow,ColorStaircase,yellow,6
participant006,1724255614470,list2,orange,ColorStaircase,orange,0
participant006,1724255615254,list2,yellow,ColorStaircase,yellow,8
participant006,1724255615890,list2,yellow,ColorStaircase,yellow,8
participant006,1724255616620,list2,orange,ColorStaircase,orange,5
participant006,1724255617218,list2,orange,ColorStaircase,orange,5
participant006,1724255617881,list2,yellow,ColorStaircase,yellow,10
participant006,1724255618847,list2,orange,ColorStaircase,orange,10
participant006,1724255619446,list2,orange,ColorStaircase,orange,10
participant006,1724255620025,list2,orange,ColorStaircase,orange,15
participant006,1724255620698,list2,yellow,ColorStaircase,yellow,10
participant006,1724255621358,list2,yellow,ColorStaircase,yellow,12
participant006,1724255622174,list2,orange,ColorStaircase,orange,15
participant006,1724255622920,list2,orange,ColorStaircase,orange,20
participant006,1724255623638,list2,orange,ColorStaircase,orange,20
participant006,1724255624340,list2,orange,ColorStaircase,orange,25
participant006,1724255625054,list2,yellow,ColorStaircase,yellow,12
participant006,1724255625685,list2,yellow,ColorStaircase,yellow,14
participant006,1724255626431,list2,yellow,ColorStaircase,yellow,14
participant006,1724255627066,list2,yellow,ColorStaircase,yellow,16
participant006,1724255627740,list2,orange,ColorStaircase,yellow,25
participant006,1724255628398,list2,orange,ColorStaircase,orange,21
participant006,1724255628953,list2,orange,ColorStaircase,orange,21
participant006,1724255629638,list2,orange,ColorStaircase,orange,23
participant006,1724255630345,list2,orange,ColorStaircase,orange,23
participant006,1724255630944,list2,orange,ColorStaircase,orange,25
participant006,1724255631674,list2,yellow,ColorStaircase,yellow,16
participant006,1724255632337,list2,orange,ColorStaircase,yellow,25
participant006,1724255633090,list2,orange,ColorStaircase,orange,24
participant006,1724255633702,list2,orange,ColorStaircase,orange,24
participant006,1724255634510,list2,yellow,ColorStaircase,yellow,18
participant006,1724255635282,list2,yellow,ColorStaircase,yellow,18
participant006,1724255636054,list2,yellow,ColorStaircase,yellow,20
participant006,1724255636706,list2,yellow,ColorStaircase,yellow,20
participant006,1724255637335,list2,yellow,ColorStaircase,yellow,22
participant006,1724255638270,list2,yellow,ColorStaircase,yellow,22
participant006,1724255638680,list2,yellow,ColorStaircase,orange,24
participant006,1724255639015,list2,yellow,ColorStaircase,orange,23
participant006,1724255639628,list2,yellow,ColorStaircase,orange,22
participant006,1724255640222,list2,yellow,ColorStaircase,orange,21
participant006,1724255640936,list2,yellow,ColorStaircase,orange,20
participant006,1724255641406,list2,yellow,ColorStaircase,yellow,19
participant006,1724255642006,list2,yellow,ColorStaircase,yellow,19
participant007,1724280145777,list4,green,ColorStaircase,green,0
participant007,1724280146653,list4,blue,ColorStaircase,blue,0
participant007,1724280147278,list4,blue,ColorStaircase,blue,0
participant007,1724280147877,list4,blue,ColorStaircase,blue,5
participant007,1724280148635,list4,green,ColorStaircase,green,0
participant007,1724280149231,list4,green,ColorStaircase,green,5
participant007,1724280149994,list4,blue,ColorStaircase,blue,5
participant007,1724280150743,list4,green,ColorStaircase,green,5
participant007,1724280151659,list4,blue,ColorStaircase,blue,10
participant007,1724280152297,list4,blue,ColorStaircase,blue,10
participant007,1724280152958,list4,green,ColorStaircase,green,10
participant007,1724280153660,list4,blue,ColorStaircase,blue,15
participant007,1724280154810,list4,green,ColorStaircase,green,10
participant007,1724280155824,list4,blue,ColorStaircase,blue,15
participant007,1724280156810,list4,green,ColorStaircase,green,15
participant007,1724280158004,list4,blue,ColorStaircase,green,20
participant007,1724280159224,list4,green,ColorStaircase,green,15
participant007,1724280159961,list4,blue,ColorStaircase,blue,16
participant007,1724280160605,list4,blue,ColorStaircase,blue,16
participant007,1724280161492,list4,green,ColorStaircase,green,20
participant007,1724280162176,list4,blue,ColorStaircase,green,18
participant007,1724280163254,list4,green,ColorStaircase,green,20
participant007,1724280164610,list4,green,ColorStaircase,green,25
participant007,1724280165294,list4,green,ColorStaircase,green,25
participant007,1724280166239,list4,green,ColorStaircase,blue,30
participant007,1724280167109,list4,green,ColorStaircase,green,26
participant007,1724280168065,list4,blue,ColorStaircase,blue,17
participant007,1724280168781,list4,blue,ColorStaircase,blue,17
participant007,1724280169521,list4,green,ColorStaircase,green,26
participant007,1724280170164,list4,green,ColorStaircase,green,28
participant007,1724280170925,list4,green,ColorStaircase,green,28
participant007,1724280171592,list4,green,ColorStaircase,green,30
participant007,1724280172382,list4,green,ColorStaircase,green,30
participant007,1724280173029,list4,green,ColorStaircase,green,32
participant007,1724280174203,list4,green,ColorStaircase,green,32
participant007,1724280175309,list4,green,ColorStaircase,blue,34
participant007,1724280175988,list4,green,ColorStaircase,blue,33
participant007,1724280176881,list4,green,ColorStaircase,green,32
participant007,1724280177742,list4,green,ColorStaircase,green,32
participant009,1724255834255,list2,orange,ColorStaircase,orange,0
participant009,1724255835495,list2,orange,ColorStaircase,orange,0
participant009,1724255836407,list2,orange,ColorStaircase,orange,5
participant009,1724255837303,list2,yellow,ColorStaircase,yellow,0
participant009,1724255839103,list2,orange,ColorStaircase,yellow,5
participant009,1724255840159,list2,orange,ColorStaircase,orange,1
participant009,1724255841120,list2,yellow,ColorStaircase,yellow,0
participant009,1724255842096,list2,orange,ColorStaircase,orange,1
participant009,1724255843263,list2,yellow,ColorStaircase,yellow,5
participant009,1724255844463,list2,yellow,ColorStaircase,yellow,5
participant009,1724255845455,list2,orange,ColorStaircase,orange,3
participant009,1724255846239,list2,orange,ColorStaircase,orange,3
participant009,1724255847663,list2,yellow,ColorStaircase,yellow,10
participant009,1724255848840,list2,orange,ColorStaircase,orange,5
participant009,1724255849696,list2,yellow,ColorStaircase,yellow,10
participant009,1724255850512,list2,orange,ColorStaircase,orange,5
participant009,1724255851423,list2,yellow,ColorStaircase,yellow,15
participant009,1724255852400,list2,orange,ColorStaircase,orange,7
participant009,1724255853400,list2,yellow,ColorStaircase,yellow,15
participant009,1724255854359,list2,orange,ColorStaircase,orange,7
participant009,1724255855384,list2,orange,ColorStaircase,orange,9
participant009,1724255856647,list2,orange,ColorStaircase,orange,9
participant009,1724255857824,list2,orange,ColorStaircase,orange,11
participant009,1724255858808,list2,yellow,ColorStaircase,yellow,20
participant009,1724255859704,list2,orange,ColorStaircase,orange,11
participant009,1724255860632,list2,orange,ColorStaircase,orange,13
participant009,1724255861712,list2,yellow,ColorStaircase,yellow,20
participant009,1724255862704,list2,orange,ColorStaircase,orange,13
participant009,1724255868424,list2,yellow,ColorStaircase,yellow,25
participant009,1724255869816,list2,orange,ColorStaircase,orange,15
participant009,1724255871472,list2,yellow,ColorStaircase,orange,25
participant009,1724255872744,list2,yellow,ColorStaircase,yellow,21
participant009,1724255874120,list2,yellow,ColorStaircase,yellow,21
participant009,1724255875080,list2,orange,ColorStaircase,orange,15
participant009,1724255876153,list2,yellow,ColorStaircase,yellow,23
participant009,1724255877304,list2,yellow,ColorStaircase,yellow,23
participant009,1724255878672,list2,yellow,ColorStaircase,yellow,25
participant009,1724255879577,list2,orange,ColorStaircase,orange,17
participant009,1724255880929,list2,yellow,ColorStaircase,orange,25
participant009,1724255883609,list2,yellow,ColorStaircase,orange,24
participant009,1724255884488,list2,orange,ColorStaircase,orange,17
participant009,1724255885544,list2,yellow,ColorStaircase,yellow,23
participant009,1724255886344,list2,yellow,ColorStaircase,yellow,23
participant009,1724255887200,list2,orange,ColorStaircase,orange,19
participant009,1724255888440,list2,orange,ColorStaircase,orange,19
participant009,1724255889552,list2,orange,ColorStaircase,orange,21
participant009,1724255890664,list2,orange,ColorStaircase,orange,21
participant009,1724255891840,list2,orange,ColorStaircase,orange,23
participant009,1724255893313,list2,orange,ColorStaircase,orange,23
participant009,1724255896834,list2,orange,ColorStaircase,yellow,25
participant009,1724255897744,list2,orange,ColorStaircase,yellow,24
participant009,1724255898760,list2,orange,ColorStaircase,yellow,23
participant009,1724255900144,list2,orange,ColorStaircase,orange,22
participant009,1724255901208,list2,orange,ColorStaircase,orange,22
participant010,1724255822412,list2,orange,ColorStaircase,orange,0
participant010,1724255823428,list2,orange,ColorStaircase,orange,0
participant010,1724255824392,list2,yellow,ColorStaircase,yellow,0
participant010,1724255825339,list2,yellow,ColorStaircase,yellow,0
participant010,1724255826296,list2,orange,ColorStaircase,orange,5
participant010,1724255827333,list2,orange,ColorStaircase,orange,5
participant010,1724255828295,list2,yellow,ColorStaircase,yellow,5
participant010,1724255830446,list2,orange,ColorStaircase,orange,10
participant010,1724255831422,list2,orange,ColorStaircase,orange,10
participant010,1724255832438,list2,yellow,ColorStaircase,yellow,5
participant010,1724255833466,list2,yellow,ColorStaircase,yellow,10
participant010,1724255834472,list2,yellow,ColorStaircase,yellow,10
participant010,1724255836116,list2,orange,ColorStaircase,orange,15
participant010,1724255840100,list2,yellow,ColorStaircase,orange,15
participant010,1724255841374,list2,orange,ColorStaircase,orange,15
participant010,1724255842526,list2,yellow,ColorStaircase,yellow,11
participant010,1724255843522,list2,yellow,ColorStaircase,yellow,11
participant010,1724255845286,list2,yellow,ColorStaircase,yellow,13
participant010,1724255846233,list2,yellow,ColorStaircase,yellow,13
participant010,1724255847368,list2,yellow,ColorStaircase,yellow,15
participant010,1724255848612,list2,orange,ColorStaircase,orange,20
participant010,1724255851074,list2,yellow,ColorStaircase,yellow,15
participant010,1724255851908,list2,yellow,ColorStaircase,yellow,17
participant010,1724255852903,list2,orange,ColorStaircase,orange,20
participant010,1724255854708,list2,yellow,ColorStaircase,yellow,17
participant010,1724255855758,list2,orange,ColorStaircase,orange,25
participant010,1724255860114,list2,yellow,ColorStaircase,orange,19
participant010,1724255861398,list2,orange,ColorStaircase,orange,25
participant010,1724255862470,list2,orange,ColorStaircase,yellow,30
participant010,1724255864450,list2,yellow,ColorStaircase,yellow,18
participant010,1724255867154,list2,orange,ColorStaircase,orange,26
participant010,1724255869570,list2,yellow,ColorStaircase,orange,18
participant010,1724255870928,list2,orange,ColorStaircase,orange,26
participant010,1724255872902,list2,yellow,ColorStaircase,orange,18
participant010,1724255874188,list2,orange,ColorStaircase,orange,28
participant010,1724255876129,list2,yellow,ColorStaircase,yellow,18
participant010,1724255877620,list2,orange,ColorStaircase,orange,28
participant010,1724255879542,list2,orange,ColorStaircase,yellow,30
participant010,1724255880584,list2,orange,ColorStaircase,orange,29
participant010,1724255882398,list2,orange,ColorStaircase,yellow,29
participant010,1724255884088,list2,orange,ColorStaircase,orange,29
participant011,1724255808598,list2,orange,ColorStaircase,orange,0
participant011,1724255809609,list2,yellow,ColorStaircase,yellow,0
participant011,1724255810979,list2,yellow,ColorStaircase,yellow,0
participant011,1724255812126,list2,orange,ColorStaircase,orange,0
participant011,1724255813311,list2,orange,ColorStaircase,orange,5
participant011,1724255814561,list2,yellow,ColorStaircase,yellow,5
participant011,1724255815691,list2,yellow,ColorStaircase,yellow,5
participant011,1724255816874,list2,orange,ColorStaircase,orange,5
participant011,1724255818003,list2,yellow,ColorStaircase,yellow,10
participant011,1724255819205,list2,orange,ColorStaircase,orange,10
participant011,1724255820282,list2,yellow,ColorStaircase,yellow,10
participant011,1724255821619,list2,yellow,ColorStaircase,yellow,15
participant011,1724255826450,list2,yellow,ColorStaircase,orange,15
participant011,1724255827654,list2,orange,ColorStaircase,orange,10
participant011,1724255828484,list2,orange,ColorStaircase,orange,15
participant011,1724255830093,list2,yellow,ColorStaircase,yellow,11
participant011,1724255831609,list2,orange,ColorStaircase,orange,15
participant011,1724255832456,list2,orange,ColorStaircase,orange,20
participant011,1724255833181,list2,orange,ColorStaircase,orange,20
participant011,1724255833825,list2,orange,ColorStaircase,orange,25
participant011,1724255835479,list2,yellow,ColorStaircase,yellow,11
participant011,1724255836884,list2,orange,ColorStaircase,orange,25
participant011,1724255838239,list2,yellow,ColorStaircase,yellow,13
participant011,1724255839934,list2,orange,ColorStaircase,orange,30
participant011,1724255841301,list2,yellow,ColorStaircase,yellow,13
participant011,1724255843670,list2,yellow,ColorStaircase,orange,15
participant011,1724255845397,list2,yellow,ColorStaircase,yellow,14
participant011,1724255846658,list2,orange,ColorStaircase,orange,30
participant011,1724255848945,list2,yellow,ColorStaircase,orange,14
participant011,1724255849902,list2,orange,ColorStaircase,orange,35
participant011,1724255851172,list2,yellow,ColorStaircase,orange,14
participant011,1724255852641,list2,yellow,ColorStaircase,orange,14
participant011,1724255854020,list2,yellow,ColorStaircase,orange,14
participant011,1724255855781,list2,orange,ColorStaircase,orange,35
participant011,1724255857879,list2,yellow,ColorStaircase,orange,14
participant011,1724255859287,list2,orange,ColorStaircase,yellow,40
participant011,1724255864269,list2,yellow,ColorStaircase,orange,14
participant011,1724255868896,list2,orange,ColorStaircase,yellow,36
participant011,1724255870824,list2,yellow,ColorStaircase,orange,14
participant011,1724255871751,list2,orange,ColorStaircase,orange,32
participant011,1724255873323,list2,yellow,ColorStaircase,orange,14
participant011,1724255874439,list2,orange,ColorStaircase,orange,32
participant011,1724255876385,list2,yellow,ColorStaircase,orange,14
participant011,1724255877550,list2,orange,ColorStaircase,orange,34
participant011,1724255879274,list2,orange,ColorStaircase,orange,34
participant011,1724255880244,list2,yellow,ColorStaircase,orange,14
participant011,1724255885833,list2,orange,ColorStaircase,orange,36
participant011,1724255888457,list2,yellow,ColorStaircase,orange,14
participant011,1724255889769,list2,orange,ColorStaircase,orange,36
participant011,1724255890794,list2,yellow,ColorStaircase,orange,14
participant011,1724255892633,list2,orange,ColorStaircase,yellow,38
participant011,1724255893982,list2,yellow,ColorStaircase,orange,14
participant011,1724255895017,list2,yellow,ColorStaircase,orange,14
participant011,1724255896281,list2,yellow,ColorStaircase,orange,14
participant011,1724255898251,list2,orange,ColorStaircase,yellow,37
participant011,1724255899971,list2,orange,ColorStaircase,yellow,36
participant011,1724255903905,list2,orange,ColorStaircase,orange,35
participant011,1724255904866,list2,orange,ColorStaircase,orange,35
participant011,1724255905961,list2,yellow,ColorStaircase,orange,14
participant011,1724255906965,list2,yellow,ColorStaircase,orange,14
participant011,1724255907852,list2,yellow,ColorStaircase,orange,14
participant011,1724255908712,list2,yellow,ColorStaircase,orange,14
participant011,1724255909718,list2,yellow,ColorStaircase,orange,14
participant011,1724255910809,list2,yellow,ColorStaircase,orange,14
participant011,1724255911755,list2,yellow,ColorStaircase,orange,14
participant011,1724255913010,list2,yellow,ColorStaircase,orange,14
participant011,1724255914307,list2,yellow,ColorStaircase,orange,14
participant011,1724255916367,list2,yellow,ColorStaircase,orange,14
participant011,1724255917914,list2,yellow,ColorStaircase,orange,14
participant011,1724255918987,list2,yellow,ColorStaircase,orange,14
participant011,1724255919983,list2,yellow,ColorStaircase,orange,14
participant011,1724255920899,list2,yellow,ColorStaircase,orange,14
participant011,1724255922240,list2,yellow,ColorStaircase,orange,14
participant011,1724255923449,list2,yellow,ColorStaircase,orange,14
participant011,1724255926120,list2,yellow,ColorStaircase,orange,14
participant011,1724255927437,list2,yellow,ColorStaircase,orange,14
participant011,1724255929440,list2,yellow,ColorStaircase,orange,14
participant011,1724255930667,list2,yellow,ColorStaircase,orange,14
participant011,1724255931797,list2,yellow,ColorStaircase,orange,14
participant011,1724255932918,list2,yellow,ColorStaircase,orange,14
participant011,1724255934209,list2,yellow,ColorStaircase,orange,14
participant011,1724255937185,list2,yellow,ColorStaircase,orange,14
participant011,1724255939026,list2,yellow,ColorStaircase,orange,14
participant011,1724255940545,list2,yellow,ColorStaircase,orange,14
participant011,1724255943768,list2,yellow,ColorStaircase,yellow,14
participant012,1724248210870,list1,yellow,ColorStaircase,yellow,0
participant012,1724248211696,list1,orange,ColorStaircase,orange,0
participant012,1724248212437,list1,yellow,ColorStaircase,yellow,0
participant012,1724248213097,list1,yellow,ColorStaircase,yellow,5
participant012,1724248213845,list1,orange,ColorStaircase,orange,0
participant012,1724248214649,list1,yellow,ColorStaircase,yellow,5
participant012,1724248215480,list1,yellow,ColorStaircase,yellow,10
participant012,1724248216156,list1,yellow,ColorStaircase,yellow,10
participant012,1724248216858,list1,yellow,ColorStaircase,yellow,15
participant012,1724248217534,list1,yellow,ColorStaircase,yellow,15
participant012,1724248218184,list1,orange,ColorStaircase,orange,5
participant012,1724248219022,list1,yellow,ColorStaircase,yellow,20
participant012,1724248221508,list1,orange,ColorStaircase,orange,5
participant012,1724248222164,list1,orange,ColorStaircase,orange,10
participant012,1724248223048,list1,orange,ColorStaircase,orange,10
participant012,1724248223910,list1,yellow,ColorStaircase,yellow,20
participant012,1724248224825,list1,yellow,ColorStaircase,yellow,25
participant012,1724248226266,list1,orange,ColorStaircase,yellow,15
participant012,1724248227135,list1,orange,ColorStaircase,orange,11
participant012,1724248228146,list1,orange,ColorStaircase,orange,11
participant012,1724248228787,list1,orange,ColorStaircase,orange,13
participant012,1724248229480,list1,orange,ColorStaircase,orange,13
participant012,1724248230924,list1,yellow,ColorStaircase,yellow,25
participant012,1724248233542,list1,orange,ColorStaircase,orange,15
participant012,1724248234358,list1,yellow,ColorStaircase,orange,30
participant012,1724248236171,list1,yellow,ColorStaircase,orange,26
participant012,1724248237223,list1,yellow,ColorStaircase,yellow,22
participant012,1724248238120,list1,yellow,ColorStaircase,yellow,22
participant012,1724248239385,list1,yellow,ColorStaircase,yellow,24
participant012,1724248240459,list1,orange,ColorStaircase,orange,15
participant012,1724248241600,list1,yellow,ColorStaircase,yellow,24
participant012,1724248242450,list1,orange,ColorStaircase,orange,17
participant012,1724248243108,list1,yellow,ColorStaircase,orange,26
participant012,1724248244187,list1,yellow,ColorStaircase,orange,25
participant012,1724248247378,list1,orange,ColorStaircase,orange,17
participant012,1724248248258,list1,yellow,ColorStaircase,yellow,24
participant012,1724248249178,list1,orange,ColorStaircase,yellow,19
participant012,1724248250503,list1,orange,ColorStaircase,orange,18
participant012,1724248255173,list1,orange,ColorStaircase,orange,18
participant012,1724248256094,list1,yellow,ColorStaircase,yellow,24
participant013,1724260336267,list3,blue,ColorStaircase,blue,0
participant013,1724260337055,list3,green,ColorStaircase,green,0
participant013,1724260337664,list3,green,ColorStaircase,blue,0
participant013,1724260342197,list3,blue,ColorStaircase,blue,0
participant013,1724260342800,list3,green,ColorStaircase,green,0
participant013,1724260343617,list3,blue,ColorStaircase,blue,5
participant013,1724260344401,list3,blue,ColorStaircase,blue,5
participant013,1724260345146,list3,green,ColorStaircase,green,0
participant013,1724260345750,list3,green,ColorStaircase,green,3
participant013,1724260346369,list3,green,ColorStaircase,green,3
participant013,1724260346993,list3,blue,ColorStaircase,blue,10
participant013,1724260347803,list3,green,ColorStaircase,green,6
participant013,1724260348886,list3,green,ColorStaircase,green,6
participant013,1724260349571,list3,blue,ColorStaircase,blue,10
participant013,1724260350422,list3,blue,ColorStaircase,blue,15
participant013,1724260351024,list3,blue,ColorStaircase,blue,15
participant013,1724260351700,list3,green,ColorStaircase,green,9
participant013,1724260352386,list3,green,ColorStaircase,green,9
participant013,1724260353106,list3,blue,ColorStaircase,blue,20
participant013,1724260353887,list3,blue,ColorStaircase,blue,20
participant013,1724260354577,list3,green,ColorStaircase,green,12
participant013,1724260355193,list3,green,ColorStaircase,green,12
participant013,1724260355832,list3,green,ColorStaircase,green,15
participant013,1724260356487,list3,green,ColorStaircase,green,15
participant013,1724260357271,list3,blue,ColorStaircase,blue,25
participant013,1724260360238,list3,blue,ColorStaircase,blue,25
participant013,1724260361263,list3,green,ColorStaircase,green,18
participant013,1724260362084,list3,blue,ColorStaircase,green,30
participant013,1724260362773,list3,green,ColorStaircase,green,18
participant013,1724260363528,list3,green,ColorStaircase,green,21
participant013,1724260364460,list3,green,ColorStaircase,green,21
participant013,1724260365366,list3,blue,ColorStaircase,green,26
participant013,1724260366259,list3,green,ColorStaircase,green,24
participant013,1724260371571,list3,green,ColorStaircase,blue,24
participant013,1724260372504,list3,blue,ColorStaircase,blue,22
participant013,1724260373498,list3,green,ColorStaircase,green,22
participant013,1724260374686,list3,blue,ColorStaircase,blue,22
participant013,1724260375586,list3,green,ColorStaircase,green,22
participant013,1724260376796,list3,green,ColorStaircase,green,22
participant013,1724260377524,list3,blue,ColorStaircase,blue,24
participant013,1724260378590,list3,blue,ColorStaircase,blue,24
participant013,1724260379467,list3,blue,ColorStaircase,green,26
participant013,1724260380246,list3,blue,ColorStaircase,green,25
participant013,1724260383555,list3,blue,ColorStaircase,blue,24
participant013,1724260384943,list3,blue,ColorStaircase,blue,24
participant017,1724252993824,list1,yellow,ColorStaircase,yellow,0
participant017,1724252994630,list1,yellow,ColorStaircase,yellow,0
participant017,1724252995871,list1,orange,ColorStaircase,orange,0
participant017,1724252996613,list1,yellow,ColorStaircase,yellow,5
participant017,1724252997254,list1,yellow,ColorStaircase,yellow,5
participant017,1724252997862,list1,yellow,ColorStaircase,yellow,10
participant017,1724252998484,list1,yellow,ColorStaircase,yellow,10
participant017,1724252999182,list1,orange,ColorStaircase,orange,0
participant017,1724252999757,list1,orange,ColorStaircase,orange,5
participant017,1724253000610,list1,yellow,ColorStaircase,yellow,15
participant017,1724253001292,list1,orange,ColorStaircase,orange,5
participant017,1724253001966,list1,orange,ColorStaircase,orange,10
participant017,1724253002656,list1,orange,ColorStaircase,orange,10
participant017,1724253003295,list1,orange,ColorStaircase,orange,15
participant017,1724253003934,list1,orange,ColorStaircase,orange,15
participant017,1724253004482,list1,orange,ColorStaircase,orange,20
participant017,1724253005116,list1,yellow,ColorStaircase,yellow,15
participant017,1724253005706,list1,yellow,ColorStaircase,yellow,20
participant017,1724253006288,list1,yellow,ColorStaircase,yellow,20
participant017,1724253006882,list1,yellow,ColorStaircase,yellow,25
participant017,1724253007678,list1,orange,ColorStaircase,orange,20
participant017,1724253008494,list1,yellow,ColorStaircase,orange,25
participant017,1724253009282,list1,yellow,ColorStaircase,orange,21
participant017,1724253010314,list1,orange,ColorStaircase,orange,25
participant017,1724253011106,list1,orange,ColorStaircase,orange,25
participant017,1724253011897,list1,yellow,ColorStaircase,orange,17
participant017,1724253013580,list1,yellow,ColorStaircase,orange,13
participant017,1724253014407,list1,yellow,ColorStaircase,yellow,9
participant017,1724253015069,list1,yellow,ColorStaircase,yellow,9
participant017,1724253015741,list1,yellow,ColorStaircase,yellow,11
participant017,1724253016357,list1,yellow,ColorStaircase,yellow,11
participant017,1724253016953,list1,yellow,ColorStaircase,yellow,13
participant017,1724253017540,list1,yellow,ColorStaircase,yellow,13
participant017,1724253018319,list1,orange,ColorStaircase,orange,30
participant017,1724253019200,list1,yellow,ColorStaircase,orange,15
participant017,1724253019851,list1,orange,ColorStaircase,orange,30
participant017,1724253020543,list1,yellow,ColorStaircase,yellow,14
participant017,1724253021430,list1,yellow,ColorStaircase,yellow,14
participant017,1724253022206,list1,orange,ColorStaircase,yellow,35
participant017,1724253023049,list1,orange,ColorStaircase,orange,31
participant017,1724253023946,list1,orange,ColorStaircase,orange,31
participant017,1724253024644,list1,orange,ColorStaircase,orange,33
participant017,1724253025356,list1,orange,ColorStaircase,yellow,33
participant017,1724253026507,list1,orange,ColorStaircase,orange,32
participant017,1724253027212,list1,orange,ColorStaircase,orange,32
participant019,1724256174267,list2,yellow,ColorStaircase,yellow,0
participant019,1724256175002,list2,yellow,ColorStaircase,yellow,0
participant019,1724256175650,list2,yellow,ColorStaircase,yellow,5
participant019,1724256176266,list2,yellow,ColorStaircase,yellow,5
participant019,1724256176842,list2,yellow,ColorStaircase,yellow,10
participant019,1724256177516,list2,orange,ColorStaircase,orange,0
participant019,1724256178406,list2,yellow,ColorStaircase,yellow,10
participant019,1724256178994,list2,yellow,ColorStaircase,yellow,15
participant019,1724256179699,list2,orange,ColorStaircase,orange,0
participant019,1724256180378,list2,orange,ColorStaircase,orange,5
participant019,1724256180940,list2,orange,ColorStaircase,orange,5
participant019,1724256181491,list2,orange,ColorStaircase,orange,10
participant019,1724256182402,list2,yellow,ColorStaircase,yellow,15
participant019,1724256183178,list2,orange,ColorStaircase,orange,10
participant019,1724256184106,list2,orange,ColorStaircase,orange,15
participant019,1724256184722,list2,orange,ColorStaircase,orange,15
participant019,1724256185706,list2,orange,ColorStaircase,orange,20
participant019,1724256186444,list2,yellow,ColorStaircase,yellow,20
participant019,1724256187122,list2,yellow,ColorStaircase,yellow,20
participant019,1724256187834,list2,yellow,ColorStaircase,orange,25
participant019,1724256189030,list2,yellow,ColorStaircase,orange,21
participant019,1724256190578,list2,orange,ColorStaircase,orange,20
participant019,1724256191250,list2,orange,ColorStaircase,orange,25
participant019,1724256191946,list2,yellow,ColorStaircase,yellow,17
participant019,1724256193043,list2,orange,ColorStaircase,orange,25
participant019,1724256193826,list2,yellow,ColorStaircase,yellow,17
participant019,1724256194770,list2,yellow,ColorStaircase,orange,19
participant019,1724256196123,list2,yellow,ColorStaircase,yellow,18
participant019,1724256197482,list2,yellow,ColorStaircase,yellow,18
participant019,1724256198683,list2,orange,ColorStaircase,orange,30
participant019,1724256199398,list2,orange,ColorStaircase,orange,30
participant019,1724256200266,list2,orange,ColorStaircase,yellow,35
participant019,1724256201242,list2,orange,ColorStaircase,orange,31
participant019,1724256202154,list2,orange,ColorStaircase,yellow,31
participant019,1724256203098,list2,orange,ColorStaircase,orange,28
participant019,1724256203746,list2,orange,ColorStaircase,orange,28
participant019,1724256204682,list2,orange,ColorStaircase,yellow,29
participant019,1724256205499,list2,orange,ColorStaircase,orange,29
participant020,1724245127272,list1,yellow,ColorStaircase,yellow,0
participant020,1724245128145,list1,orange,ColorStaircase,orange,0
participant020,1724245128920,list1,yellow,ColorStaircase,yellow,0
participant020,1724245129623,list1,orange,ColorStaircase,orange,0
participant020,1724245130300,list1,orange,ColorStaircase,orange,5
participant020,1724245131035,list1,orange,ColorStaircase,orange,5
participant020,1724245131638,list1,orange,ColorStaircase,orange,10
participant020,1724245132250,list1,orange,ColorStaircase,orange,10
participant020,1724245133001,list1,yellow,ColorStaircase,yellow,5
participant020,1724245133775,list1,orange,ColorStaircase,orange,15
participant020,1724245134590,list1,yellow,ColorStaircase,yellow,5
participant020,1724245135314,list1,orange,ColorStaircase,orange,15
participant020,1724245135934,list1,orange,ColorStaircase,orange,20
participant020,1724245136644,list1,yellow,ColorStaircase,yellow,10
participant020,1724245137514,list1,yellow,ColorStaircase,yellow,10
participant020,1724245138202,list1,orange,ColorStaircase,orange,20
participant020,1724245138903,list1,orange,ColorStaircase,yellow,25
participant020,1724245139830,list1,yellow,ColorStaircase,yellow,15
participant020,1724245140595,list1,orange,ColorStaircase,orange,21
participant020,1724245141296,list1,orange,ColorStaircase,orange,21
participant020,1724245142008,list1,orange,ColorStaircase,orange,23
participant020,1724245142702,list1,orange,ColorStaircase,orange,23
participant020,1724245143545,list1,yellow,ColorStaircase,yellow,15
participant020,1724245144650,list1,yellow,ColorStaircase,orange,20
participant020,1724245145731,list1,yellow,ColorStaircase,yellow,16
participant020,1724245146890,list1,orange,ColorStaircase,orange,25
participant020,1724245147732,list1,orange,ColorStaircase,orange,25
participant020,1724245148397,list1,yellow,ColorStaircase,orange,16
participant020,1724245149362,list1,yellow,ColorStaircase,yellow,13
participant020,1724245150227,list1,yellow,ColorStaircase,yellow,13
participant020,1724245151038,list1,orange,ColorStaircase,orange,27
participant020,1724245151740,list1,orange,ColorStaircase,orange,27
participant020,1724245152577,list1,yellow,ColorStaircase,yellow,14
participant020,1724245153353,list1,yellow,ColorStaircase,yellow,14
participant020,1724245155516,list1,yellow,ColorStaircase,yellow,15
participant020,1724245156327,list1,yellow,ColorStaircase,yellow,15
participant020,1724245157319,list1,yellow,ColorStaircase,orange,16
participant020,1724245158074,list1,yellow,ColorStaircase,orange,16
participant020,1724245158897,list1,yellow,ColorStaircase,orange,16
participant020,1724245160753,list1,orange,ColorStaircase,orange,29
participant020,1724245161803,list1,orange,ColorStaircase,orange,29
participant020,1724245163092,list1,orange,ColorStaircase,orange,31
participant020,1724245164049,list1,yellow,ColorStaircase,orange,16
participant020,1724245165594,list1,yellow,ColorStaircase,orange,16
participant020,1724245169602,list1,orange,ColorStaircase,orange,31
participant020,1724245170831,list1,orange,ColorStaircase,yellow,33
participant020,1724245171596,list1,yellow,ColorStaircase,orange,16
participant020,1724245173189,list1,orange,ColorStaircase,orange,32
participant020,1724245174112,list1,orange,ColorStaircase,orange,32
participant020,1724245175023,list1,yellow,ColorStaircase,yellow,16
participant024,1724279972071,list4,green,ColorStaircase,green,0
participant024,1724279972727,list4,green,ColorStaircase,green,0
participant024,1724279973324,list4,blue,ColorStaircase,blue,0
participant024,1724279974064,list4,green,ColorStaircase,green,5
participant024,1724279974731,list4,blue,ColorStaircase,blue,0
participant024,1724279975371,list4,blue,ColorStaircase,blue,5
participant024,1724279976007,list4,blue,ColorStaircase,blue,5
participant024,1724279976656,list4,green,ColorStaircase,green,5
participant024,1724279977362,list4,green,ColorStaircase,green,10
participant024,1724279977997,list4,blue,ColorStaircase,green,10
participant024,1724279979039,list4,green,ColorStaircase,green,10
participant024,1724279979612,list4,blue,ColorStaircase,blue,6
participant024,1724279980165,list4,blue,ColorStaircase,blue,6
participant024,1724279980759,list4,blue,ColorStaircase,blue,8
participant024,1724279981460,list4,green,ColorStaircase,green,15
participant024,1724279982119,list4,green,ColorStaircase,green,15
participant024,1724279982727,list4,blue,ColorStaircase,blue,8
participant024,1724279983337,list4,blue,ColorStaircase,blue,10
participant024,1724279983952,list4,blue,ColorStaircase,blue,10
participant024,1724279984624,list4,blue,ColorStaircase,blue,12
participant024,1724279985271,list4,blue,ColorStaircase,blue,12
participant024,1724279985874,list4,blue,ColorStaircase,blue,14
participant024,1724279986609,list4,blue,ColorStaircase,blue,14
participant024,1724279987409,list4,green,ColorStaircase,green,20
participant024,1724279988116,list4,green,ColorStaircase,green,20
participant024,1724279988860,list4,green,ColorStaircase,green,25
participant024,1724279989771,list4,blue,ColorStaircase,blue,16
participant024,1724279990459,list4,green,ColorStaircase,blue,25
participant024,1724279991207,list4,green,ColorStaircase,green,21
participant024,1724279992176,list4,blue,ColorStaircase,green,16
participant024,1724279992789,list4,blue,ColorStaircase,blue,15
participant024,1724279993342,list4,blue,ColorStaircase,blue,15
participant024,1724279994107,list4,green,ColorStaircase,green,21
participant024,1724279994821,list4,green,ColorStaircase,green,23
participant024,1724279995459,list4,green,ColorStaircase,green,23
participant024,1724279996094,list4,green,ColorStaircase,green,25
participant024,1724279996743,list4,green,ColorStaircase,green,25
participant024,1724279997375,list4,green,ColorStaircase,green,27
participant024,1724279998029,list4,green,ColorStaircase,green,27
participant024,1724279998643,list4,green,ColorStaircase,green,29
participant024,1724279999303,list4,green,ColorStaircase,green,29
participant024,1724279999925,list4,green,ColorStaircase,green,31
participant024,1724280000550,list4,green,ColorStaircase,green,31
participant024,1724280001168,list4,green,ColorStaircase,blue,33
participant024,1724280001777,list4,green,ColorStaircase,blue,32
participant024,1724280002380,list4,green,ColorStaircase,blue,31
participant024,1724280002990,list4,green,ColorStaircase,green,30
participant024,1724280003496,list4,green,ColorStaircase,blue,30
participant024,1724280003949,list4,green,ColorStaircase,green,30
participant027,1724260205072,list3,green,ColorStaircase,green,0
participant027,1724260205801,list3,blue,ColorStaircase,blue,0
participant027,1724260206541,list3,green,ColorStaircase,green,0
participant027,1724260207364,list3,blue,ColorStaircase,blue,0
participant027,1724260208064,list3,blue,ColorStaircase,blue,5
participant027,1724260208809,list3,blue,ColorStaircase,blue,5
participant027,1724260209436,list3,green,ColorStaircase,green,5
participant027,1724260210216,list3,blue,ColorStaircase,blue,10
participant027,1724260211005,list3,blue,ColorStaircase,blue,10
participant027,1724260211725,list3,blue,ColorStaircase,blue,15
participant027,1724260212453,list3,blue,ColorStaircase,blue,15
participant027,1724260213177,list3,green,ColorStaircase,green,5
participant027,1724260213912,list3,blue,ColorStaircase,blue,20
participant027,1724260214606,list3,green,ColorStaircase,green,10
participant027,1724260215364,list3,green,ColorStaircase,green,10
participant027,1724260215979,list3,green,ColorStaircase,green,15
participant027,1724260216832,list3,green,ColorStaircase,blue,15
participant027,1724260217545,list3,green,ColorStaircase,green,11
participant027,1724260218271,list3,blue,ColorStaircase,blue,20
participant027,1724260219175,list3,green,ColorStaircase,green,11
participant027,1724260220025,list3,blue,ColorStaircase,blue,25
participant027,1724260220739,list3,green,ColorStaircase,green,13
participant027,1724260221348,list3,blue,ColorStaircase,blue,25
participant027,1724260222073,list3,green,ColorStaircase,green,13
participant027,1724260222803,list3,blue,ColorStaircase,green,30
participant027,1724260223695,list3,green,ColorStaircase,green,15
participant027,1724260224501,list3,green,ColorStaircase,green,15
participant027,1724260225185,list3,blue,ColorStaircase,blue,26
participant027,1724260225937,list3,green,ColorStaircase,green,17
participant027,1724260226610,list3,blue,ColorStaircase,green,26
participant027,1724260227267,list3,green,ColorStaircase,green,17
participant027,1724260227910,list3,green,ColorStaircase,green,19
participant027,1724260228638,list3,blue,ColorStaircase,green,23
participant027,1724260229327,list3,blue,ColorStaircase,green,20
participant027,1724260229926,list3,green,ColorStaircase,blue,19
participant027,1724260230635,list3,green,ColorStaircase,green,18
participant027,1724260231454,list3,blue,ColorStaircase,blue,17
participant027,1724260232214,list3,blue,ColorStaircase,blue,17
participant027,1724260232907,list3,green,ColorStaircase,green,18
participant027,1724260233555,list3,blue,ColorStaircase,green,18
participant027,1724260234038,list3,blue,ColorStaircase,blue,18
participant028,1724260452344,list3,blue,ColorStaircase,blue,0
participant028,1724260453830,list3,blue,ColorStaircase,blue,0
participant028,1724260454648,list3,blue,ColorStaircase,blue,5
participant028,1724260455396,list3,blue,ColorStaircase,blue,5
participant028,1724260456385,list3,blue,ColorStaircase,blue,10
participant028,1724260457203,list3,green,ColorStaircase,green,0
participant028,1724260457978,list3,green,ColorStaircase,green,0
participant028,1724260458777,list3,green,ColorStaircase,green,5
participant028,1724260459536,list3,green,ColorStaircase,green,5
participant028,1724260460273,list3,green,ColorStaircase,green,10
participant028,1724260460975,list3,green,ColorStaircase,green,10
participant028,1724260461707,list3,green,ColorStaircase,green,15
participant028,1724260462488,list3,blue,ColorStaircase,blue,10
participant028,1724260463192,list3,blue,ColorStaircase,blue,15
participant028,1724260463896,list3,green,ColorStaircase,green,15
participant028,1724260464680,list3,green,ColorStaircase,green,20
participant028,1724260465435,list3,blue,ColorStaircase,blue,15
participant028,1724260466186,list3,green,ColorStaircase,green,20
participant028,1724260466969,list3,green,ColorStaircase,green,25
participant028,1724260467741,list3,blue,ColorStaircase,green,20
participant028,1724260468567,list3,green,ColorStaircase,blue,25
participant028,1724260469426,list3,blue,ColorStaircase,blue,16
participant028,1724260470276,list3,green,ColorStaircase,green,21
participant028,1724260471183,list3,green,ColorStaircase,green,21
participant028,1724260472074,list3,blue,ColorStaircase,blue,16
participant028,1724260473385,list3,blue,ColorStaircase,blue,18
participant028,1724260474239,list3,green,ColorStaircase,green,23
participant028,1724260475010,list3,green,ColorStaircase,green,23
participant028,1724260476975,list3,green,ColorStaircase,blue,25
participant028,1724260477735,list3,green,ColorStaircase,blue,24
participant028,1724260478568,list3,blue,ColorStaircase,blue,18
participant028,1724260479786,list3,green,ColorStaircase,blue,23
participant028,1724260480576,list3,green,ColorStaircase,green,22
participant028,1724260481873,list3,blue,ColorStaircase,blue,20
participant028,1724260482938,list3,blue,ColorStaircase,blue,20
participant028,1724260483644,list3,green,ColorStaircase,green,22
participant028,1724260485909,list3,blue,ColorStaircase,blue,22
participant028,1724260487131,list3,blue,ColorStaircase,blue,22
participant028,1724260488003,list3,blue,ColorStaircase,green,24
participant028,1724260489156,list3,blue,ColorStaircase,blue,23
participant028,1724260490229,list3,blue,ColorStaircase,blue,23
participant029,1724251223212,list1,yellow,ColorStaircase,yellow,0
participant029,1724251223946,list1,orange,ColorStaircase,orange,0
participant029,1724251224644,list1,yellow,ColorStaircase,yellow,0
participant029,1724251225379,list1,orange,ColorStaircase,orange,0
participant029,1724251226042,list1,orange,ColorStaircase,orange,5
participant029,1724251226788,list1,orange,ColorStaircase,orange,5
participant029,1724251227450,list1,yellow,ColorStaircase,yellow,5
participant029,1724251228180,list1,orange,ColorStaircase,orange,10
participant029,1724251228851,list1,orange,ColorStaircase,orange,10
participant029,1724251229869,list1,yellow,ColorStaircase,yellow,5
participant029,1724251230474,list1,yellow,ColorStaircase,yellow,10
participant029,1724251231106,list1,yellow,ColorStaircase,yellow,10
participant029,1724251231731,list1,orange,ColorStaircase,orange,15
participant029,1724251232362,list1,orange,ColorStaircase,orange,15
participant029,1724251233131,list1,yellow,ColorStaircase,yellow,15
participant029,1724251233914,list1,orange,ColorStaircase,orange,20
participant029,1724251234539,list1,orange,ColorStaircase,orange,20
participant029,1724251235627,list1,orange,ColorStaircase,orange,25
participant029,1724251237091,list1,yellow,ColorStaircase,yellow,15
participant029,1724251238005,list1,orange,ColorStaircase,orange,25
participant029,1724251239916,list1,orange,ColorStaircase,yellow,30
participant029,1724251240907,list1,orange,ColorStaircase,orange,26
participant029,1724251241508,list1,orange,ColorStaircase,orange,26
participant029,1724251242220,list1,yellow,ColorStaircase,orange,20
participant029,1724251243171,list1,yellow,ColorStaircase,yellow,16
participant029,1724251243963,list1,yellow,ColorStaircase,yellow,16
participant029,1724251244635,list1,orange,ColorStaircase,orange,28
participant029,1724251245228,list1,yellow,ColorStaircase,orange,18
participant029,1724251246156,list1,yellow,ColorStaircase,orange,17
participant029,1724251247027,list1,yellow,ColorStaircase,yellow,16
participant029,1724251247757,list1,yellow,ColorStaircase,orange,16
participant029,1724251248427,list1,yellow,ColorStaircase,orange,16
participant029,1724251249052,list1,orange,ColorStaircase,orange,28
participant029,1724251249683,list1,orange,ColorStaircase,orange,30
participant029,1724251250539,list1,yellow,ColorStaircase,yellow,16
participant029,1724251251164,list1,orange,ColorStaircase,yellow,30
participant029,1724251252012,list1,orange,ColorStaircase,yellow,29
participant029,1724251252964,list1,orange,ColorStaircase,yellow,28
participant029,1724251254436,list1,orange,ColorStaircase,yellow,27
participant029,1724251255419,list1,orange,ColorStaircase,orange,26
participant029,1724251256179,list1,orange,ColorStaircase,orange,26
participant030,1724280213278,list4,blue,ColorStaircase,blue,0
participant030,1724280217302,list4,blue,ColorStaircase,blue,0
participant030,1724280218092,list4,green,ColorStaircase,green,0
participant030,1724280218955,list4,green,ColorStaircase,green,0
participant030,1724280219638,list4,green,ColorStaircase,green,5
participant030,1724280220218,list4,blue,ColorStaircase,blue,5
participant030,1724280220892,list4,green,ColorStaircase,green,5
participant030,1724280221553,list4,green,ColorStaircase,green,10
participant030,1724280222236,list4,green,ColorStaircase,green,10
participant030,1724280222849,list4,blue,ColorStaircase,blue,5
participant030,1724280223535,list4,green,ColorStaircase,green,15
participant030,1724280224423,list4,blue,ColorStaircase,blue,10
participant030,1724280225063,list4,blue,ColorStaircase,blue,10
participant030,1724280225730,list4,green,ColorStaircase,green,15
participant030,1724280226340,list4,green,ColorStaircase,green,20
participant030,1724280226978,list4,green,ColorStaircase,green,20
participant030,1724280227671,list4,blue,ColorStaircase,blue,15
participant030,1724280228388,list4,green,ColorStaircase,blue,25
participant030,1724280229097,list4,blue,ColorStaircase,blue,15
participant030,1724280229998,list4,green,ColorStaircase,green,21
participant030,1724280230681,list4,green,ColorStaircase,green,21
participant030,1724280231751,list4,green,ColorStaircase,green,23
participant030,1724280232466,list4,green,ColorStaircase,green,23
participant030,1724280233165,list4,green,ColorStaircase,green,25
participant030,1724280233796,list4,green,ColorStaircase,green,25
participant030,1724280234364,list4,green,ColorStaircase,green,27
participant030,1724280234901,list4,blue,ColorStaircase,blue,20
participant030,1724280235442,list4,blue,ColorStaircase,blue,20
participant030,1724280235931,list4,green,ColorStaircase,blue,27
participant030,1724280236341,list4,blue,ColorStaircase,blue,25
participant030,1724280236718,list4,green,ColorStaircase,blue,26
participant030,1724280237263,list4,blue,ColorStaircase,blue,25
participant030,1724280237790,list4,blue,ColorStaircase,blue,30
participant030,1724280238617,list4,green,ColorStaircase,blue,25
participant030,1724280239213,list4,green,ColorStaircase,blue,24
participant030,1724280239817,list4,blue,ColorStaircase,blue,30
participant030,1724280240642,list4,green,ColorStaircase,blue,23
participant030,1724280240988,list4,green,ColorStaircase,blue,22
participant030,1724280241347,list4,green,ColorStaircase,blue,21
participant030,1724280241689,list4,green,ColorStaircase,blue,20
participant030,1724280242039,list4,green,ColorStaircase,blue,19
participant030,1724280242476,list4,green,ColorStaircase,green,18
participant030,1724280243893,list4,blue,ColorStaircase,green,35
participant030,1724280244436,list4,blue,ColorStaircase,green,31
participant030,1724280244873,list4,green,ColorStaircase,blue,18
participant030,1724280245284,list4,blue,ColorStaircase,blue,27
participant030,1724280245573,list4,blue,ColorStaircase,blue,27
participant030,1724280245784,list4,blue,ColorStaircase,blue,29
participant030,1724280246153,list4,blue,ColorStaircase,blue,29
participant030,1724280246502,list4,green,ColorStaircase,blue,18
participant030,1724280246772,list4,green,ColorStaircase,blue,18
participant030,1724280247026,list4,green,ColorStaircase,green,18
participant030,1724280247332,list4,blue,ColorStaircase,green,31
participant030,1724280247725,list4,blue,ColorStaircase,green,30
participant030,1724280248119,list4,blue,ColorStaircase,green,29
participant030,1724280248508,list4,blue,ColorStaircase,green,28
participant030,1724280248892,list4,blue,ColorStaircase,green,27
participant030,1724280249268,list4,blue,ColorStaircase,green,26
participant030,1724280249624,list4,blue,ColorStaircase,green,25
participant030,1724280249966,list4,blue,ColorStaircase,green,24
participant030,1724280250281,list4,blue,ColorStaircase,green,23
participant030,1724280250902,list4,blue,ColorStaircase,blue,22
participant030,1724280251141,list4,blue,ColorStaircase,blue,22
participant031,1724280997376,list4,green,ColorStaircase,green,0
participant031,1724280998151,list4,green,ColorStaircase,green,0
participant031,1724280998801,list4,green,ColorStaircase,green,5
participant031,1724281000518,list4,blue,ColorStaircase,blue,0
participant031,1724281001413,list4,green,ColorStaircase,green,5
participant031,1724281002106,list4,blue,ColorStaircase,blue,0
participant031,1724281002811,list4,blue,ColorStaircase,blue,5
participant031,1724281003459,list4,blue,ColorStaircase,blue,5
participant031,1724281004197,list4,green,ColorStaircase,green,10
participant031,1724281004824,list4,green,ColorStaircase,green,10
participant031,1724281005602,list4,blue,ColorStaircase,blue,10
participant031,1724281006297,list4,blue,ColorStaircase,blue,10
participant031,1724281007101,list4,green,ColorStaircase,green,15
participant031,1724281007779,list4,green,ColorStaircase,green,15
participant031,1724281008393,list4,green,ColorStaircase,green,20
participant031,1724281009360,list4,blue,ColorStaircase,blue,15
participant031,1724281010849,list4,green,ColorStaircase,green,20
participant031,1724281011666,list4,blue,ColorStaircase,blue,15
participant031,1724281012499,list4,blue,ColorStaircase,blue,20
participant031,1724281013428,list4,green,ColorStaircase,green,25
participant031,1724281014401,list4,green,ColorStaircase,blue,25
participant031,1724281015372,list4,green,ColorStaircase,green,21
participant031,1724281016315,list4,green,ColorStaircase,blue,21
participant031,1724281017649,list4,blue,ColorStaircase,blue,20
participant031,1724281018434,list4,green,ColorStaircase,green,18
participant031,1724281019150,list4,blue,ColorStaircase,green,25
participant031,1724281019875,list4,blue,ColorStaircase,green,21
participant031,1724281020654,list4,blue,ColorStaircase,green,17
participant031,1724281021742,list4,green,ColorStaircase,green,18
participant031,1724281023157,list4,green,ColorStaircase,green,19
participant031,1724281023946,list4,green,ColorStaircase,green,19
participant031,1724281024556,list4,green,ColorStaircase,green,20
participant031,1724281025210,list4,green,ColorStaircase,green,20
participant031,1724281026054,list4,green,ColorStaircase,green,21
participant031,1724281026709,list4,green,ColorStaircase,green,21
participant031,1724281027608,list4,blue,ColorStaircase,blue,13
participant031,1724281028439,list4,blue,ColorStaircase,blue,13
participant031,1724281029217,list4,blue,ColorStaircase,blue,15
participant031,1724281029978,list4,blue,ColorStaircase,blue,15
participant031,1724281030758,list4,blue,ColorStaircase,blue,17
participant031,1724281031536,list4,green,ColorStaircase,green,22
participant031,1724281032567,list4,blue,ColorStaircase,blue,17
participant031,1724281033225,list4,blue,ColorStaircase,green,19
participant031,1724281033907,list4,green,ColorStaircase,blue,22
participant031,1724281034798,list4,green,ColorStaircase,blue,22
participant031,1724281036212,list4,green,ColorStaircase,green,22
participant031,1724281038192,list4,blue,ColorStaircase,blue,18
participant031,1724281039139,list4,blue,ColorStaircase,blue,18
participant032,1724279980003,list4,blue,ColorStaircase,blue,0
participant032,1724279980700,list4,blue,ColorStaircase,blue,0
participant032,1724279981270,list4,green,ColorStaircase,green,0
participant032,1724279981859,list4,blue,ColorStaircase,blue,5
participant032,1724279982385,list4,green,ColorStaircase,green,0
participant032,1724279982960,list4,green,ColorStaircase,blue,5
participant032,1724279983715,list4,green,ColorStaircase,green,1
participant032,1724279984434,list4,green,ColorStaircase,green,1
participant032,1724279985176,list4,green,ColorStaircase,green,3
participant032,1724279985758,list4,green,ColorStaircase,green,3
participant032,1724279986317,list4,green,ColorStaircase,green,5
participant032,1724279986856,list4,green,ColorStaircase,green,5
participant032,1724279987365,list4,green,ColorStaircase,green,7
participant032,1724279988004,list4,blue,ColorStaircase,blue,5
participant032,1724279988743,list4,green,ColorStaircase,green,7
participant032,1724279989423,list4,blue,ColorStaircase,blue,10
participant032,1724279990102,list4,blue,ColorStaircase,blue,10
participant032,1724279990751,list4,green,ColorStaircase,green,9
participant032,1724279991525,list4,blue,ColorStaircase,blue,15
participant032,1724279992130,list4,green,ColorStaircase,green,9
participant032,1724279992780,list4,blue,ColorStaircase,blue,15
participant032,1724279993446,list4,green,ColorStaircase,green,11
participant032,1724279994252,list4,blue,ColorStaircase,blue,20
participant032,1724279994903,list4,green,ColorStaircase,green,11
participant032,1724279995556,list4,green,ColorStaircase,green,13
participant032,1724279996123,list4,green,ColorStaircase,green,13
participant032,1724279996668,list4,green,ColorStaircase,green,15
participant032,1724279997208,list4,green,ColorStaircase,green,15
participant032,1724279997756,list4,blue,ColorStaircase,green,20
participant032,1724279998376,list4,green,ColorStaircase,green,17
participant032,1724279998942,list4,green,ColorStaircase,green,17
participant032,1724279999517,list4,green,ColorStaircase,green,19
participant032,1724280000202,list4,blue,ColorStaircase,blue,16
participant032,1724280001028,list4,green,ColorStaircase,green,19
participant032,1724280001740,list4,blue,ColorStaircase,blue,16
participant032,1724280002431,list4,blue,ColorStaircase,blue,18
participant032,1724280003095,list4,blue,ColorStaircase,blue,18
participant032,1724280003773,list4,green,ColorStaircase,green,21
participant032,1724280004615,list4,blue,ColorStaircase,blue,20
participant032,1724280005335,list4,blue,ColorStaircase,blue,20
participant032,1724280006004,list4,blue,ColorStaircase,blue,22
participant032,1724280006611,list4,blue,ColorStaircase,blue,22
participant032,1724280007378,list4,green,ColorStaircase,green,21
participant032,1724280008009,list4,blue,ColorStaircase,green,24
participant032,1724280008754,list4,blue,ColorStaircase,blue,23
participant032,1724280009306,list4,blue,ColorStaircase,blue,23
participant032,1724280009857,list4,green,ColorStaircase,blue,23
participant032,1724280010978,list4,green,ColorStaircase,green,22
participant032,1724280011612,list4,green,ColorStaircase,green,22
participant033,1724255731895,list2,yellow,ColorStaircase,yellow,0
participant033,1724255735332,list2,orange,ColorStaircase,orange,0
participant033,1724255737173,list2,yellow,ColorStaircase,yellow,0
participant033,1724255738181,list2,orange,ColorStaircase,orange,0
participant033,1724255739133,list2,yellow,ColorStaircase,yellow,5
participant033,1724255740156,list2,yellow,ColorStaircase,yellow,5
participant033,1724255741037,list2,orange,ColorStaircase,orange,5
participant033,1724255741973,list2,orange,ColorStaircase,orange,5
participant033,1724255742845,list2,orange,ColorStaircase,orange,10
participant033,1724255743733,list2,yellow,ColorStaircase,yellow,10
participant033,1724255744621,list2,yellow,ColorStaircase,yellow,10
participant033,1724255745613,list2,yellow,ColorStaircase,yellow,15
participant033,1724255747421,list2,yellow,ColorStaircase,yellow,15
participant033,1724255748492,list2,orange,ColorStaircase,orange,10
participant033,1724255749332,list2,orange,ColorStaircase,orange,15
participant033,1724255750276,list2,orange,ColorStaircase,orange,15
participant033,1724255752148,list2,yellow,ColorStaircase,yellow,20
participant033,1724255753100,list2,orange,ColorStaircase,orange,20
participant033,1724255754236,list2,yellow,ColorStaircase,yellow,20
participant033,1724255755172,list2,orange,ColorStaircase,orange,20
participant033,1724255756244,list2,yellow,ColorStaircase,orange,25
participant033,1724255758173,list2,yellow,ColorStaircase,orange,21
participant033,1724255759221,list2,orange,ColorStaircase,orange,25
participant033,1724255760317,list2,orange,ColorStaircase,orange,25
participant033,1724255762765,list2,orange,ColorStaircase,yellow,30
participant033,1724255763734,list2,yellow,ColorStaircase,yellow,17
participant033,1724255764645,list2,orange,ColorStaircase,orange,26
participant033,1724255765662,list2,orange,ColorStaircase,orange,26
participant033,1724255767438,list2,orange,ColorStaircase,orange,28
participant033,1724255768510,list2,yellow,ColorStaircase,yellow,17
participant033,1724255770486,list2,yellow,ColorStaircase,orange,19
participant033,1724255771568,list2,orange,ColorStaircase,orange,28
participant033,1724255773086,list2,orange,ColorStaircase,orange,30
participant033,1724255774910,list2,yellow,ColorStaircase,orange,18
participant033,1724255778941,list2,yellow,ColorStaircase,orange,17
participant033,1724255780077,list2,orange,ColorStaircase,orange,30
participant033,1724255781597,list2,yellow,ColorStaircase,yellow,16
participant033,1724255782878,list2,yellow,ColorStaircase,orange,16
participant033,1724255783822,list2,orange,ColorStaircase,orange,32
participant033,1724255785374,list2,yellow,ColorStaircase,orange,16
participant033,1724255786294,list2,orange,ColorStaircase,orange,32
participant033,1724255787750,list2,yellow,ColorStaircase,orange,16
participant033,1724255788669,list2,yellow,ColorStaircase,orange,16
participant033,1724255792854,list2,orange,ColorStaircase,orange,34
participant033,1724255794630,list2,orange,ColorStaircase,orange,34
participant033,1724255795838,list2,yellow,ColorStaircase,orange,16
participant033,1724255798622,list2,yellow,ColorStaircase,yellow,16
participant033,1724255799566,list2,orange,ColorStaircase,yellow,36
participant033,1724255800342,list2,orange,ColorStaircase,yellow,35
participant033,1724255802262,list2,orange,ColorStaircase,yellow,34
participant033,1724255805734,list2,orange,ColorStaircase,orange,33
participant033,1724255807070,list2,orange,ColorStaircase,orange,33
participant035,1724261120097,list3,blue,ColorStaircase,blue,0
participant035,1724261120888,list3,green,ColorStaircase,green,0
participant035,1724261121687,list3,blue,ColorStaircase,blue,0
participant035,1724261122490,list3,green,ColorStaircase,green,0
participant035,1724261123317,list3,blue,ColorStaircase,blue,5
participant035,1724261124236,list3,green,ColorStaircase,green,5
participant035,1724261124985,list3,green,ColorStaircase,green,5
participant035,1724261125743,list3,blue,ColorStaircase,blue,5
participant035,1724261126529,list3,blue,ColorStaircase,blue,10
participant035,1724261127295,list3,green,ColorStaircase,green,10
participant035,1724261128089,list3,blue,ColorStaircase,blue,10
participant035,1724261129117,list3,blue,ColorStaircase,blue,15
participant035,1724261129943,list3,green,ColorStaircase,green,10
participant035,1724261130888,list3,blue,ColorStaircase,blue,15
participant035,1724261132153,list3,blue,ColorStaircase,blue,20
participant035,1724261133400,list3,blue,ColorStaircase,blue,20
participant035,1724261136830,list3,blue,ColorStaircase,green,25
participant035,1724261137632,list3,green,ColorStaircase,green,15
participant035,1724261138482,list3,blue,ColorStaircase,blue,21
participant035,1724261139347,list3,green,ColorStaircase,green,15
participant035,1724261140095,list3,green,ColorStaircase,green,20
participant035,1724261140882,list3,green,ColorStaircase,green,20
participant035,1724261141705,list3,blue,ColorStaircase,blue,21
participant035,1724261142918,list3,blue,ColorStaircase,green,23
participant035,1724261144037,list3,green,ColorStaircase,green,25
participant035,1724261145311,list3,green,ColorStaircase,green,25
participant035,1724261146204,list3,green,ColorStaircase,blue,30
participant035,1724261148211,list3,blue,ColorStaircase,green,22
participant035,1724261150334,list3,blue,ColorStaircase,blue,21
participant035,1724261153389,list3,blue,ColorStaircase,blue,21
participant035,1724261154391,list3,green,ColorStaircase,blue,26
participant035,1724261155412,list3,green,ColorStaircase,green,22
participant035,1724261156190,list3,green,ColorStaircase,green,22
participant035,1724261157043,list3,green,ColorStaircase,green,24
participant035,1724261157809,list3,green,ColorStaircase,green,24
participant035,1724261158931,list3,green,ColorStaircase,green,26
participant035,1724261159787,list3,green,ColorStaircase,green,26
participant035,1724261163822,list3,green,ColorStaircase,green,28
participant035,1724261165809,list3,green,ColorStaircase,blue,28
participant035,1724261167071,list3,green,ColorStaircase,blue,27
participant035,1724261167882,list3,green,ColorStaircase,green,26
participant035,1724261170620,list3,green,ColorStaircase,green,26
participant036,1724255872390,list2,yellow,ColorStaircase,yellow,0
participant036,1724255873316,list2,yellow,ColorStaircase,yellow,0
participant036,1724255874081,list2,orange,ColorStaircase,orange,0
participant036,1724255874864,list2,orange,ColorStaircase,orange,0
participant036,1724255875594,list2,yellow,ColorStaircase,yellow,5
participant036,1724255876529,list2,orange,ColorStaircase,orange,5
participant036,1724255877370,list2,yellow,ColorStaircase,yellow,5
participant036,1724255878459,list2,yellow,ColorStaircase,yellow,10
participant036,1724255879263,list2,yellow,ColorStaircase,yellow,10
participant036,1724255880067,list2,yellow,ColorStaircase,yellow,15
participant036,1724255880788,list2,orange,ColorStaircase,orange,5
participant036,1724255881743,list2,yellow,ColorStaircase,yellow,15
participant036,1724255882583,list2,orange,ColorStaircase,orange,10
participant036,1724255883457,list2,yellow,ColorStaircase,yellow,20
participant036,1724255884876,list2,yellow,ColorStaircase,yellow,20
participant036,1724255885650,list2,orange,ColorStaircase,orange,10
participant036,1724255886525,list2,orange,ColorStaircase,orange,15
participant036,1724255887404,list2,orange,ColorStaircase,orange,15
participant036,1724255888348,list2,yellow,ColorStaircase,yellow,25
participant036,1724255889191,list2,yellow,ColorStaircase,yellow,25
participant036,1724255889942,list2,yellow,ColorStaircase,yellow,30
participant036,1724255890757,list2,orange,ColorStaircase,yellow,20
participant036,1724255891760,list2,orange,ColorStaircase,orange,16
participant036,1724255892720,list2,yellow,ColorStaircase,orange,30
participant036,1724255893545,list2,yellow,ColorStaircase,orange,26
participant036,1724255894638,list2,yellow,ColorStaircase,yellow,22
participant036,1724255895845,list2,orange,ColorStaircase,orange,16
participant036,1724255896913,list2,orange,ColorStaircase,yellow,18
participant036,1724255900339,list2,orange,ColorStaircase,orange,17
participant036,1724255901217,list2,orange,ColorStaircase,orange,17
participant036,1724255902162,list2,yellow,ColorStaircase,yellow,22
participant036,1724255903362,list2,yellow,ColorStaircase,yellow,24
participant036,1724255904120,list2,yellow,ColorStaircase,yellow,24
participant036,1724255904810,list2,yellow,ColorStaircase,yellow,26
participant036,1724255905461,list2,yellow,ColorStaircase,yellow,26
participant036,1724255906108,list2,yellow,ColorStaircase,yellow,28
participant036,1724255906860,list2,yellow,ColorStaircase,yellow,28
participant036,1724255907615,list2,yellow,ColorStaircase,yellow,30
participant036,1724255908255,list2,yellow,ColorStaircase,yellow,30
participant036,1724255908834,list2,yellow,ColorStaircase,yellow,32
participant036,1724255909434,list2,yellow,ColorStaircase,yellow,32
participant036,1724255910033,list2,yellow,ColorStaircase,yellow,34
participant036,1724255910701,list2,yellow,ColorStaircase,yellow,34
participant036,1724255911381,list2,yellow,ColorStaircase,orange,36
participant036,1724255911942,list2,yellow,ColorStaircase,orange,35
participant036,1724255912613,list2,yellow,ColorStaircase,orange,34
participant036,1724255913311,list2,yellow,ColorStaircase,orange,33
participant036,1724255913989,list2,yellow,ColorStaircase,orange,32
participant036,1724255914709,list2,yellow,ColorStaircase,orange,31
participant036,1724255915604,list2,yellow,ColorStaircase,orange,30
participant036,1724255915913,list2,yellow,ColorStaircase,orange,29
participant036,1724255916164,list2,yellow,ColorStaircase,orange,28
participant036,1724255917339,list2,yellow,ColorStaircase,orange,27
participant036,1724255918382,list2,yellow,ColorStaircase,yellow,26
participant036,1724255920359,list2,yellow,ColorStaircase,yellow,26
participant037,1724257786309,list2,yellow,ColorStaircase,yellow,0
participant037,1724257787346,list2,yellow,ColorStaircase,yellow,0
participant037,1724257788080,list2,orange,ColorStaircase,orange,0
participant037,1724257789054,list2,yellow,ColorStaircase,yellow,5
participant037,1724257790526,list2,orange,ColorStaircase,orange,0
participant037,1724257791267,list2,orange,ColorStaircase,orange,5
participant037,1724257791891,list2,orange,ColorStaircase,orange,5
participant037,1724257792653,list2,yellow,ColorStaircase,yellow,5
participant037,1724257793387,list2,yellow,ColorStaircase,yellow,10
participant037,1724257794133,list2,orange,ColorStaircase,orange,10
participant037,1724257794979,list2,orange,ColorStaircase,orange,10
participant037,1724257795623,list2,orange,ColorStaircase,orange,15
participant037,1724257796198,list2,orange,ColorStaircase,orange,15
participant037,1724257796970,list2,yellow,ColorStaircase,yellow,10
participant037,1724257797686,list2,yellow,ColorStaircase,yellow,15
participant037,1724257798411,list2,orange,ColorStaircase,orange,20
participant037,1724257799532,list2,orange,ColorStaircase,orange,20
participant037,1724257800518,list2,orange,ColorStaircase,orange,25
participant037,1724257801202,list2,orange,ColorStaircase,orange,25
participant037,1724257801811,list2,yellow,ColorStaircase,orange,15
participant037,1724257802488,list2,yellow,ColorStaircase,yellow,11
participant037,1724257803142,list2,yellow,ColorStaircase,yellow,11
participant037,1724257803815,list2,orange,ColorStaircase,yellow,30
participant037,1724257804435,list2,orange,ColorStaircase,yellow,26
participant037,1724257805139,list2,orange,ColorStaircase,orange,22
participant037,1724257806073,list2,yellow,ColorStaircase,yellow,13
participant037,1724257807003,list2,yellow,ColorStaircase,yellow,13
participant037,1724257807716,list2,yellow,ColorStaircase,yellow,15
participant037,1724257808396,list2,yellow,ColorStaircase,yellow,15
participant037,1724257809001,list2,orange,ColorStaircase,yellow,22
participant037,1724257809589,list2,orange,ColorStaircase,orange,19
participant037,1724257810529,list2,yellow,ColorStaircase,yellow,17
participant037,1724257811377,list2,orange,ColorStaircase,orange,19
participant037,1724257811970,list2,orange,ColorStaircase,orange,20
participant037,1724257812567,list2,yellow,ColorStaircase,orange,17
participant037,1724257813146,list2,orange,ColorStaircase,yellow,20
participant037,1724257814204,list2,orange,ColorStaircase,orange,20
participant037,1724257815111,list2,yellow,ColorStaircase,yellow,16
participant037,1724257815929,list2,yellow,ColorStaircase,yellow,16
participant038,1724260535324,list3,green,ColorStaircase,green,0
participant038,1724260536292,list3,blue,ColorStaircase,blue,0
participant038,1724260537150,list3,green,ColorStaircase,green,0
participant038,1724260537944,list3,green,ColorStaircase,green,5
participant038,1724260538782,list3,blue,ColorStaircase,blue,0
participant038,1724260540035,list3,blue,ColorStaircase,blue,5
participant038,1724260541301,list3,blue,ColorStaircase,blue,5
participant038,1724260542079,list3,green,ColorStaircase,green,5
participant038,1724260543343,list3,green,ColorStaircase,green,10
participant038,1724260545872,list3,blue,ColorStaircase,blue,10
participant038,1724260546551,list3,blue,ColorStaircase,blue,10
participant038,1724260547583,list3,green,ColorStaircase,green,10
participant038,1724260548851,list3,blue,ColorStaircase,blue,15
participant038,1724260549726,list3,green,ColorStaircase,green,15
participant038,1724260550858,list3,blue,ColorStaircase,blue,15
participant038,1724260552181,list3,blue,ColorStaircase,blue,20
participant038,1724260552959,list3,blue,ColorStaircase,blue,20
participant038,1724260553832,list3,blue,ColorStaircase,blue,25
participant038,1724260554665,list3,green,ColorStaircase,green,15
participant038,1724260555537,list3,green,ColorStaircase,green,20
participant038,1724260556386,list3,green,ColorStaircase,green,20
participant038,1724260557315,list3,blue,ColorStaircase,green,25
participant038,1724260558189,list3,green,ColorStaircase,green,25
participant038,1724260559442,list3,blue,ColorStaircase,blue,21
participant038,1724260560615,list3,green,ColorStaircase,blue,25
participant038,1724260561414,list3,green,ColorStaircase,green,21
participant038,1724260563442,list3,blue,ColorStaircase,blue,21
participant038,1724260564410,list3,green,ColorStaircase,green,21
participant038,1724260566217,list3,green,ColorStaircase,green,23
participant038,1724260567033,list3,blue,ColorStaircase,green,23
participant038,1724260568443,list3,green,ColorStaircase,green,23
participant038,1724260569366,list3,blue,ColorStaircase,blue,22
participant038,1724260570974,list3,green,ColorStaircase,green,25
participant038,1724260572073,list3,blue,ColorStaircase,green,22
participant038,1724260573865,list3,green,ColorStaircase,blue,25
participant038,1724260575025,list3,green,ColorStaircase,blue,24
participant038,1724260575671,list3,blue,ColorStaircase,green,22
participant038,1724260576275,list3,green,ColorStaircase,blue,23
participant038,1724260577754,list3,blue,ColorStaircase,blue,22
participant038,1724260578647,list3,green,ColorStaircase,blue,22
participant038,1724260579527,list3,green,ColorStaircase,green,21
participant038,1724260581194,list3,green,ColorStaircase,green,21
participant040,1724280569119,list4,blue,ColorStaircase,blue,0
participant040,1724280569825,list4,blue,ColorStaircase,blue,0
participant040,1724280570426,list4,green,ColorStaircase,green,0
participant040,1724280571135,list4,blue,ColorStaircase,blue,5
participant040,1724280571761,list4,green,ColorStaircase,green,0
participant040,1724280572442,list4,green,ColorStaircase,green,5
participant040,1724280573046,list4,blue,ColorStaircase,blue,5
participant040,1724280573725,list4,green,ColorStaircase,green,5
participant040,1724280574354,list4,green,ColorStaircase,green,10
participant040,1724280575010,list4,blue,ColorStaircase,blue,10
participant040,1724280575664,list4,green,ColorStaircase,green,10
participant040,1724280576294,list4,blue,ColorStaircase,blue,10
participant040,1724280577050,list4,green,ColorStaircase,green,15
participant040,1724280577653,list4,green,ColorStaircase,green,15
participant040,1724280578256,list4,green,ColorStaircase,green,20
participant040,1724280578859,list4,green,ColorStaircase,green,20
participant040,1724280579464,list4,blue,ColorStaircase,blue,15
participant040,1724280580195,list4,green,ColorStaircase,green,25
participant040,1724280580825,list4,green,ColorStaircase,blue,25
participant040,1724280582203,list4,green,ColorStaircase,green,21
participant040,1724280582882,list4,green,ColorStaircase,green,21
participant040,1724280583744,list4,green,ColorStaircase,green,23
participant040,1724280584450,list4,green,ColorStaircase,green,23
participant040,1724280585880,list4,green,ColorStaircase,green,25
participant040,1724280586872,list4,blue,ColorStaircase,blue,15
participant040,1724280587680,list4,green,ColorStaircase,green,25
participant040,1724280589730,list4,green,ColorStaircase,green,27
participant040,1724280590514,list4,green,ColorStaircase,green,27
participant040,1724280591220,list4,blue,ColorStaircase,green,20
participant040,1724280591900,list4,green,ColorStaircase,green,29
participant040,1724280593409,list4,green,ColorStaircase,green,29
participant040,1724280594346,list4,green,ColorStaircase,green,31
participant040,1724280602137,list4,blue,ColorStaircase,blue,16
participant040,1724280603464,list4,green,ColorStaircase,blue,31
participant040,1724280604247,list4,blue,ColorStaircase,blue,16
participant040,1724280604928,list4,green,ColorStaircase,blue,30
participant040,1724280605557,list4,green,ColorStaircase,blue,29
participant040,1724280606263,list4,blue,ColorStaircase,blue,18
participant040,1724280606918,list4,blue,ColorStaircase,blue,18
participant040,1724280607675,list4,blue,ColorStaircase,blue,20
participant040,1724280608614,list4,blue,ColorStaircase,blue,20
participant040,1724280609320,list4,green,ColorStaircase,blue,28
participant040,1724280610001,list4,blue,ColorStaircase,blue,22
participant040,1724280610914,list4,blue,ColorStaircase,blue,22
participant040,1724280611698,list4,blue,ColorStaircase,blue,24
participant040,1724280612534,list4,green,ColorStaircase,blue,27
participant040,1724280613343,list4,green,ColorStaircase,blue,26
participant040,1724280613947,list4,blue,ColorStaircase,blue,24
participant040,1724280614782,list4,green,ColorStaircase,blue,25
participant040,1724280615514,list4,green,ColorStaircase,blue,24
participant040,1724280616220,list4,blue,ColorStaircase,blue,26
participant040,1724280616977,list4,green,ColorStaircase,blue,23
participant040,1724280618796,list4,blue,ColorStaircase,blue,26
participant040,1724280619528,list4,blue,ColorStaircase,blue,28
participant040,1724280622094,list4,green,ColorStaircase,blue,22
participant040,1724280622722,list4,green,ColorStaircase,blue,21
participant040,1724280623685,list4,green,ColorStaircase,green,20
participant040,1724280624626,list4,green,ColorStaircase,green,20
participant040,1724280625435,list4,blue,ColorStaircase,green,28
participant040,1724280626166,list4,blue,ColorStaircase,green,27
participant040,1724280627441,list4,blue,ColorStaircase,green,26
participant040,1724280628458,list4,blue,ColorStaircase,blue,25
participant040,1724280631001,list4,blue,ColorStaircase,blue,25
participant041,1724280246195,list4,blue,ColorStaircase,blue,0
participant041,1724280247364,list4,blue,ColorStaircase,blue,0
participant041,1724280248795,list4,green,ColorStaircase,green,0
participant041,1724280249692,list4,blue,ColorStaircase,blue,5
participant041,1724280250500,list4,blue,ColorStaircase,blue,5
participant041,1724280251188,list4,blue,ColorStaircase,blue,10
participant041,1724280251843,list4,green,ColorStaircase,green,0
participant041,1724280252503,list4,blue,ColorStaircase,blue,10
participant041,1724280253175,list4,green,ColorStaircase,green,5
participant041,1724280254000,list4,blue,ColorStaircase,blue,15
participant041,1724280255335,list4,blue,ColorStaircase,blue,15
participant041,1724280256168,list4,green,ColorStaircase,green,5
participant041,1724280258657,list4,blue,ColorStaircase,blue,20
participant041,1724280259686,list4,blue,ColorStaircase,blue,20
participant041,1724280260714,list4,green,ColorStaircase,green,10
participant041,1724280261583,list4,green,ColorStaircase,green,10
participant041,1724280262426,list4,blue,ColorStaircase,blue,25
participant041,1724280263425,list4,green,ColorStaircase,green,15
participant041,1724280264434,list4,green,ColorStaircase,green,15
participant041,1724280265187,list4,blue,ColorStaircase,blue,25
participant041,1724280266070,list4,blue,ColorStaircase,green,30
participant041,1724280267670,list4,blue,ColorStaircase,green,26
participant041,1724280269909,list4,blue,ColorStaircase,blue,22
participant041,1724280270707,list4,blue,ColorStaircase,blue,22
participant041,1724280271460,list4,green,ColorStaircase,green,20
participant041,1724280272184,list4,green,ColorStaircase,green,20
participant041,1724280272916,list4,blue,ColorStaircase,green,24
participant041,1724280273970,list4,green,ColorStaircase,green,25
participant041,1724280274732,list4,green,ColorStaircase,green,25
participant041,1724280275500,list4,blue,ColorStaircase,green,23
participant041,1724280276219,list4,blue,ColorStaircase,green,22
participant041,1724280277041,list4,blue,ColorStaircase,green,21
participant041,1724280278276,list4,green,ColorStaircase,green,30
participant041,1724280279966,list4,green,ColorStaircase,green,30
participant041,1724280280980,list4,blue,ColorStaircase,green,20
participant041,1724280281804,list4,green,ColorStaircase,blue,35
participant041,1724280282632,list4,blue,ColorStaircase,green,19
participant041,1724280283605,list4,blue,ColorStaircase,green,18
participant041,1724280284664,list4,blue,ColorStaircase,blue,17
participant041,1724280285729,list4,green,ColorStaircase,green,31
participant041,1724280286587,list4,blue,ColorStaircase,blue,17
participant041,1724280287525,list4,green,ColorStaircase,blue,31
participant041,1724280288309,list4,green,ColorStaircase,green,28
participant041,1724280289046,list4,green,ColorStaircase,green,28
participant041,1724280289729,list4,green,ColorStaircase,green,29
participant041,1724280290466,list4,green,ColorStaircase,green,29
participant041,1724280291179,list4,green,ColorStaircase,green,30
participant041,1724280292329,list4,green,ColorStaircase,green,30
participant041,1724280293794,list4,green,ColorStaircase,blue,31
participant041,1724280294697,list4,green,ColorStaircase,green,31
participant045,1724255914364,list2,orange,ColorStaircase,orange,0
participant045,1724255915748,list2,yellow,ColorStaircase,yellow,0
participant045,1724255916891,list2,orange,ColorStaircase,orange,0
participant045,1724255918051,list2,orange,ColorStaircase,orange,5
participant045,1724255919083,list2,orange,ColorStaircase,orange,5
participant045,1724255920356,list2,orange,ColorStaircase,orange,10
participant045,1724255921531,list2,orange,ColorStaircase,orange,10
participant045,1724255922460,list2,yellow,ColorStaircase,yellow,0
participant045,1724255923523,list2,yellow,ColorStaircase,yellow,5
participant045,1724255924475,list2,orange,ColorStaircase,orange,15
participant045,1724255925412,list2,orange,ColorStaircase,orange,15
participant045,1724255926411,list2,orange,ColorStaircase,orange,20
participant045,1724255929187,list2,orange,ColorStaircase,orange,20
participant045,1724255930115,list2,yellow,ColorStaircase,yellow,5
participant045,1724255933837,list2,orange,ColorStaircase,orange,25
participant045,1724255935163,list2,yellow,ColorStaircase,yellow,10
participant045,1724255936643,list2,orange,ColorStaircase,orange,25
participant045,1724255938092,list2,orange,ColorStaircase,orange,30
participant045,1724255940044,list2,orange,ColorStaircase,orange,30
participant045,1724255941755,list2,orange,ColorStaircase,orange,35
participant045,1724255944749,list2,yellow,ColorStaircase,orange,10
participant045,1724255945971,list2,orange,ColorStaircase,orange,35
participant045,1724255947555,list2,yellow,ColorStaircase,orange,6
participant045,1724255949139,list2,yellow,ColorStaircase,yellow,2
participant045,1724255950339,list2,yellow,ColorStaircase,yellow,2
participant045,1724255951451,list2,yellow,ColorStaircase,yellow,4
participant045,1724255952499,list2,yellow,ColorStaircase,yellow,4
participant045,1724255954028,list2,yellow,ColorStaircase,yellow,6
participant045,1724255955276,list2,orange,ColorStaircase,yellow,40
participant045,1724255956347,list2,yellow,ColorStaircase,yellow,6
participant045,1724255957387,list2,yellow,ColorStaircase,yellow,8
participant045,1724255958483,list2,yellow,ColorStaircase,yellow,8
participant045,1724255959995,list2,yellow,ColorStaircase,yellow,10
participant045,1724255961356,list2,orange,ColorStaircase,yellow,36
participant045,1724255962387,list2,orange,ColorStaircase,yellow,32
participant045,1724255963747,list2,yellow,ColorStaircase,yellow,10
participant045,1724255964860,list2,yellow,ColorStaircase,yellow,12
participant045,1724255966028,list2,orange,ColorStaircase,orange,28
participant045,1724255967019,list2,orange,ColorStaircase,orange,28
participant045,1724255967947,list2,orange,ColorStaircase,orange,30
participant045,1724255969123,list2,yellow,ColorStaircase,yellow,12
participant045,1724255972155,list2,yellow,ColorStaircase,orange,14
participant045,1724255973419,list2,orange,ColorStaircase,orange,30
participant045,1724255974459,list2,orange,ColorStaircase,orange,32
participant045,1724255975483,list2,orange,ColorStaircase,orange,32
participant045,1724255976668,list2,yellow,ColorStaircase,orange,13
participant045,1724255977771,list2,yellow,ColorStaircase,orange,12
participant045,1724255978803,list2,orange,ColorStaircase,orange,34
participant045,1724255980427,list2,orange,ColorStaircase,orange,34
participant045,1724255981668,list2,orange,ColorStaircase,orange,36
participant045,1724255982715,list2,orange,ColorStaircase,orange,36
participant045,1724255983875,list2,orange,ColorStaircase,yellow,38
participant045,1724255985275,list2,yellow,ColorStaircase,orange,11
participant045,1724255986901,list2,orange,ColorStaircase,orange,37
participant045,1724255987956,list2,orange,ColorStaircase,orange,37
participant045,1724255989133,list2,yellow,ColorStaircase,orange,10
participant045,1724255990259,list2,yellow,ColorStaircase,yellow,9
participant045,1724255991692,list2,yellow,ColorStaircase,orange,9
participant045,1724255992795,list2,yellow,ColorStaircase,orange,9
participant045,1724255993891,list2,yellow,ColorStaircase,orange,9
participant045,1724255995475,list2,yellow,ColorStaircase,yellow,9
participant046,1724280106953,list4,blue,ColorStaircase,blue,0
participant046,1724280108109,list4,blue,ColorStaircase,blue,0
participant046,1724280109133,list4,green,ColorStaircase,green,0
participant046,1724280110316,list4,blue,ColorStaircase,blue,5
participant046,1724280111525,list4,blue,ColorStaircase,blue,5
participant046,1724280112524,list4,green,ColorStaircase,green,0
participant046,1724280113547,list4,blue,ColorStaircase,blue,10
participant046,1724280114493,list4,green,ColorStaircase,green,5
participant046,1724280115876,list4,blue,ColorStaircase,blue,10
participant046,1724280116925,list4,green,ColorStaircase,green,5
participant046,1724280117797,list4,blue,ColorStaircase,blue,15
participant046,1724280118608,list4,green,ColorStaircase,green,10
participant046,1724280119379,list4,green,ColorStaircase,green,10
participant046,1724280120347,list4,blue,ColorStaircase,blue,15
participant046,1724280121333,list4,blue,ColorStaircase,blue,20
participant046,1724280122239,list4,blue,ColorStaircase,blue,20
participant046,1724280123324,list4,green,ColorStaircase,green,15
participant046,1724280124324,list4,green,ColorStaircase,green,15
participant046,1724280125053,list4,blue,ColorStaircase,green,25
participant046,1724280125966,list4,blue,ColorStaircase,green,21
participant046,1724280126952,list4,green,ColorStaircase,green,20
participant046,1724280128683,list4,blue,ColorStaircase,blue,17
participant046,1724280129651,list4,blue,ColorStaircase,blue,17
participant046,1724280130909,list4,blue,ColorStaircase,blue,19
participant046,1724280132154,list4,green,ColorStaircase,blue,20
participant046,1724280132934,list4,blue,ColorStaircase,blue,19
participant046,1724280133821,list4,blue,ColorStaircase,blue,21
participant046,1724280134492,list4,blue,ColorStaircase,blue,21
participant046,1724280136063,list4,blue,ColorStaircase,blue,23
participant046,1724280137574,list4,blue,ColorStaircase,blue,23
participant046,1724280138557,list4,green,ColorStaircase,green,16
participant046,1724280139558,list4,blue,ColorStaircase,green,25
participant046,1724280140506,list4,blue,ColorStaircase,green,24
participant046,1724280141501,list4,green,ColorStaircase,green,16
participant046,1724280142240,list4,green,ColorStaircase,green,18
participant046,1724280143487,list4,green,ColorStaircase,green,18
participant046,1724280144431,list4,blue,ColorStaircase,green,23
participant046,1724280146363,list4,blue,ColorStaircase,green,22
participant046,1724280147488,list4,green,ColorStaircase,green,20
participant046,1724280148417,list4,green,ColorStaircase,green,20
participant046,1724280149575,list4,blue,ColorStaircase,blue,21
participant046,1724280150938,list4,green,ColorStaircase,green,22
participant046,1724280151790,list4,green,ColorStaircase,green,22
participant046,1724280152973,list4,blue,ColorStaircase,blue,21
participant046,1724280153968,list4,green,ColorStaircase,green,24
participant046,1724280154905,list4,green,ColorStaircase,green,24
participant046,1724280156020,list4,green,ColorStaircase,blue,26
participant046,1724280156908,list4,green,ColorStaircase,green,25
participant046,1724280157846,list4,green,ColorStaircase,green,25
participant050,1724255708813,list2,yellow,ColorStaircase,yellow,0
participant050,1724255709792,list2,yellow,ColorStaircase,yellow,0
participant050,1724255711266,list2,yellow,ColorStaircase,yellow,5
participant050,1724255712019,list2,orange,ColorStaircase,orange,0
participant050,1724255713043,list2,orange,ColorStaircase,orange,0
participant050,1724255713954,list2,yellow,ColorStaircase,yellow,5
participant050,1724255714742,list2,orange,ColorStaircase,orange,5
participant050,1724255717049,list2,orange,ColorStaircase,orange,5
participant050,1724255717948,list2,orange,ColorStaircase,orange,10
participant050,1724255718837,list2,yellow,ColorStaircase,yellow,10
participant050,1724255719725,list2,yellow,ColorStaircase,yellow,10
participant050,1724255720851,list2,yellow,ColorStaircase,yellow,15
participant050,1724255721627,list2,yellow,ColorStaircase,yellow,15
participant050,1724255722943,list2,yellow,ColorStaircase,yellow,20
participant050,1724255723820,list2,yellow,ColorStaircase,yellow,20
participant050,1724255724844,list2,orange,ColorStaircase,orange,10
participant050,1724255725812,list2,orange,ColorStaircase,orange,15
participant050,1724255728107,list2,yellow,ColorStaircase,orange,25
participant050,1724255728928,list2,orange,ColorStaircase,orange,15
participant050,1724255730109,list2,orange,ColorStaircase,orange,20
participant050,1724255731302,list2,yellow,ColorStaircase,orange,21
participant050,1724255733878,list2,yellow,ColorStaircase,yellow,17
participant050,1724255734699,list2,yellow,ColorStaircase,yellow,17
participant050,1724255735892,list2,orange,ColorStaircase,orange,20
participant050,1724255740403,list2,orange,ColorStaircase,orange,25
participant050,1724255741225,list2,yellow,ColorStaircase,yellow,19
participant050,1724255742642,list2,yellow,ColorStaircase,yellow,19
participant050,1724255743463,list2,yellow,ColorStaircase,yellow,21
participant050,1724255744543,list2,yellow,ColorStaircase,yellow,21
participant050,1724255745567,list2,orange,ColorStaircase,orange,25
participant050,1724255746613,list2,orange,ColorStaircase,yellow,30
participant050,1724255751428,list2,yellow,ColorStaircase,yellow,23
participant050,1724255752587,list2,orange,ColorStaircase,yellow,26
participant050,1724255753701,list2,yellow,ColorStaircase,yellow,23
participant050,1724255754803,list2,orange,ColorStaircase,orange,22
participant050,1724255756806,list2,yellow,ColorStaircase,yellow,25
participant050,1724255757492,list2,orange,ColorStaircase,orange,22
participant050,1724255758426,list2,orange,ColorStaircase,orange,24
participant050,1724255760034,list2,orange,ColorStaircase,orange,24
participant050,1724255761768,list2,orange,ColorStaircase,orange,26
participant050,1724255762723,list2,orange,ColorStaircase,orange,26
participant050,1724255763736,list2,orange,ColorStaircase,yellow,28
participant050,1724255766841,list2,yellow,ColorStaircase,orange,25
participant050,1724255767909,list2,orange,ColorStaircase,orange,27
participant050,1724255768866,list2,yellow,ColorStaircase,orange,24
participant050,1724255770216,list2,yellow,ColorStaircase,orange,23
participant050,1724255773501,list2,yellow,ColorStaircase,orange,22
participant050,1724255774412,list2,orange,ColorStaircase,yellow,27
participant050,1724255775335,list2,yellow,ColorStaircase,orange,21
participant050,1724255777855,list2,orange,ColorStaircase,orange,27
participant050,1724255779249,list2,yellow,ColorStaircase,yellow,20
participant050,1724255780172,list2,yellow,ColorStaircase,yellow,20
participant051,1724280597044,list4,blue,ColorStaircase,blue,0
participant051,1724280597889,list4,blue,ColorStaircase,blue,0
participant051,1724280599188,list4,blue,ColorStaircase,blue,5
participant051,1724280600616,list4,green,ColorStaircase,green,0
participant051,1724280602119,list4,blue,ColorStaircase,blue,5
participant051,1724280603134,list4,blue,ColorStaircase,blue,10
participant051,1724280603917,list4,blue,ColorStaircase,blue,10
participant051,1724280609460,list4,blue,ColorStaircase,green,15
participant051,1724280610438,list4,green,ColorStaircase,green,0
participant051,1724280611983,list4,blue,ColorStaircase,blue,11
participant051,1724280613756,list4,green,ColorStaircase,green,5
participant051,1724280615032,list4,blue,ColorStaircase,blue,11
participant051,1724280616283,list4,green,ColorStaircase,green,5
participant051,1724280617535,list4,blue,ColorStaircase,blue,13
participant051,1724280618874,list4,green,ColorStaircase,green,10
participant051,1724280620186,list4,blue,ColorStaircase,blue,13
participant051,1724280621760,list4,blue,ColorStaircase,blue,15
participant051,1724280623132,list4,blue,ColorStaircase,blue,15
participant051,1724280626937,list4,blue,ColorStaircase,blue,17
participant051,1724280631200,list4,blue,ColorStaircase,blue,17
participant051,1724280633275,list4,green,ColorStaircase,green,10
participant051,1724280634586,list4,blue,ColorStaircase,blue,19
participant051,1724280635989,list4,blue,ColorStaircase,blue,19
participant051,1724280637143,list4,green,ColorStaircase,green,15
participant051,1724280638844,list4,blue,ColorStaircase,blue,21
participant051,1724280640041,list4,green,ColorStaircase,green,15
participant051,1724280641856,list4,green,ColorStaircase,green,20
participant051,1724280644572,list4,blue,ColorStaircase,blue,21
participant051,1724280645811,list4,green,ColorStaircase,green,20
participant051,1724280646895,list4,blue,ColorStaircase,green,23
participant051,1724280649751,list4,green,ColorStaircase,green,25
participant051,1724280651626,list4,blue,ColorStaircase,green,22
participant051,1724280653497,list4,blue,ColorStaircase,green,21
participant051,1724280655454,list4,blue,ColorStaircase,blue,20
participant051,1724280657084,list4,blue,ColorStaircase,green,20
participant051,1724280658572,list4,green,ColorStaircase,green,25
participant051,1724280659983,list4,blue,ColorStaircase,blue,20
participant051,1724280661555,list4,green,ColorStaircase,blue,30
participant051,1724280663021,list4,green,ColorStaircase,green,26
participant051,1724280664301,list4,green,ColorStaircase,green,26
participant051,1724280665660,list4,green,ColorStaircase,green,28
participant051,1724280666940,list4,green,ColorStaircase,green,28
participant051,1724280668653,list4,green,ColorStaircase,blue,30
participant051,1724280670156,list4,green,ColorStaircase,blue,29
participant051,1724280672486,list4,green,ColorStaircase,blue,28
participant051,1724280673949,list4,green,ColorStaircase,blue,27
participant051,1724280676552,list4,green,ColorStaircase,green,26
participant051,1724280677949,list4,green,ColorStaircase,green,26
participant052,1724260383221,list3,blue,ColorStaircase,blue,0
participant052,1724260384067,list3,blue,ColorStaircase,blue,0
participant052,1724260384832,list3,green,ColorStaircase,green,0
participant052,1724260385494,list3,green,ColorStaircase,green,0
participant052,1724260386152,list3,green,ColorStaircase,green,5
participant052,1724260386825,list3,blue,ColorStaircase,blue,5
participant052,1724260387684,list3,green,ColorStaircase,green,5
participant052,1724260388373,list3,blue,ColorStaircase,blue,5
participant052,1724260389085,list3,blue,ColorStaircase,blue,10
participant052,1724260389823,list3,blue,ColorStaircase,blue,10
participant052,1724260390612,list3,blue,ColorStaircase,blue,15
participant052,1724260391366,list3,green,ColorStaircase,green,10
participant052,1724260392176,list3,green,ColorStaircase,green,10
participant052,1724260392973,list3,blue,ColorStaircase,blue,15
participant052,1724260393857,list3,blue,ColorStaircase,blue,20
participant052,1724260394688,list3,blue,ColorStaircase,blue,20
participant052,1724260395751,list3,green,ColorStaircase,green,15
participant052,1724260396620,list3,blue,ColorStaircase,blue,25
participant052,1724260398243,list3,blue,ColorStaircase,green,25
participant052,1724260399048,list3,blue,ColorStaircase,green,21
participant052,1724260399746,list3,blue,ColorStaircase,green,17
participant052,1724260400558,list3,green,ColorStaircase,green,15
participant052,1724260401385,list3,blue,ColorStaircase,blue,13
participant052,1724260402472,list3,green,ColorStaircase,green,20
participant052,1724260403214,list3,green,ColorStaircase,green,20
participant052,1724260403930,list3,green,ColorStaircase,green,25
participant052,1724260404788,list3,blue,ColorStaircase,blue,13
participant052,1724260405817,list3,blue,ColorStaircase,blue,15
participant052,1724260406563,list3,blue,ColorStaircase,blue,15
participant052,1724260407337,list3,blue,ColorStaircase,blue,17
participant052,1724260408046,list3,blue,ColorStaircase,blue,17
participant052,1724260409678,list3,green,ColorStaircase,green,25
participant052,1724260410442,list3,green,ColorStaircase,green,30
participant052,1724260411181,list3,blue,ColorStaircase,green,19
participant052,1724260411890,list3,blue,ColorStaircase,green,18
participant052,1724260412835,list3,green,ColorStaircase,green,30
participant052,1724260414388,list3,green,ColorStaircase,green,35
participant052,1724260415218,list3,blue,ColorStaircase,blue,17
participant052,1724260415885,list3,blue,ColorStaircase,blue,17
participant052,1724260416573,list3,green,ColorStaircase,blue,35
participant052,1724260417137,list3,green,ColorStaircase,blue,31
participant052,1724260418241,list3,green,ColorStaircase,blue,27
participant052,1724260418918,list3,green,ColorStaircase,blue,23
participant052,1724260419861,list3,green,ColorStaircase,green,19
participant052,1724260420729,list3,green,ColorStaircase,green,19
participant052,1724260422229,list3,green,ColorStaircase,green,21
participant052,1724260423080,list3,green,ColorStaircase,green,21
participant052,1724260423914,list3,green,ColorStaircase,green,23
participant052,1724260424692,list3,green,ColorStaircase,green,23
participant052,1724260425366,list3,green,ColorStaircase,green,25
participant052,1724260426045,list3,green,ColorStaircase,green,25
participant052,1724260426873,list3,green,ColorStaircase,green,27
participant052,1724260427633,list3,green,ColorStaircase,green,27
participant052,1724260428325,list3,green,ColorStaircase,green,29
participant052,1724260429003,list3,green,ColorStaircase,blue,29
participant052,1724260429763,list3,green,ColorStaircase,blue,28
participant052,1724260430486,list3,green,ColorStaircase,green,27
participant052,1724260430974,list3,green,ColorStaircase,green,27
participant053,1724280454849,list4,green,ColorStaircase,blue,0
participant053,1724280455577,list4,blue,ColorStaircase,green,0
participant053,1724280457203,list4,green,ColorStaircase,green,0
participant053,1724280457849,list4,green,ColorStaircase,green,0
participant053,1724280458505,list4,blue,ColorStaircase,blue,0
participant053,1724280459529,list4,blue,ColorStaircase,blue,0
participant053,1724280460177,list4,green,ColorStaircase,green,3
participant053,1724280460809,list4,blue,ColorStaircase,blue,3
participant053,1724280461425,list4,blue,ColorStaircase,blue,3
participant053,1724280461937,list4,blue,ColorStaircase,blue,6
participant053,1724280462473,list4,blue,ColorStaircase,blue,6
participant053,1724280463097,list4,green,ColorStaircase,green,3
participant053,1724280463609,list4,green,ColorStaircase,green,6
participant053,1724280464097,list4,green,ColorStaircase,green,6
participant053,1724280464601,list4,green,ColorStaircase,green,9
participant053,1724280465097,list4,green,ColorStaircase,green,9
participant053,1724280465609,list4,green,ColorStaircase,green,12
participant053,1724280466129,list4,green,ColorStaircase,green,12
participant053,1724280466689,list4,green,ColorStaircase,green,15
participant053,1724280467315,list4,blue,ColorStaircase,blue,9
participant053,1724280468097,list4,green,ColorStaircase,green,15
participant053,1724280469097,list4,green,ColorStaircase,green,18
participant053,1724280470113,list4,green,ColorStaircase,green,18
participant053,1724280470897,list4,green,ColorStaircase,green,21
participant053,1724280471497,list4,blue,ColorStaircase,blue,9
participant053,1724280472009,list4,blue,ColorStaircase,blue,12
participant053,1724280472929,list4,green,ColorStaircase,green,21
participant053,1724280473705,list4,blue,ColorStaircase,blue,12
participant053,1724280474417,list4,green,ColorStaircase,green,24
participant053,1724280475025,list4,green,ColorStaircase,green,24
participant053,1724280475697,list4,blue,ColorStaircase,blue,15
participant053,1724280476361,list4,blue,ColorStaircase,blue,15
participant053,1724280476953,list4,blue,ColorStaircase,blue,18
participant053,1724280477547,list4,green,ColorStaircase,blue,27
participant053,1724280478241,list4,blue,ColorStaircase,blue,18
participant053,1724280478905,list4,green,ColorStaircase,blue,25
participant053,1724280479649,list4,blue,ColorStaircase,green,21
participant053,1724280480457,list4,blue,ColorStaircase,blue,19
participant053,1724280481536,list4,blue,ColorStaircase,green,19
participant053,1724280482360,list4,green,ColorStaircase,green,23
participant053,1724280482992,list4,green,ColorStaircase,green,23
participant053,1724280483688,list4,green,ColorStaircase,green,23
participant053,1724280484240,list4,blue,ColorStaircase,blue,18
participant053,1724280484760,list4,blue,ColorStaircase,blue,18
participant054,1724280102658,list4,blue,ColorStaircase,blue,0
participant054,1724280103633,list4,blue,ColorStaircase,blue,0
participant054,1724280104596,list4,blue,ColorStaircase,blue,5
participant054,1724280105653,list4,blue,ColorStaircase,blue,5
participant054,1724280107321,list4,blue,ColorStaircase,blue,10
participant054,1724280107991,list4,blue,ColorStaircase,blue,10
participant054,1724280108751,list4,green,ColorStaircase,green,0
participant054,1724280109397,list4,green,ColorStaircase,green,0
participant054,1724280110063,list4,green,ColorStaircase,green,5
participant054,1724280110783,list4,blue,ColorStaircase,blue,15
participant054,1724280111543,list4,green,ColorStaircase,green,5
participant054,1724280112505,list4,green,ColorStaircase,green,10
participant054,1724280113371,list4,blue,ColorStaircase,blue,15
participant054,1724280114285,list4,blue,ColorStaircase,blue,20
participant054,1724280115167,list4,blue,ColorStaircase,blue,20
participant054,1724280116727,list4,blue,ColorStaircase,blue,25
participant054,1724280118231,list4,blue,ColorStaircase,blue,25
participant054,1724280119260,list4,blue,ColorStaircase,green,30
participant054,1724280120074,list4,green,ColorStaircase,green,10
participant054,1724280121281,list4,blue,ColorStaircase,blue,26
participant054,1724280122035,list4,blue,ColorStaircase,blue,26
participant054,1724280122807,list4,green,ColorStaircase,green,15
participant054,1724280123724,list4,blue,ColorStaircase,blue,28
participant054,1724280124491,list4,green,ColorStaircase,green,15
participant054,1724280125359,list4,blue,ColorStaircase,blue,28
participant054,1724280126365,list4,blue,ColorStaircase,blue,30
participant054,1724280127227,list4,green,ColorStaircase,blue,20
participant054,1724280128189,list4,blue,ColorStaircase,blue,30
participant054,1724280128939,list4,green,ColorStaircase,green,16
participant054,1724280129800,list4,blue,ColorStaircase,green,32
participant054,1724280130770,list4,green,ColorStaircase,green,16
participant054,1724280132678,list4,green,ColorStaircase,green,18
participant054,1724280133367,list4,blue,ColorStaircase,green,31
participant054,1724280134211,list4,blue,ColorStaircase,green,30
participant054,1724280135154,list4,blue,ColorStaircase,green,29
participant054,1724280136020,list4,blue,ColorStaircase,blue,28
participant054,1724280136917,list4,blue,ColorStaircase,green,28
participant054,1724280137732,list4,green,ColorStaircase,green,18
participant054,1724280138598,list4,green,ColorStaircase,green,20
participant054,1724280139888,list4,blue,ColorStaircase,green,28
participant054,1724280140797,list4,blue,ColorStaircase,green,28
participant054,1724280141577,list4,blue,ColorStaircase,blue,28
participant054,1724280142139,list4,green,ColorStaircase,blue,20
participant054,1724280142960,list4,green,ColorStaircase,green,19
participant054,1724280143738,list4,green,ColorStaircase,green,19
participant055,1724244862884,list1,yellow,ColorStaircase,yellow,0
participant055,1724244864297,list1,yellow,ColorStaircase,yellow,0
participant055,1724244865224,list1,yellow,ColorStaircase,yellow,5
participant055,1724244866027,list1,orange,ColorStaircase,orange,0
participant055,1724244866911,list1,yellow,ColorStaircase,yellow,5
participant055,1724244867689,list1,yellow,ColorStaircase,yellow,10
participant055,1724244868552,list1,yellow,ColorStaircase,yellow,10
participant055,1724244870688,list1,yellow,ColorStaircase,yellow,15
participant055,1724244872140,list1,yellow,ColorStaircase,orange,15
participant055,1724244873034,list1,orange,ColorStaircase,orange,0
participant055,1724244874526,list1,yellow,ColorStaircase,yellow,11
participant055,1724244875379,list1,yellow,ColorStaircase,yellow,11
participant055,1724244876427,list1,yellow,ColorStaircase,yellow,13
participant055,1724244877230,list1,orange,ColorStaircase,orange,5
participant055,1724244878448,list1,yellow,ColorStaircase,yellow,13
participant055,1724244879262,list1,yellow,ColorStaircase,yellow,15
participant055,1724244880134,list1,yellow,ColorStaircase,yellow,15
participant055,1724244880898,list1,orange,ColorStaircase,orange,5
participant055,1724244881716,list1,orange,ColorStaircase,orange,10
participant055,1724244882769,list1,yellow,ColorStaircase,yellow,17
participant055,1724244883567,list1,orange,ColorStaircase,orange,10
participant055,1724244884531,list1,yellow,ColorStaircase,yellow,17
participant055,1724244885778,list1,orange,ColorStaircase,orange,15
participant055,1724244886611,list1,yellow,ColorStaircase,yellow,19
participant055,1724244887539,list1,orange,ColorStaircase,orange,15
participant055,1724244888224,list1,orange,ColorStaircase,orange,20
participant055,1724244889401,list1,yellow,ColorStaircase,yellow,19
participant055,1724244890285,list1,yellow,ColorStaircase,yellow,21
participant055,1724244891661,list1,yellow,ColorStaircase,yellow,21
participant055,1724244892440,list1,yellow,ColorStaircase,orange,23
participant055,1724244893323,list1,yellow,ColorStaircase,orange,22
participant055,1724244894326,list1,yellow,ColorStaircase,orange,21
participant055,1724244895345,list1,orange,ColorStaircase,orange,20
participant055,1724244896442,list1,yellow,ColorStaircase,orange,20
participant055,1724244897395,list1,orange,ColorStaircase,orange,25
participant055,1724244898712,list1,yellow,ColorStaircase,yellow,19
participant055,1724244899615,list1,yellow,ColorStaircase,yellow,19
participant055,1724244900465,list1,orange,ColorStaircase,orange,25
participant055,1724244901172,list1,orange,ColorStaircase,orange,30
participant055,1724244902325,list1,orange,ColorStaircase,orange,30
participant055,1724244903967,list1,orange,ColorStaircase,yellow,35
participant055,1724244906043,list1,orange,ColorStaircase,orange,31
participant055,1724244907081,list1,orange,ColorStaircase,orange,31
participant055,1724244908678,list1,orange,ColorStaircase,orange,33
participant055,1724244909696,list1,orange,ColorStaircase,yellow,33
participant055,1724244910419,list1,orange,ColorStaircase,yellow,32
participant055,1724244912730,list1,orange,ColorStaircase,orange,31
participant055,1724244913673,list1,orange,ColorStaircase,orange,31
participant057,1724260292289,list3,blue,ColorStaircase,blue,0
participant057,1724260293354,list3,blue,ColorStaircase,blue,0
participant057,1724260294161,list3,green,ColorStaircase,green,0
participant057,1724260294961,list3,blue,ColorStaircase,blue,5
participant057,1724260295634,list3,blue,ColorStaircase,blue,5
participant057,1724260296308,list3,green,ColorStaircase,green,0
participant057,1724260297018,list3,blue,ColorStaircase,blue,10
participant057,1724260297907,list3,green,ColorStaircase,green,5
participant057,1724260298728,list3,blue,ColorStaircase,blue,10
participant057,1724260299582,list3,green,ColorStaircase,green,5
participant057,1724260300431,list3,blue,ColorStaircase,blue,15
participant057,1724260301202,list3,blue,ColorStaircase,blue,15
participant057,1724260301987,list3,blue,ColorStaircase,green,20
participant057,1724260302980,list3,green,ColorStaircase,green,10
participant057,1724260303710,list3,blue,ColorStaircase,blue,16
participant057,1724260304388,list3,blue,ColorStaircase,blue,16
participant057,1724260305051,list3,green,ColorStaircase,green,10
participant057,1724260306785,list3,blue,ColorStaircase,blue,18
participant057,1724260308044,list3,green,ColorStaircase,green,15
participant057,1724260308978,list3,blue,ColorStaircase,blue,18
participant057,1724260309795,list3,green,ColorStaircase,green,15
participant057,1724260310647,list3,green,ColorStaircase,green,20
participant057,1724260311860,list3,blue,ColorStaircase,blue,20
participant057,1724260312856,list3,green,ColorStaircase,green,20
participant057,1724260314090,list3,green,ColorStaircase,green,25
participant057,1724260315276,list3,blue,ColorStaircase,blue,20
participant057,1724260316483,list3,green,ColorStaircase,green,25
participant057,1724260317236,list3,green,ColorStaircase,blue,30
participant057,1724260318003,list3,green,ColorStaircase,green,26
participant057,1724260318884,list3,blue,ColorStaircase,green,22
participant057,1724260319642,list3,green,ColorStaircase,green,26
participant057,1724260321164,list3,green,ColorStaircase,blue,28
participant057,1724260322191,list3,green,ColorStaircase,green,27
participant057,1724260323524,list3,green,ColorStaircase,green,27
participant057,1724260324864,list3,blue,ColorStaircase,blue,21
participant057,1724260326110,list3,blue,ColorStaircase,blue,21
participant058,1724255755969,list2,yellow,ColorStaircase,orange,0
participant058,1724255756915,list2,orange,ColorStaircase,orange,0
participant058,1724255757612,list2,orange,ColorStaircase,orange,0
participant058,1724255758265,list2,orange,ColorStaircase,orange,5
participant058,1724255758917,list2,orange,ColorStaircase,orange,5
participant058,1724255760019,list2,orange,ColorStaircase,orange,10
participant058,1724255760695,list2,yellow,ColorStaircase,yellow,0
participant058,1724255761415,list2,orange,ColorStaircase,orange,10
participant058,1724255762157,list2,orange,ColorStaircase,orange,15
participant058,1724255762877,list2,yellow,ColorStaircase,yellow,0
participant058,1724255763530,list2,yellow,ColorStaircase,yellow,3
participant058,1724255764159,list2,orange,ColorStaircase,orange,15
participant058,1724255764902,list2,yellow,ColorStaircase,yellow,3
participant058,1724255765622,list2,orange,ColorStaircase,orange,20
participant058,1724255766253,list2,orange,ColorStaircase,orange,20
participant058,1724255766950,list2,yellow,ColorStaircase,yellow,6
participant058,1724255767669,list2,yellow,ColorStaircase,yellow,6
participant058,1724255768457,list2,orange,ColorStaircase,orange,25
participant058,1724255769289,list2,yellow,ColorStaircase,yellow,9
participant058,1724255770009,list2,yellow,ColorStaircase,yellow,9
participant058,1724255770752,list2,orange,ColorStaircase,orange,25
participant058,1724255771764,list2,orange,ColorStaircase,orange,30
participant058,1724255772507,list2,orange,ColorStaircase,orange,30
participant058,1724255774983,list2,orange,ColorStaircase,orange,35
participant058,1724255775883,list2,orange,ColorStaircase,orange,35
participant058,1724255776602,list2,yellow,ColorStaircase,orange,12
participant058,1724255777345,list2,orange,ColorStaircase,orange,40
participant058,1724255779123,list2,orange,ColorStaircase,yellow,40
participant058,1724255779820,list2,yellow,ColorStaircase,yellow,10
participant058,1724255780427,list2,orange,ColorStaircase,yellow,36
participant058,1724255781058,list2,yellow,ColorStaircase,yellow,10
participant058,1724255781664,list2,yellow,ColorStaircase,yellow,10
participant058,1724255782273,list2,orange,ColorStaircase,yellow,32
participant058,1724255782970,list2,orange,ColorStaircase,orange,28
participant058,1724255783623,list2,orange,ColorStaircase,orange,28
participant058,1724255784365,list2,orange,ColorStaircase,orange,30
participant058,1724255785062,list2,orange,ColorStaircase,orange,30
participant058,1724255785805,list2,orange,ColorStaircase,orange,32
participant058,1724255786480,list2,orange,ColorStaircase,orange,32
participant058,1724255787132,list2,orange,ColorStaircase,orange,34
participant058,1724255787785,list2,orange,ColorStaircase,orange,34
participant058,1724255788348,list2,orange,ColorStaircase,orange,36
participant058,1724255788978,list2,orange,ColorStaircase,orange,36
participant058,1724255789586,list2,orange,ColorStaircase,orange,38
participant058,1724255790485,list2,orange,ColorStaircase,yellow,38
participant058,1724255791318,list2,orange,ColorStaircase,yellow,37
participant058,1724255791970,list2,orange,ColorStaircase,yellow,36
participant058,1724255792623,list2,orange,ColorStaircase,yellow,35
participant058,1724255793276,list2,orange,ColorStaircase,yellow,34
participant058,1724255793906,list2,orange,ColorStaircase,yellow,33
participant058,1724255794603,list2,orange,ColorStaircase,orange,32
participant058,1724255795211,list2,orange,ColorStaircase,orange,32
participant059,1724255968934,list2,orange,ColorStaircase,orange,0
participant059,1724255969700,list2,yellow,ColorStaircase,yellow,0
participant059,1724255970516,list2,orange,ColorStaircase,orange,0
participant059,1724255971228,list2,yellow,ColorStaircase,yellow,0
participant059,1724255971908,list2,yellow,ColorStaircase,yellow,5
participant059,1724255972556,list2,orange,ColorStaircase,orange,5
participant059,1724255973244,list2,orange,ColorStaircase,orange,5
participant059,1724255973900,list2,orange,ColorStaircase,orange,10
participant059,1724255974565,list2,yellow,ColorStaircase,yellow,5
participant059,1724255975173,list2,yellow,ColorStaircase,yellow,10
participant059,1724255975797,list2,yellow,ColorStaircase,yellow,10
participant059,1724255976356,list2,yellow,ColorStaircase,yellow,15
participant059,1724255976960,list2,yellow,ColorStaircase,yellow,15
participant059,1724255977668,list2,yellow,ColorStaircase,orange,20
participant059,1724255979252,list2,yellow,ColorStaircase,orange,16
participant059,1724255980120,list2,orange,ColorStaircase,orange,10
participant059,1724255981049,list2,yellow,ColorStaircase,yellow,12
participant059,1724255981825,list2,yellow,ColorStaircase,yellow,12
participant059,1724255982577,list2,yellow,ColorStaircase,yellow,14
participant059,1724255983376,list2,yellow,ColorStaircase,yellow,14
participant059,1724255984065,list2,orange,ColorStaircase,orange,15
participant059,1724255984825,list2,orange,ColorStaircase,orange,15
participant059,1724255985593,list2,yellow,ColorStaircase,yellow,16
participant059,1724255986304,list2,yellow,ColorStaircase,yellow,16
participant059,1724255987008,list2,orange,ColorStaircase,orange,20
participant059,1724255987736,list2,yellow,ColorStaircase,orange,18
participant059,1724255988785,list2,yellow,ColorStaircase,yellow,17
participant059,1724255990017,list2,yellow,ColorStaircase,yellow,17
participant059,1724255991641,list2,orange,ColorStaircase,orange,20
participant059,1724255992761,list2,orange,ColorStaircase,orange,25
participant059,1724255993448,list2,orange,ColorStaircase,orange,25
participant059,1724255994272,list2,orange,ColorStaircase,yellow,30
participant059,1724255995185,list2,orange,ColorStaircase,orange,26
participant059,1724255996160,list2,orange,ColorStaircase,orange,26
participant059,1724255996753,list2,orange,ColorStaircase,orange,28
participant059,1724255997372,list2,orange,ColorStaircase,orange,28
participant059,1724255997976,list2,orange,ColorStaircase,orange,30
participant059,1724255998593,list2,orange,ColorStaircase,orange,30
participant059,1724255999263,list2,orange,ColorStaircase,orange,32
participant059,1724255999863,list2,orange,ColorStaircase,orange,32
participant059,1724256000472,list2,orange,ColorStaircase,orange,34
participant059,1724256001472,list2,orange,ColorStaircase,yellow,34
participant059,1724256002240,list2,orange,ColorStaircase,yellow,33
participant059,1724256004027,list2,orange,ColorStaircase,yellow,32
participant059,1724256005928,list2,orange,ColorStaircase,orange,31
participant059,1724256006649,list2,orange,ColorStaircase,orange,31
participant060,1724260416247,list3,blue,ColorStaircase,blue,0
participant060,1724260416964,list3,green,ColorStaircase,green,0
participant060,1724260417604,list3,blue,ColorStaircase,blue,0
participant060,1724260418293,list3,blue,ColorStaircase,blue,5
participant060,1724260418949,list3,green,ColorStaircase,green,0
participant060,1724260419652,list3,blue,ColorStaircase,blue,5
participant060,1724260420342,list3,blue,ColorStaircase,blue,10
participant060,1724260420982,list3,blue,ColorStaircase,blue,10
participant060,1724260421669,list3,green,ColorStaircase,green,5
participant060,1724260422485,list3,green,ColorStaircase,green,5
participant060,1724260423141,list3,blue,ColorStaircase,blue,15
participant060,1724260424164,list3,green,ColorStaircase,green,10
participant060,1724260424901,list3,blue,ColorStaircase,blue,15
participant060,1724260425797,list3,blue,ColorStaircase,blue,20
participant060,1724260426646,list3,green,ColorStaircase,green,10
participant060,1724260427349,list3,blue,ColorStaircase,blue,20
participant060,1724260428150,list3,green,ColorStaircase,green,15
participant060,1724260428949,list3,blue,ColorStaircase,blue,25
participant060,1724260430197,list3,blue,ColorStaircase,blue,25
participant060,1724260431062,list3,green,ColorStaircase,green,15
participant060,1724260431780,list3,blue,ColorStaircase,green,30
participant060,1724260432501,list3,green,ColorStaircase,green,20
participant060,1724260433284,list3,green,ColorStaircase,green,20
participant060,1724260434132,list3,green,ColorStaircase,blue,25
participant060,1724260435460,list3,green,ColorStaircase,green,21
participant060,1724260438452,list3,blue,ColorStaircase,green,26
participant060,1724260439558,list3,blue,ColorStaircase,green,22
participant060,1724260440389,list3,blue,ColorStaircase,blue,18
participant060,1724260441396,list3,green,ColorStaircase,green,21
participant060,1724260442229,list3,blue,ColorStaircase,blue,18
participant060,1724260443188,list3,green,ColorStaircase,green,23
participant060,1724260444758,list3,blue,ColorStaircase,green,20
participant060,1724260445621,list3,blue,ColorStaircase,blue,19
participant060,1724260446597,list3,green,ColorStaircase,green,23
participant060,1724260447366,list3,blue,ColorStaircase,blue,19
participant060,1724260448966,list3,green,ColorStaircase,green,25
participant060,1724260449636,list3,green,ColorStaircase,green,25
participant060,1724260450469,list3,green,ColorStaircase,green,27
participant060,1724260451173,list3,green,ColorStaircase,green,27
participant060,1724260451990,list3,green,ColorStaircase,green,29
participant060,1724260452772,list3,green,ColorStaircase,green,29
participant060,1724260453589,list3,green,ColorStaircase,green,31
participant060,1724260454455,list3,green,ColorStaircase,green,31
participant060,1724260455252,list3,green,ColorStaircase,blue,33
participant060,1724260456198,list3,green,ColorStaircase,blue,32
participant060,1724260456965,list3,green,ColorStaircase,blue,31
participant060,1724260457781,list3,green,ColorStaircase,blue,30
participant060,1724260458486,list3,green,ColorStaircase,blue,29
participant060,1724260459093,list3,green,ColorStaircase,blue,28
participant060,1724260459845,list3,green,ColorStaircase,blue,27
participant060,1724260461109,list3,green,ColorStaircase,green,26
participant060,1724260462070,list3,green,ColorStaircase,green,26
participant064,1724251280596,list1,orange,ColorStaircase,orange,0
participant064,1724251281906,list1,yellow,ColorStaircase,yellow,0
participant064,1724251283195,list1,yellow,ColorStaircase,yellow,0
participant064,1724251284179,list1,orange,ColorStaircase,orange,0
participant064,1724251285035,list1,yellow,ColorStaircase,yellow,5
participant064,1724251285843,list1,orange,ColorStaircase,orange,5
participant064,1724251286675,list1,yellow,ColorStaircase,yellow,5
participant064,1724251287419,list1,orange,ColorStaircase,orange,5
participant064,1724251288552,list1,orange,ColorStaircase,orange,10
participant064,1724251289387,list1,yellow,ColorStaircase,yellow,10
participant064,1724251290363,list1,yellow,ColorStaircase,yellow,10
participant064,1724251291259,list1,orange,ColorStaircase,orange,10
participant064,1724251292180,list1,yellow,ColorStaircase,yellow,15
participant064,1724251293059,list1,yellow,ColorStaircase,yellow,15
participant064,1724251293907,list1,yellow,ColorStaircase,yellow,20
participant064,1724251294716,list1,orange,ColorStaircase,orange,15
participant064,1724251295603,list1,orange,ColorStaircase,orange,15
participant064,1724251297045,list1,yellow,ColorStaircase,yellow,20
participant064,1724251298531,list1,orange,ColorStaircase,orange,20
participant064,1724251299647,list1,orange,ColorStaircase,orange,20
participant064,1724251302414,list1,orange,ColorStaircase,orange,25
participant064,1724251304043,list1,yellow,ColorStaircase,orange,25
participant064,1724251305121,list1,orange,ColorStaircase,orange,25
participant064,1724251305963,list1,yellow,ColorStaircase,orange,21
participant064,1724251307371,list1,yellow,ColorStaircase,yellow,17
participant064,1724251308283,list1,yellow,ColorStaircase,yellow,17
participant064,1724251309169,list1,orange,ColorStaircase,yellow,30
participant064,1724251310025,list1,orange,ColorStaircase,yellow,26
participant064,1724251311755,list1,orange,ColorStaircase,yellow,22
participant064,1724251312948,list1,orange,ColorStaircase,orange,18
participant064,1724251313947,list1,yellow,ColorStaircase,yellow,19
participant064,1724251314786,list1,orange,ColorStaircase,orange,18
participant064,1724251315621,list1,yellow,ColorStaircase,yellow,19
participant064,1724251316523,list1,yellow,ColorStaircase,orange,21
participant064,1724251317667,list1,yellow,ColorStaircase,yellow,20
participant064,1724251318507,list1,yellow,ColorStaircase,yellow,20
participant064,1724251319332,list1,orange,ColorStaircase,orange,20
participant064,1724251320639,list1,orange,ColorStaircase,orange,20
participant064,1724251322123,list1,orange,ColorStaircase,orange,22
participant064,1724251322923,list1,orange,ColorStaircase,orange,22
participant064,1724251324499,list1,orange,ColorStaircase,orange,24
participant064,1724251325337,list1,orange,ColorStaircase,orange,24
participant064,1724251327356,list1,orange,ColorStaircase,yellow,26
participant064,1724251328467,list1,orange,ColorStaircase,yellow,25
participant064,1724251329931,list1,orange,ColorStaircase,yellow,24
participant064,1724251331703,list1,orange,ColorStaircase,yellow,23
participant064,1724251332659,list1,orange,ColorStaircase,orange,22
participant064,1724251333875,list1,orange,ColorStaircase,orange,22
participant065,1724260548144,list3,blue,ColorStaircase,blue,0
participant065,1724260549374,list3,green,ColorStaircase,green,0
participant065,1724260550176,list3,blue,ColorStaircase,blue,0
participant065,1724260551110,list3,green,ColorStaircase,green,0
participant065,1724260552000,list3,green,ColorStaircase,green,5
participant065,1724260553200,list3,green,ColorStaircase,green,5
participant065,1724260553965,list3,green,ColorStaircase,green,10
participant065,1724260554781,list3,blue,ColorStaircase,blue,5
participant065,1724260555948,list3,blue,ColorStaircase,blue,5
participant065,1724260556876,list3,blue,ColorStaircase,blue,10
participant065,1724260557697,list3,blue,ColorStaircase,blue,10
participant065,1724260559298,list3,blue,ColorStaircase,blue,15
participant065,1724260560088,list3,blue,ColorStaircase,blue,15
participant065,1724260562664,list3,blue,ColorStaircase,blue,20
participant065,1724260564809,list3,blue,ColorStaircase,green,20
participant065,1724260565763,list3,green,ColorStaircase,green,10
participant065,1724260566713,list3,green,ColorStaircase,green,15
participant065,1724260567713,list3,blue,ColorStaircase,blue,16
participant065,1724260568628,list3,blue,ColorStaircase,blue,16
participant065,1724260569687,list3,blue,ColorStaircase,blue,18
participant065,1724260570777,list3,blue,ColorStaircase,blue,18
participant065,1724260571833,list3,blue,ColorStaircase,blue,20
participant065,1724260572764,list3,green,ColorStaircase,green,15
participant065,1724260573630,list3,green,ColorStaircase,green,20
participant065,1724260574486,list3,green,ColorStaircase,green,20
participant065,1724260576341,list3,blue,ColorStaircase,blue,20
participant065,1724260577188,list3,blue,ColorStaircase,blue,22
participant065,1724260578207,list3,green,ColorStaircase,blue,25
participant065,1724260579119,list3,green,ColorStaircase,green,21
participant065,1724260579928,list3,green,ColorStaircase,green,21
participant065,1724260580732,list3,green,ColorStaircase,green,23
participant065,1724260581626,list3,green,ColorStaircase,green,23
participant065,1724260583923,list3,blue,ColorStaircase,blue,22
participant065,1724260585000,list3,green,ColorStaircase,blue,25
participant065,1724260586432,list3,blue,ColorStaircase,green,24
participant065,1724260587417,list3,blue,ColorStaircase,green,23
participant065,1724260588871,list3,blue,ColorStaircase,green,22
participant065,1724260589687,list3,blue,ColorStaircase,green,21
participant065,1724260590493,list3,green,ColorStaircase,green,24
participant065,1724260591305,list3,green,ColorStaircase,green,24
participant065,1724260592242,list3,blue,ColorStaircase,green,20
participant065,1724260593033,list3,blue,ColorStaircase,green,19
participant065,1724260595615,list3,blue,ColorStaircase,blue,18
participant065,1724260596632,list3,blue,ColorStaircase,blue,18
participant068,1724255801088,list2,orange,ColorStaircase,orange,0
participant068,1724255802074,list2,yellow,ColorStaircase,yellow,0
participant068,1724255802930,list2,yellow,ColorStaircase,yellow,0
participant068,1724255803991,list2,yellow,ColorStaircase,yellow,5
participant068,1724255804811,list2,yellow,ColorStaircase,yellow,5
participant068,1724255805675,list2,orange,ColorStaircase,orange,0
participant068,1724255806541,list2,orange,ColorStaircase,orange,5
participant068,1724255807326,list2,orange,ColorStaircase,orange,5
participant068,1724255808267,list2,orange,ColorStaircase,orange,10
participant068,1724255809264,list2,yellow,ColorStaircase,yellow,10
participant068,1724255810128,list2,yellow,ColorStaircase,yellow,10
participant068,1724255811666,list2,yellow,ColorStaircase,yellow,15
participant068,1724255813308,list2,yellow,ColorStaircase,yellow,15
participant068,1724255814187,list2,orange,ColorStaircase,orange,10
participant068,1724255816704,list2,yellow,ColorStaircase,orange,20
participant068,1724255819080,list2,yellow,ColorStaircase,orange,16
participant068,1724255820201,list2,yellow,ColorStaircase,yellow,12
participant068,1724255821217,list2,yellow,ColorStaircase,yellow,12
participant068,1724255822398,list2,yellow,ColorStaircase,yellow,14
participant068,1724255823342,list2,yellow,ColorStaircase,yellow,14
participant068,1724255824830,list2,yellow,ColorStaircase,yellow,16
participant068,1724255825662,list2,orange,ColorStaircase,orange,15
participant068,1724255826386,list2,orange,ColorStaircase,orange,15
participant068,1724255827560,list2,yellow,ColorStaircase,yellow,16
participant068,1724255828556,list2,yellow,ColorStaircase,yellow,18
participant068,1724255829529,list2,orange,ColorStaircase,orange,20
participant068,1724255830410,list2,orange,ColorStaircase,orange,20
participant068,1724255832851,list2,orange,ColorStaircase,orange,25
participant068,1724255833739,list2,orange,ColorStaircase,orange,25
participant068,1724255834871,list2,yellow,ColorStaircase,orange,18
participant068,1724255836721,list2,yellow,ColorStaircase,orange,17
participant068,1724255838461,list2,orange,ColorStaircase,orange,30
participant068,1724255840466,list2,yellow,ColorStaircase,orange,16
participant068,1724255841906,list2,orange,ColorStaircase,orange,30
participant068,1724255844750,list2,orange,ColorStaircase,orange,35
participant068,1724255846313,list2,yellow,ColorStaircase,yellow,15
participant068,1724255847148,list2,orange,ColorStaircase,yellow,35
participant068,1724255848251,list2,yellow,ColorStaircase,yellow,15
participant068,1724255850071,list2,orange,ColorStaircase,orange,31
participant068,1724255851232,list2,orange,ColorStaircase,orange,31
participant068,1724255852872,list2,orange,ColorStaircase,yellow,33
participant068,1724255854262,list2,orange,ColorStaircase,yellow,32
participant068,1724255856507,list2,orange,ColorStaircase,orange,31
participant068,1724255858127,list2,orange,ColorStaircase,orange,31
participant069,1724255912955,list2,orange,ColorStaircase,orange,0
participant069,1724255913825,list2,yellow,ColorStaircase,yellow,0
participant069,1724255914503,list2,yellow,ColorStaircase,yellow,0
participant069,1724255915229,list2,orange,ColorStaircase,orange,0
participant069,1724255915978,list2,yellow,ColorStaircase,yellow,5
participant069,1724255916814,list2,orange,ColorStaircase,orange,5
participant069,1724255917559,list2,yellow,ColorStaircase,yellow,5
participant069,1724255918229,list2,yellow,ColorStaircase,yellow,10
participant069,1724255919536,list2,yellow,ColorStaircase,yellow,10
participant069,1724255920355,list2,yellow,ColorStaircase,orange,15
participant069,1724255921196,list2,orange,ColorStaircase,orange,5
participant069,1724255921832,list2,orange,ColorStaircase,orange,10
participant069,1724255922414,list2,orange,ColorStaircase,orange,10
participant069,1724255923085,list2,orange,ColorStaircase,orange,15
participant069,1724255923899,list2,yellow,ColorStaircase,yellow,11
participant069,1724255924538,list2,orange,ColorStaircase,orange,15
participant069,1724255925225,list2,yellow,ColorStaircase,yellow,11
participant069,1724255925928,list2,orange,ColorStaircase,orange,20
participant069,1724255929095,list2,yellow,ColorStaircase,yellow,13
participant069,1724255929715,list2,yellow,ColorStaircase,yellow,13
participant069,1724255930390,list2,orange,ColorStaircase,orange,20
participant069,1724255931024,list2,orange,ColorStaircase,orange,25
participant069,1724255931739,list2,orange,ColorStaircase,orange,25
participant069,1724255932768,list2,yellow,ColorStaircase,yellow,15
participant069,1724255934090,list2,orange,ColorStaircase,yellow,30
participant069,1724255934807,list2,yellow,ColorStaircase,yellow,15
participant069,1724255935562,list2,yellow,ColorStaircase,yellow,17
participant069,1724255936432,list2,yellow,ColorStaircase,orange,17
participant069,1724255937313,list2,orange,ColorStaircase,orange,26
participant069,1724255938315,list2,yellow,ColorStaircase,yellow,16
participant069,1724255939086,list2,orange,ColorStaircase,orange,26
participant069,1724255939787,list2,orange,ColorStaircase,orange,28
participant069,1724255941236,list2,yellow,ColorStaircase,yellow,16
participant069,1724255941881,list2,orange,ColorStaircase,orange,28
participant069,1724255942756,list2,orange,ColorStaircase,orange,30
participant069,1724255943550,list2,orange,ColorStaircase,orange,30
participant069,1724255944307,list2,orange,ColorStaircase,orange,32
participant069,1724255945007,list2,orange,ColorStaircase,orange,32
participant069,1724255945744,list2,orange,ColorStaircase,orange,34
participant069,1724255946639,list2,orange,ColorStaircase,orange,34
participant069,1724255947451,list2,orange,ColorStaircase,yellow,36
participant069,1724255948220,list2,orange,ColorStaircase,yellow,35
participant069,1724255948940,list2,orange,ColorStaircase,yellow,34
participant069,1724255949601,list2,orange,ColorStaircase,yellow,33
participant069,1724255950522,list2,orange,ColorStaircase,yellow,32
participant069,1724255951506,list2,orange,ColorStaircase,orange,31
participant069,1724255952268,list2,orange,ColorStaircase,orange,31
participant070,1724255967966,list2,yellow,ColorStaircase,yellow,0
participant070,1724255969003,list2,orange,ColorStaircase,orange,0
participant070,1724255969876,list2,orange,ColorStaircase,orange,0
participant070,1724255970598,list2,orange,ColorStaircase,orange,5
participant070,1724255971416,list2,yellow,ColorStaircase,yellow,0
participant070,1724255972097,list2,yellow,ColorStaircase,yellow,5
participant070,1724255972773,list2,yellow,ColorStaircase,yellow,5
participant070,1724255973481,list2,yellow,ColorStaircase,yellow,10
participant070,1724255974259,list2,yellow,ColorStaircase,yellow,10
participant070,1724255975749,list2,yellow,ColorStaircase,orange,15
participant070,1724255976768,list2,yellow,ColorStaircase,orange,11
participant070,1724255977650,list2,orange,ColorStaircase,orange,5
participant070,1724255978617,list2,yellow,ColorStaircase,yellow,7
participant070,1724255979376,list2,yellow,ColorStaircase,yellow,7
participant070,1724255980062,list2,yellow,ColorStaircase,yellow,9
participant070,1724255980874,list2,orange,ColorStaircase,orange,10
participant070,1724255981632,list2,orange,ColorStaircase,orange,10
participant070,1724255982480,list2,yellow,ColorStaircase,yellow,9
participant070,1724255983306,list2,yellow,ColorStaircase,yellow,11
participant070,1724255983994,list2,yellow,ColorStaircase,yellow,11
participant070,1724255984713,list2,yellow,ColorStaircase,yellow,13
participant070,1724255985473,list2,yellow,ColorStaircase,yellow,13
participant070,1724255986319,list2,orange,ColorStaircase,orange,15
participant070,1724255987032,list2,orange,ColorStaircase,orange,15
participant070,1724255988297,list2,yellow,ColorStaircase,orange,15
participant070,1724255989239,list2,orange,ColorStaircase,orange,20
participant070,1724255990690,list2,yellow,ColorStaircase,orange,14
participant070,1724255991536,list2,orange,ColorStaircase,orange,20
participant070,1724255992414,list2,orange,ColorStaircase,orange,25
participant070,1724255993166,list2,orange,ColorStaircase,orange,25
participant070,1724255994172,list2,yellow,ColorStaircase,yellow,13
participant070,1724255996341,list2,yellow,ColorStaircase,orange,13
participant070,1724255997166,list2,yellow,ColorStaircase,orange,13
participant070,1724255998082,list2,orange,ColorStaircase,orange,30
participant070,1724255999077,list2,yellow,ColorStaircase,orange,13
participant070,1724256000233,list2,yellow,ColorStaircase,orange,13
participant070,1724256001535,list2,yellow,ColorStaircase,orange,13
participant070,1724256002342,list2,yellow,ColorStaircase,orange,13
participant070,1724256003093,list2,yellow,ColorStaircase,orange,13
participant070,1724256004357,list2,orange,ColorStaircase,orange,30
participant070,1724256005353,list2,orange,ColorStaircase,orange,35
participant070,1724256006731,list2,yellow,ColorStaircase,yellow,13
participant070,1724256007594,list2,orange,ColorStaircase,orange,35
participant070,1724256008654,list2,orange,ColorStaircase,yellow,40
participant070,1724256009549,list2,orange,ColorStaircase,orange,36
participant070,1724256010721,list2,orange,ColorStaircase,orange,36
participant070,1724256012017,list2,orange,ColorStaircase,orange,38
participant070,1724256013098,list2,orange,ColorStaircase,orange,38
participant070,1724256014119,list2,orange,ColorStaircase,yellow,40
participant070,1724256015032,list2,orange,ColorStaircase,orange,39
participant070,1724256016479,list2,orange,ColorStaircase,yellow,39
participant070,1724256017475,list2,orange,ColorStaircase,yellow,39
participant070,1724256018232,list2,orange,ColorStaircase,orange,39
participant073,1724246425591,list1,orange,ColorStaircase,orange,0
participant073,1724246426532,list1,orange,ColorStaircase,orange,0
participant073,1724246427527,list1,orange,ColorStaircase,orange,5
participant073,1724246428869,list1,yellow,ColorStaircase,yellow,0
participant073,1724246429719,list1,yellow,ColorStaircase,yellow,0
participant073,1724246430370,list1,yellow,ColorStaircase,yellow,5
participant073,1724246430959,list1,yellow,ColorStaircase,yellow,5
participant073,1724246431593,list1,orange,ColorStaircase,orange,5
participant073,1724246432279,list1,orange,ColorStaircase,orange,10
participant073,1724246432910,list1,orange,ColorStaircase,orange,10
participant073,1724246433489,list1,orange,ColorStaircase,orange,15
participant073,1724246434071,list1,yellow,ColorStaircase,orange,10
participant073,1724246435135,list1,orange,ColorStaircase,orange,15
participant073,1724246435853,list1,yellow,ColorStaircase,yellow,6
participant073,1724246436563,list1,orange,ColorStaircase,orange,20
participant073,1724246437320,list1,yellow,ColorStaircase,yellow,6
participant073,1724246438001,list1,orange,ColorStaircase,orange,20
participant073,1724246438778,list1,yellow,ColorStaircase,yellow,8
participant073,1724246439517,list1,orange,ColorStaircase,orange,25
participant073,1724246440118,list1,orange,ColorStaircase,orange,25
participant073,1724246440875,list1,yellow,ColorStaircase,yellow,8
participant073,1724246441480,list1,orange,ColorStaircase,yellow,30
participant073,1724246442293,list1,orange,ColorStaircase,orange,26
participant073,1724246443066,list1,yellow,ColorStaircase,yellow,10
participant073,1724246443798,list1,orange,ColorStaircase,orange,26
participant073,1724246444935,list1,orange,ColorStaircase,orange,28
participant073,1724246445911,list1,orange,ColorStaircase,orange,28
participant073,1724246446938,list1,orange,ColorStaircase,orange,30
participant073,1724246447671,list1,orange,ColorStaircase,orange,30
participant073,1724246448751,list1,yellow,ColorStaircase,yellow,10
participant073,1724246449607,list1,yellow,ColorStaircase,yellow,12
participant073,1724246450327,list1,orange,ColorStaircase,yellow,32
participant073,1724246451595,list1,orange,ColorStaircase,yellow,31
participant073,1724246452977,list1,orange,ColorStaircase,yellow,30
participant073,1724246453864,list1,yellow,ColorStaircase,yellow,12
participant073,1724246454583,list1,orange,ColorStaircase,orange,29
participant073,1724246455321,list1,yellow,ColorStaircase,yellow,14
participant073,1724246457245,list1,orange,ColorStaircase,orange,29
participant073,1724246457931,list1,yellow,ColorStaircase,yellow,14
participant073,1724246458769,list1,yellow,ColorStaircase,orange,16
participant073,1724246459570,list1,yellow,ColorStaircase,yellow,15
participant073,1724246460265,list1,yellow,ColorStaircase,orange,15
participant073,1724246461260,list1,yellow,ColorStaircase,yellow,15
participant074,1724260839266,list3,green,ColorStaircase,green,0
participant074,1724260839925,list3,green,ColorStaircase,green,0
participant074,1724260840463,list3,blue,ColorStaircase,blue,0
participant074,1724260841062,list3,green,ColorStaircase,green,5
participant074,1724260841733,list3,green,ColorStaircase,green,5
participant074,1724260842311,list3,blue,ColorStaircase,blue,0
participant074,1724260843370,list3,green,ColorStaircase,green,10
participant074,1724260844558,list3,blue,ColorStaircase,blue,5
participant074,1724260845302,list3,green,ColorStaircase,green,10
participant074,1724260845999,list3,blue,ColorStaircase,blue,5
participant074,1724260846712,list3,green,ColorStaircase,green,15
participant074,1724260847329,list3,green,ColorStaircase,green,15
participant074,1724260847969,list3,green,ColorStaircase,green,20
participant074,1724260848627,list3,green,ColorStaircase,green,20
participant074,1724260849463,list3,blue,ColorStaircase,blue,10
participant074,1724260850385,list3,green,ColorStaircase,green,25
participant074,1724260852090,list3,green,ColorStaircase,green,25
participant074,1724260852803,list3,blue,ColorStaircase,blue,10
participant074,1724260854042,list3,blue,ColorStaircase,blue,15
participant074,1724260855523,list3,green,ColorStaircase,blue,30
participant074,1724260856401,list3,green,ColorStaircase,green,26
participant074,1724260857233,list3,blue,ColorStaircase,blue,15
participant074,1724260857970,list3,blue,ColorStaircase,green,20
participant074,1724260858704,list3,blue,ColorStaircase,blue,16
participant074,1724260859501,list3,blue,ColorStaircase,blue,16
participant074,1724260860314,list3,blue,ColorStaircase,blue,18
participant074,1724260861110,list3,blue,ColorStaircase,blue,18
participant074,1724260861948,list3,blue,ColorStaircase,blue,20
participant074,1724260863927,list3,blue,ColorStaircase,blue,20
participant074,1724260864766,list3,green,ColorStaircase,green,26
participant074,1724260865567,list3,green,ColorStaircase,blue,28
participant074,1724260866330,list3,green,ColorStaircase,blue,27
participant074,1724260866995,list3,blue,ColorStaircase,blue,22
participant074,1724260868183,list3,blue,ColorStaircase,green,22
participant074,1724260868859,list3,blue,ColorStaircase,green,21
participant074,1724260869558,list3,green,ColorStaircase,green,26
participant074,1724260870393,list3,green,ColorStaircase,blue,26
participant074,1724260871633,list3,blue,ColorStaircase,green,20
participant074,1724260872589,list3,blue,ColorStaircase,green,19
participant074,1724260873657,list3,blue,ColorStaircase,blue,18
participant074,1724260874539,list3,blue,ColorStaircase,blue,18
participant074,1724260875471,list3,green,ColorStaircase,green,26
participant076,1724248558507,list1,orange,ColorStaircase,orange,0
participant076,1724248560122,list1,yellow,ColorStaircase,yellow,0
participant076,1724248560840,list1,orange,ColorStaircase,orange,0
participant076,1724248561479,list1,yellow,ColorStaircase,yellow,0
participant076,1724248562115,list1,yellow,ColorStaircase,orange,5
participant076,1724248562834,list1,yellow,ColorStaircase,yellow,1
participant076,1724248563620,list1,orange,ColorStaircase,orange,5
participant076,1724248564307,list1,yellow,ColorStaircase,yellow,1
participant076,1724248565074,list1,orange,ColorStaircase,orange,5
participant076,1724248565802,list1,orange,ColorStaircase,orange,10
participant076,1724248566469,list1,yellow,ColorStaircase,yellow,3
participant076,1724248567176,list1,yellow,ColorStaircase,yellow,3
participant076,1724248567854,list1,yellow,ColorStaircase,yellow,5
participant076,1724248568659,list1,orange,ColorStaircase,orange,10
participant076,1724248569547,list1,yellow,ColorStaircase,yellow,5
participant076,1724248570384,list1,yellow,ColorStaircase,yellow,7
participant076,1724248571091,list1,orange,ColorStaircase,orange,15
participant076,1724248571927,list1,yellow,ColorStaircase,yellow,7
participant076,1724248572873,list1,orange,ColorStaircase,orange,15
participant076,1724248573823,list1,orange,ColorStaircase,orange,20
participant076,1724248574709,list1,orange,ColorStaircase,orange,20
participant076,1724248575626,list1,yellow,ColorStaircase,yellow,9
participant076,1724248576373,list1,yellow,ColorStaircase,yellow,9
participant076,1724248577279,list1,orange,ColorStaircase,orange,25
participant076,1724248578115,list1,yellow,ColorStaircase,yellow,11
participant076,1724248578874,list1,yellow,ColorStaircase,yellow,11
participant076,1724248579610,list1,yellow,ColorStaircase,yellow,13
participant076,1724248580548,list1,yellow,ColorStaircase,yellow,13
participant076,1724248581493,list1,yellow,ColorStaircase,yellow,15
participant076,1724248582511,list1,orange,ColorStaircase,orange,25
participant076,1724248585809,list1,orange,ColorStaircase,orange,30
participant076,1724248586776,list1,orange,ColorStaircase,orange,30
participant076,1724248587832,list1,orange,ColorStaircase,orange,35
participant076,1724248588726,list1,yellow,ColorStaircase,orange,15
participant076,1724248589575,list1,orange,ColorStaircase,orange,35
participant076,1724248590542,list1,orange,ColorStaircase,yellow,40
participant076,1724248595475,list1,orange,ColorStaircase,orange,36
participant076,1724248596204,list1,orange,ColorStaircase,orange,36
participant076,1724248597855,list1,yellow,ColorStaircase,orange,14
participant076,1724248598841,list1,yellow,ColorStaircase,orange,13
participant076,1724248599439,list1,yellow,ColorStaircase,orange,12
participant076,1724248600106,list1,yellow,ColorStaircase,orange,11
participant076,1724248600982,list1,yellow,ColorStaircase,orange,10
participant076,1724248602191,list1,yellow,ColorStaircase,yellow,9
participant076,1724248602967,list1,yellow,ColorStaircase,yellow,9
participant076,1724248603845,list1,orange,ColorStaircase,yellow,38
participant076,1724248604742,list1,orange,ColorStaircase,yellow,37
participant076,1724248605459,list1,orange,ColorStaircase,yellow,36
participant076,1724248606147,list1,orange,ColorStaircase,yellow,35
participant076,1724248607201,list1,orange,ColorStaircase,yellow,34
participant076,1724248608775,list1,orange,ColorStaircase,yellow,33
participant076,1724248609724,list1,orange,ColorStaircase,yellow,32
participant076,1724248610470,list1,orange,ColorStaircase,yellow,31
participant076,1724248611108,list1,orange,ColorStaircase,yellow,30
participant076,1724248611737,list1,orange,ColorStaircase,orange,29
participant076,1724248612615,list1,orange,ColorStaircase,orange,29
participant079,1724281808478,list4,green,ColorStaircase,green,0
participant079,1724281809323,list4,blue,ColorStaircase,blue,0
participant079,1724281810074,list4,green,ColorStaircase,green,0
participant079,1724281810871,list4,blue,ColorStaircase,blue,0
participant079,1724281811685,list4,blue,ColorStaircase,blue,5
participant079,1724281812345,list4,blue,ColorStaircase,blue,5
participant079,1724281813040,list4,blue,ColorStaircase,blue,10
participant079,1724281813882,list4,green,ColorStaircase,green,5
participant079,1724281814610,list4,blue,ColorStaircase,blue,10
participant079,1724281815298,list4,blue,ColorStaircase,blue,15
participant079,1724281816047,list4,green,ColorStaircase,green,5
participant079,1724281816755,list4,green,ColorStaircase,green,10
participant079,1724281817397,list4,green,ColorStaircase,green,10
participant079,1724281817990,list4,green,ColorStaircase,green,15
participant079,1724281818662,list4,green,ColorStaircase,green,15
participant079,1724281819411,list4,green,ColorStaircase,green,20
participant079,1724281820045,list4,green,ColorStaircase,green,20
participant079,1724281820637,list4,green,ColorStaircase,green,25
participant079,1724281821406,list4,blue,ColorStaircase,blue,15
participant079,1724281822516,list4,green,ColorStaircase,blue,25
participant079,1724281823284,list4,blue,ColorStaircase,green,20
participant079,1724281824063,list4,green,ColorStaircase,blue,21
participant079,1724281824772,list4,green,ColorStaircase,green,17
participant079,1724281825639,list4,blue,ColorStaircase,blue,16
participant079,1724281826388,list4,green,ColorStaircase,green,17
participant079,1724281827333,list4,blue,ColorStaircase,blue,16
participant079,1724281828278,list4,green,ColorStaircase,green,19
participant079,1724281829124,list4,blue,ColorStaircase,blue,18
participant079,1724281830048,list4,green,ColorStaircase,green,19
participant079,1724281831276,list4,blue,ColorStaircase,blue,18
participant079,1724281832017,list4,blue,ColorStaircase,blue,20
participant079,1724281832906,list4,green,ColorStaircase,blue,21
participant079,1724281833780,list4,green,ColorStaircase,green,20
participant079,1724281834439,list4,green,ColorStaircase,blue,20
participant079,1724281834999,list4,green,ColorStaircase,green,20
participant079,1724281835553,list4,blue,ColorStaircase,green,20
participant079,1724281836028,list4,blue,ColorStaircase,blue,19
participant079,1724281836279,list4,blue,ColorStaircase,green,19
participant079,1724281836568,list4,blue,ColorStaircase,blue,19
participant080,1724251009669,list1,yellow,ColorStaircase,yellow,0
participant080,1724251010712,list1,orange,ColorStaircase,orange,0
participant080,1724251011433,list1,yellow,ColorStaircase,yellow,0
participant080,1724251012219,list1,yellow,ColorStaircase,yellow,5
participant080,1724251012903,list1,orange,ColorStaircase,orange,0
participant080,1724251013750,list1,yellow,ColorStaircase,yellow,5
participant080,1724251014504,list1,orange,ColorStaircase,orange,5
participant080,1724251015316,list1,orange,ColorStaircase,orange,5
participant080,1724251015922,list1,orange,ColorStaircase,orange,10
participant080,1724251016528,list1,orange,ColorStaircase,orange,10
participant080,1724251017289,list1,yellow,ColorStaircase,yellow,10
participant080,1724251017904,list1,yellow,ColorStaircase,yellow,10
participant080,1724251018501,list1,yellow,ColorStaircase,yellow,15
participant080,1724251019431,list1,yellow,ColorStaircase,yellow,15
participant080,1724251020131,list1,yellow,ColorStaircase,yellow,20
participant080,1724251020845,list1,orange,ColorStaircase,orange,15
participant080,1724251021514,list1,orange,ColorStaircase,orange,15
participant080,1724251022206,list1,orange,ColorStaircase,orange,20
participant080,1724251022795,list1,orange,ColorStaircase,orange,20
participant080,1724251024062,list1,orange,ColorStaircase,yellow,25
participant080,1724251024778,list1,yellow,ColorStaircase,yellow,20
participant080,1724251025596,list1,yellow,ColorStaircase,yellow,25
participant080,1724251026622,list1,orange,ColorStaircase,yellow,21
participant080,1724251027734,list1,yellow,ColorStaircase,yellow,25
participant080,1724251028898,list1,yellow,ColorStaircase,yellow,30
participant080,1724251029734,list1,orange,ColorStaircase,yellow,17
participant080,1724251031423,list1,yellow,ColorStaircase,yellow,30
participant080,1724251032306,list1,yellow,ColorStaircase,orange,35
participant080,1724251032913,list1,orange,ColorStaircase,orange,13
participant080,1724251033775,list1,yellow,ColorStaircase,orange,31
participant080,1724251034489,list1,orange,ColorStaircase,orange,13
participant080,1724251035703,list1,yellow,ColorStaircase,yellow,27
participant080,1724251038564,list1,yellow,ColorStaircase,orange,27
participant080,1724251039244,list1,yellow,ColorStaircase,orange,24
participant080,1724251040319,list1,yellow,ColorStaircase,yellow,21
participant080,1724251041089,list1,yellow,ColorStaircase,yellow,21
participant080,1724251041719,list1,yellow,ColorStaircase,yellow,22
participant080,1724251042494,list1,orange,ColorStaircase,orange,15
participant080,1724251043370,list1,yellow,ColorStaircase,yellow,22
participant080,1724251044018,list1,orange,ColorStaircase,orange,15
participant080,1724251044723,list1,yellow,ColorStaircase,yellow,23
participant080,1724251045355,list1,yellow,ColorStaircase,orange,23
participant080,1724251046113,list1,orange,ColorStaircase,orange,17
participant080,1724251046947,list1,yellow,ColorStaircase,yellow,23
participant080,1724251047848,list1,orange,ColorStaircase,orange,17
participant080,1724251049642,list1,orange,ColorStaircase,orange,19
participant080,1724251050552,list1,orange,ColorStaircase,orange,19
participant080,1724251052369,list1,orange,ColorStaircase,orange,21
participant080,1724251053106,list1,orange,ColorStaircase,orange,21
participant080,1724251054208,list1,orange,ColorStaircase,yellow,23
participant080,1724251056572,list1,orange,ColorStaircase,orange,22
participant080,1724251057226,list1,orange,ColorStaircase,orange,22
participant081,1724260395008,list3,blue,ColorStaircase,blue,0
participant081,1724260397296,list3,green,ColorStaircase,green,0
participant081,1724260398351,list3,blue,ColorStaircase,blue,0
participant081,1724260399743,list3,green,ColorStaircase,green,0
participant081,1724260400776,list3,blue,ColorStaircase,blue,5
participant081,1724260402439,list3,green,ColorStaircase,green,5
participant081,1724260403984,list3,blue,ColorStaircase,blue,5
participant081,1724260404928,list3,blue,ColorStaircase,blue,10
participant081,1724260405848,list3,blue,ColorStaircase,blue,10
participant081,1724260406863,list3,blue,ColorStaircase,blue,15
participant081,1724260408056,list3,green,ColorStaircase,green,5
participant081,1724260409463,list3,blue,ColorStaircase,blue,15
participant081,1724260410703,list3,blue,ColorStaircase,blue,20
participant081,1724260412048,list3,blue,ColorStaircase,blue,20
participant081,1724260419826,list3,blue,ColorStaircase,green,25
participant081,1724260421162,list3,green,ColorStaircase,green,10
participant081,1724260422145,list3,green,ColorStaircase,green,10
participant081,1724260423129,list3,green,ColorStaircase,green,15
participant081,1724260424386,list3,green,ColorStaircase,green,15
participant081,1724260428714,list3,green,ColorStaircase,green,20
participant081,1724260429642,list3,blue,ColorStaircase,blue,21
participant081,1724260432018,list3,green,ColorStaircase,green,20
participant081,1724260433058,list3,green,ColorStaircase,blue,25
participant081,1724260439266,list3,green,ColorStaircase,green,21
participant081,1724260440554,list3,green,ColorStaircase,green,21
participant081,1724260441418,list3,blue,ColorStaircase,blue,21
participant081,1724260444330,list3,green,ColorStaircase,blue,23
participant081,1724260445682,list3,green,ColorStaircase,green,22
participant081,1724260447281,list3,blue,ColorStaircase,blue,23
participant081,1724260449282,list3,blue,ColorStaircase,blue,23
participant081,1724260452634,list3,blue,ColorStaircase,blue,25
participant081,1724260458306,list3,green,ColorStaircase,green,22
participant081,1724260459370,list3,blue,ColorStaircase,blue,25
participant081,1724260461546,list3,blue,ColorStaircase,green,27
participant081,1724260463713,list3,blue,ColorStaircase,blue,26
participant081,1724260468562,list3,blue,ColorStaircase,blue,26
participant082,1724263066109,list3,blue,ColorStaircase,blue,0
participant082,1724263067279,list3,blue,ColorStaircase,blue,0
participant082,1724263067971,list3,blue,ColorStaircase,blue,5
participant082,1724263069240,list3,blue,ColorStaircase,blue,5
participant082,1724263072223,list3,blue,ColorStaircase,blue,10
participant082,1724263072864,list3,blue,ColorStaircase,blue,10
participant082,1724263074472,list3,blue,ColorStaircase,blue,15
participant082,1724263075556,list3,green,ColorStaircase,green,0
participant082,1724263076254,list3,green,ColorStaircase,green,0
participant082,1724263076859,list3,green,ColorStaircase,green,5
participant082,1724263077555,list3,green,ColorStaircase,green,5
participant082,1724263078250,list3,blue,ColorStaircase,green,15
participant082,1724263078888,list3,green,ColorStaircase,green,10
participant082,1724263079587,list3,green,ColorStaircase,green,10
participant082,1724263080266,list3,green,ColorStaircase,green,15
participant082,1724263081075,list3,blue,ColorStaircase,blue,11
participant082,1724263081743,list3,blue,ColorStaircase,blue,11
participant082,1724263082458,list3,green,ColorStaircase,green,15
participant082,1724263083229,list3,green,ColorStaircase,green,20
participant082,1724263083933,list3,green,ColorStaircase,green,20
participant082,1724263084643,list3,green,ColorStaircase,green,25
participant082,1724263085425,list3,green,ColorStaircase,green,25
participant082,1724263086195,list3,blue,ColorStaircase,blue,13
participant082,1724263086969,list3,green,ColorStaircase,blue,30
participant082,1724263087630,list3,blue,ColorStaircase,blue,13
participant082,1724263088235,list3,blue,ColorStaircase,blue,15
participant082,1724263088877,list3,blue,ColorStaircase,blue,15
participant082,1724263089644,list3,green,ColorStaircase,green,26
participant082,1724263090304,list3,green,ColorStaircase,green,26
participant082,1724263091170,list3,blue,ColorStaircase,blue,17
participant082,1724263092114,list3,blue,ColorStaircase,blue,17
participant082,1724263093178,list3,green,ColorStaircase,blue,28
participant082,1724263094087,list3,green,ColorStaircase,green,27
participant082,1724263095109,list3,blue,ColorStaircase,blue,19
participant082,1724263096127,list3,blue,ColorStaircase,blue,19
participant082,1724263097351,list3,blue,ColorStaircase,blue,21
participant082,1724263099046,list3,green,ColorStaircase,blue,27
participant082,1724263099891,list3,green,ColorStaircase,blue,27
participant082,1724263100906,list3,green,ColorStaircase,blue,27
participant082,1724263101533,list3,green,ColorStaircase,green,27
participant082,1724263102127,list3,blue,ColorStaircase,green,21
participant082,1724263102693,list3,blue,ColorStaircase,green,20
participant082,1724263103296,list3,blue,ColorStaircase,blue,19
participant082,1724263103873,list3,blue,ColorStaircase,blue,19
participant083,1724260548382,list3,blue,ColorStaircase,blue,0
participant083,1724260550582,list3,blue,ColorStaircase,blue,0
participant083,1724260552181,list3,blue,ColorStaircase,blue,5
participant083,1724260555103,list3,blue,ColorStaircase,blue,5
participant083,1724260558238,list3,blue,ColorStaircase,blue,10
participant083,1724260559558,list3,blue,ColorStaircase,blue,10
participant083,1724260562160,list3,green,ColorStaircase,green,0
participant083,1724260562973,list3,green,ColorStaircase,green,0
participant083,1724260564504,list3,blue,ColorStaircase,blue,15
participant083,1724260565323,list3,blue,ColorStaircase,blue,15
participant083,1724260566104,list3,blue,ColorStaircase,blue,20
participant083,1724260566835,list3,blue,ColorStaircase,blue,20
participant083,1724260567788,list3,blue,ColorStaircase,blue,25
participant083,1724260568770,list3,green,ColorStaircase,green,5
participant083,1724260569481,list3,green,ColorStaircase,green,5
participant083,1724260570210,list3,green,ColorStaircase,green,10
participant083,1724260574438,list3,blue,ColorStaircase,blue,25
participant083,1724260575299,list3,blue,ColorStaircase,blue,30
participant083,1724260576543,list3,green,ColorStaircase,green,10
participant083,1724260577759,list3,blue,ColorStaircase,blue,30
participant083,1724260580572,list3,blue,ColorStaircase,green,35
participant083,1724260581366,list3,green,ColorStaircase,green,15
participant083,1724260582153,list3,green,ColorStaircase,green,15
participant083,1724260582880,list3,green,ColorStaircase,green,20
participant083,1724260583642,list3,green,ColorStaircase,green,20
participant083,1724260584502,list3,blue,ColorStaircase,green,31
participant083,1724260589817,list3,green,ColorStaircase,blue,25
participant083,1724260590921,list3,green,ColorStaircase,blue,21
participant083,1724260591985,list3,green,ColorStaircase,blue,17
participant083,1724260594417,list3,green,ColorStaircase,green,13
participant083,1724260595325,list3,green,ColorStaircase,green,13
participant083,1724260597177,list3,green,ColorStaircase,green,15
participant083,1724260597828,list3,green,ColorStaircase,green,15
participant083,1724260599979,list3,green,ColorStaircase,green,17
participant083,1724260600628,list3,green,ColorStaircase,green,17
participant083,1724260603052,list3,blue,ColorStaircase,blue,27
participant083,1724260604615,list3,blue,ColorStaircase,green,27
participant083,1724260605514,list3,green,ColorStaircase,blue,19
participant083,1724260606351,list3,blue,ColorStaircase,blue,24
participant083,1724260607082,list3,blue,ColorStaircase,blue,24
participant083,1724260607741,list3,blue,ColorStaircase,blue,25
participant083,1724260608487,list3,blue,ColorStaircase,blue,25
participant083,1724260609466,list3,blue,ColorStaircase,blue,26
participant083,1724260610206,list3,green,ColorStaircase,blue,18
participant083,1724260610725,list3,blue,ColorStaircase,blue,26
participant083,1724260616093,list3,green,ColorStaircase,green,17
participant083,1724260618013,list3,blue,ColorStaircase,blue,27
participant083,1724260618680,list3,blue,ColorStaircase,blue,27
participant083,1724260619395,list3,blue,ColorStaircase,blue,28
participant083,1724260620097,list3,blue,ColorStaircase,blue,28
participant083,1724260622246,list3,blue,ColorStaircase,blue,29
participant083,1724260624802,list3,green,ColorStaircase,green,17
participant083,1724260627751,list3,blue,ColorStaircase,green,29
participant083,1724260628997,list3,blue,ColorStaircase,green,29
participant083,1724260629871,list3,blue,ColorStaircase,green,29
participant083,1724260630559,list3,blue,ColorStaircase,green,29
participant083,1724260631297,list3,blue,ColorStaircase,green,29
participant083,1724260633245,list3,blue,ColorStaircase,green,29
participant083,1724260634057,list3,blue,ColorStaircase,green,29
participant083,1724260634700,list3,blue,ColorStaircase,green,29
participant083,1724260635285,list3,blue,ColorStaircase,green,29
participant083,1724260635881,list3,blue,ColorStaircase,green,29
participant083,1724260638756,list3,blue,ColorStaircase,green,29
participant083,1724260641209,list3,blue,ColorStaircase,blue,29
participant085,1724244884194,list1,yellow,ColorStaircase,yellow,0
participant085,1724244886157,list1,yellow,ColorStaircase,yellow,0
participant085,1724244887663,list1,yellow,ColorStaircase,yellow,5
participant085,1724244888651,list1,orange,ColorStaircase,orange,0
participant085,1724244889329,list1,orange,ColorStaircase,orange,0
participant085,1724244890223,list1,orange,ColorStaircase,orange,5
participant085,1724244890874,list1,orange,ColorStaircase,orange,5
participant085,1724244891996,list1,orange,ColorStaircase,orange,10
participant085,1724244892607,list1,orange,ColorStaircase,orange,10
participant085,1724244894954,list1,orange,ColorStaircase,orange,15
participant085,1724244895676,list1,yellow,ColorStaircase,yellow,5
participant085,1724244896305,list1,yellow,ColorStaircase,yellow,10
participant085,1724244896908,list1,yellow,ColorStaircase,yellow,10
participant085,1724244897623,list1,orange,ColorStaircase,orange,15
participant085,1724244898542,list1,orange,ColorStaircase,orange,20
participant085,1724244899234,list1,orange,ColorStaircase,orange,20
participant085,1724244900680,list1,orange,ColorStaircase,orange,25
participant085,1724244901611,list1,yellow,ColorStaircase,yellow,15
participant085,1724244902415,list1,yellow,ColorStaircase,yellow,15
participant085,1724244904006,list1,yellow,ColorStaircase,yellow,20
participant085,1724244905832,list1,orange,ColorStaircase,yellow,25
participant085,1724244906700,list1,orange,ColorStaircase,yellow,21
participant085,1724244907487,list1,yellow,ColorStaircase,yellow,20
participant085,1724244908505,list1,orange,ColorStaircase,orange,17
participant085,1724244909252,list1,orange,ColorStaircase,orange,17
participant085,1724244909965,list1,orange,ColorStaircase,orange,19
participant085,1724244910857,list1,yellow,ColorStaircase,yellow,25
participant085,1724244911631,list1,yellow,ColorStaircase,yellow,25
participant085,1724244918028,list1,yellow,ColorStaircase,orange,30
participant085,1724244918759,list1,orange,ColorStaircase,orange,19
participant085,1724244919307,list1,orange,ColorStaircase,orange,21
participant085,1724244919811,list1,orange,ColorStaircase,orange,21
participant085,1724244920313,list1,orange,ColorStaircase,orange,23
participant085,1724244920809,list1,yellow,ColorStaircase,orange,26
participant085,1724244921317,list1,yellow,ColorStaircase,orange,22
participant085,1724244921980,list1,orange,ColorStaircase,orange,23
participant085,1724244922659,list1,orange,ColorStaircase,yellow,25
participant085,1724244923326,list1,orange,ColorStaircase,yellow,24
participant085,1724244923921,list1,orange,ColorStaircase,yellow,23
participant085,1724244924673,list1,orange,ColorStaircase,yellow,22
participant085,1724244925377,list1,orange,ColorStaircase,yellow,21
participant085,1724244925918,list1,orange,ColorStaircase,yellow,20
participant085,1724244926433,list1,orange,ColorStaircase,yellow,19
participant085,1724244927129,list1,orange,ColorStaircase,orange,18
participant085,1724244927916,list1,yellow,ColorStaircase,yellow,18
participant085,1724244928552,list1,yellow,ColorStaircase,yellow,18
participant085,1724244929166,list1,yellow,ColorStaircase,yellow,20
participant085,1724244929854,list1,orange,ColorStaircase,orange,18
participant085,1724244930529,list1,yellow,ColorStaircase,yellow,20
participant085,1724244931416,list1,yellow,ColorStaircase,yellow,22
participant085,1724244932186,list1,yellow,ColorStaircase,yellow,22
participant085,1724244932941,list1,yellow,ColorStaircase,yellow,24
participant085,1724244935877,list1,yellow,ColorStaircase,yellow,24
participant085,1724244936678,list1,yellow,ColorStaircase,yellow,26
participant085,1724244937396,list1,yellow,ColorStaircase,yellow,26
participant085,1724244937948,list1,yellow,ColorStaircase,orange,28
participant085,1724244938803,list1,yellow,ColorStaircase,orange,27
participant085,1724244939575,list1,yellow,ColorStaircase,orange,26
participant085,1724244940899,list1,yellow,ColorStaircase,orange,25
participant085,1724244941388,list1,yellow,ColorStaircase,orange,24
participant085,1724244941856,list1,yellow,ColorStaircase,orange,23
participant085,1724244942334,list1,yellow,ColorStaircase,orange,22
participant085,1724244942808,list1,yellow,ColorStaircase,orange,21
participant085,1724244943288,list1,yellow,ColorStaircase,orange,20
participant085,1724244945102,list1,yellow,ColorStaircase,yellow,19
participant085,1724244945728,list1,yellow,ColorStaircase,yellow,19
participant087,1724280012411,list4,blue,ColorStaircase,blue,0
participant087,1724280013235,list4,green,ColorStaircase,green,0
participant087,1724280014051,list4,green,ColorStaircase,green,0
participant087,1724280014723,list4,green,ColorStaircase,green,5
participant087,1724280015435,list4,green,ColorStaircase,green,5
participant087,1724280016131,list4,green,ColorStaircase,green,10
participant087,1724280017083,list4,green,ColorStaircase,green,10
participant087,1724280017883,list4,green,ColorStaircase,green,15
participant087,1724280018659,list4,green,ColorStaircase,green,15
participant087,1724280019395,list4,green,ColorStaircase,green,20
participant087,1724280020259,list4,green,ColorStaircase,green,20
participant087,1724280021187,list4,green,ColorStaircase,blue,25
participant087,1724280022227,list4,green,ColorStaircase,green,21
participant087,1724280023059,list4,blue,ColorStaircase,blue,0
participant087,1724280023827,list4,blue,ColorStaircase,blue,5
participant087,1724280024515,list4,blue,ColorStaircase,blue,5
participant087,1724280025275,list4,green,ColorStaircase,green,21
participant087,1724280025995,list4,green,ColorStaircase,green,23
participant087,1724280026651,list4,green,ColorStaircase,green,23
participant087,1724280027363,list4,blue,ColorStaircase,blue,10
participant087,1724280028067,list4,blue,ColorStaircase,blue,10
participant087,1724280028787,list4,blue,ColorStaircase,blue,15
participant087,1724280029563,list4,blue,ColorStaircase,green,15
participant087,1724280030411,list4,green,ColorStaircase,green,25
participant087,1724280031075,list4,green,ColorStaircase,green,25
participant087,1724280031867,list4,blue,ColorStaircase,blue,11
participant087,1724280032547,list4,blue,ColorStaircase,blue,11
participant087,1724280033275,list4,blue,ColorStaircase,blue,13
participant087,1724280034019,list4,green,ColorStaircase,green,27
participant087,1724280034707,list4,green,ColorStaircase,green,27
participant087,1724280035403,list4,green,ColorStaircase,green,29
participant087,1724280036139,list4,blue,ColorStaircase,blue,13
participant087,1724280036971,list4,green,ColorStaircase,green,29
participant087,1724280037811,list4,blue,ColorStaircase,blue,15
participant087,1724280038587,list4,blue,ColorStaircase,blue,15
participant087,1724280039387,list4,green,ColorStaircase,blue,31
participant087,1724280040075,list4,blue,ColorStaircase,blue,17
participant087,1724280040754,list4,blue,ColorStaircase,green,17
participant087,1724280041635,list4,green,ColorStaircase,green,30
participant087,1724280042739,list4,green,ColorStaircase,green,30
participant087,1724280045859,list4,blue,ColorStaircase,green,16
participant087,1724280046835,list4,blue,ColorStaircase,green,15
participant087,1724280048075,list4,blue,ColorStaircase,green,14
participant087,1724280048971,list4,blue,ColorStaircase,green,13
participant087,1724280049635,list4,blue,ColorStaircase,green,12
participant087,1724280050419,list4,blue,ColorStaircase,blue,11
participant087,1724280051043,list4,blue,ColorStaircase,blue,11
participant088,1724251444843,list1,orange,ColorStaircase,orange,0
participant088,1724251448885,list1,orange,ColorStaircase,orange,0
participant088,1724251450521,list1,orange,ColorStaircase,orange,5
participant088,1724251453641,list1,orange,ColorStaircase,orange,5
participant088,1724251455124,list1,orange,ColorStaircase,orange,10
participant088,1724251456499,list1,orange,ColorStaircase,orange,10
participant088,1724251458741,list1,orange,ColorStaircase,orange,15
participant088,1724251460421,list1,orange,ColorStaircase,orange,15
participant088,1724251462238,list1,orange,ColorStaircase,orange,20
participant088,1724251463498,list1,yellow,ColorStaircase,yellow,0
participant088,1724251464411,list1,yellow,ColorStaircase,yellow,0
participant088,1724251465213,list1,yellow,ColorStaircase,yellow,5
participant088,1724251466064,list1,orange,ColorStaircase,orange,20
participant088,1724251466906,list1,orange,ColorStaircase,orange,25
participant088,1724251467942,list1,yellow,ColorStaircase,yellow,5
participant088,1724251468722,list1,orange,ColorStaircase,orange,25
participant088,1724251469474,list1,yellow,ColorStaircase,yellow,10
participant088,1724251470533,list1,yellow,ColorStaircase,yellow,10
participant088,1724251475810,list1,yellow,ColorStaircase,yellow,15
participant088,1724251477742,list1,yellow,ColorStaircase,yellow,15
participant088,1724251478995,list1,yellow,ColorStaircase,orange,20
participant088,1724251480180,list1,yellow,ColorStaircase,yellow,16
participant088,1724251481217,list1,orange,ColorStaircase,orange,30
participant088,1724251482335,list1,yellow,ColorStaircase,yellow,16
participant088,1724251483314,list1,yellow,ColorStaircase,orange,18
participant088,1724251486671,list1,yellow,ColorStaircase,yellow,17
participant088,1724251487623,list1,orange,ColorStaircase,orange,30
participant088,1724251488568,list1,yellow,ColorStaircase,yellow,17
participant088,1724251489634,list1,orange,ColorStaircase,yellow,35
participant088,1724251490490,list1,orange,ColorStaircase,orange,31
participant088,1724251491390,list1,orange,ColorStaircase,orange,31
participant088,1724251492410,list1,orange,ColorStaircase,yellow,33
participant088,1724251493489,list1,orange,ColorStaircase,yellow,32
participant088,1724251494483,list1,orange,ColorStaircase,orange,31
participant088,1724251495449,list1,orange,ColorStaircase,orange,31
participant089,1724280215443,list4,green,ColorStaircase,green,0
participant089,1724280217824,list4,blue,ColorStaircase,blue,0
participant089,1724280219808,list4,green,ColorStaircase,green,0
participant089,1724280221242,list4,blue,ColorStaircase,blue,0
participant089,1724280222152,list4,blue,ColorStaircase,blue,5
participant089,1724280223524,list4,green,ColorStaircase,green,5
participant089,1724280225483,list4,blue,ColorStaircase,blue,5
participant089,1724280226956,list4,green,ColorStaircase,green,5
participant089,1724280227990,list4,blue,ColorStaircase,blue,10
participant089,1724280229021,list4,green,ColorStaircase,green,10
participant089,1724280230088,list4,green,ColorStaircase,green,10
participant089,1724280232301,list4,blue,ColorStaircase,blue,10
participant089,1724280233160,list4,green,ColorStaircase,green,15
participant089,1724280234393,list4,green,ColorStaircase,green,15
participant089,1724280235298,list4,green,ColorStaircase,green,20
participant089,1724280236140,list4,blue,ColorStaircase,blue,15
participant089,1724280240819,list4,green,ColorStaircase,blue,20
participant089,1724280246251,list4,green,ColorStaircase,green,16
participant089,1724280247200,list4,green,ColorStaircase,green,16
participant089,1724280248850,list4,green,ColorStaircase,green,18
participant089,1724280251173,list4,blue,ColorStaircase,blue,15
participant089,1724280252220,list4,green,ColorStaircase,green,18
participant089,1724280253655,list4,blue,ColorStaircase,blue,20
participant089,1724280257420,list4,green,ColorStaircase,blue,20
participant089,1724280261368,list4,green,ColorStaircase,blue,19
participant089,1724280262355,list4,blue,ColorStaircase,blue,20
participant089,1724280263496,list4,green,ColorStaircase,green,18
participant089,1724280264667,list4,blue,ColorStaircase,blue,25
participant089,1724280265652,list4,blue,ColorStaircase,blue,25
participant089,1724280269722,list4,blue,ColorStaircase,blue,30
participant089,1724280273456,list4,green,ColorStaircase,blue,18
participant089,1724280274612,list4,blue,ColorStaircase,blue,30
participant089,1724280275895,list4,green,ColorStaircase,blue,18
participant089,1724280277115,list4,blue,ColorStaircase,green,35
participant089,1724280278033,list4,blue,ColorStaircase,green,31
participant089,1724280282094,list4,green,ColorStaircase,blue,18
participant089,1724280283322,list4,blue,ColorStaircase,blue,27
participant089,1724280286145,list4,blue,ColorStaircase,blue,27
participant089,1724280287011,list4,blue,ColorStaircase,blue,29
participant089,1724280287932,list4,green,ColorStaircase,blue,18
participant089,1724280289697,list4,blue,ColorStaircase,blue,29
participant089,1724280291676,list4,blue,ColorStaircase,blue,31
participant089,1724280293908,list4,green,ColorStaircase,blue,18
participant089,1724280312410,list4,blue,ColorStaircase,blue,31
participant089,1724280313629,list4,green,ColorStaircase,blue,18
participant089,1724280316439,list4,blue,ColorStaircase,green,33
participant089,1724280321364,list4,green,ColorStaircase,blue,18
participant089,1724280322043,list4,blue,ColorStaircase,blue,32
participant089,1724280323599,list4,blue,ColorStaircase,blue,32
participant089,1724280324940,list4,green,ColorStaircase,blue,18
participant089,1724280326485,list4,green,ColorStaircase,blue,18
participant089,1724280329692,list4,green,ColorStaircase,green,18
participant091,1724246731772,list1,orange,ColorStaircase,orange,0
participant091,1724246734925,list1,orange,ColorStaircase,orange,0
participant091,1724246736696,list1,orange,ColorStaircase,orange,5
participant091,1724246738792,list1,orange,ColorStaircase,orange,5
participant091,1724246740645,list1,yellow,ColorStaircase,yellow,0
participant091,1724246741464,list1,yellow,ColorStaircase,yellow,0
participant091,1724246742639,list1,yellow,ColorStaircase,yellow,5
participant091,1724246743616,list1,yellow,ColorStaircase,yellow,5
participant091,1724246745585,list1,yellow,ColorStaircase,yellow,10
participant091,1724246747824,list1,orange,ColorStaircase,orange,10
participant091,1724246749297,list1,yellow,ColorStaircase,yellow,10
participant091,1724246751332,list1,orange,ColorStaircase,orange,10
participant091,1724246752889,list1,orange,ColorStaircase,orange,15
participant091,1724246754119,list1,orange,ColorStaircase,orange,15
participant091,1724246755961,list1,yellow,ColorStaircase,yellow,15
participant091,1724246757395,list1,orange,ColorStaircase,orange,20
participant091,1724246758768,list1,orange,ColorStaircase,orange,20
participant091,1724246760475,list1,yellow,ColorStaircase,yellow,15
participant091,1724246763147,list1,orange,ColorStaircase,orange,25
participant091,1724246764739,list1,yellow,ColorStaircase,orange,20
participant091,1724246771948,list1,yellow,ColorStaircase,yellow,16
participant091,1724246773521,list1,yellow,ColorStaircase,yellow,16
participant091,1724246779656,list1,orange,ColorStaircase,orange,25
participant091,1724246781035,list1,yellow,ColorStaircase,orange,18
participant091,1724246782260,list1,yellow,ColorStaircase,orange,17
participant091,1724246783301,list1,yellow,ColorStaircase,orange,16
participant091,1724246785081,list1,orange,ColorStaircase,orange,30
participant091,1724246791529,list1,yellow,ColorStaircase,yellow,15
participant091,1724246794020,list1,orange,ColorStaircase,orange,30
participant091,1724246799651,list1,yellow,ColorStaircase,yellow,15
participant091,1724246801519,list1,orange,ColorStaircase,yellow,35
participant091,1724246803095,list1,orange,ColorStaircase,orange,31
participant091,1724246804384,list1,orange,ColorStaircase,orange,31
participant091,1724246806139,list1,orange,ColorStaircase,orange,33
participant091,1724246811403,list1,orange,ColorStaircase,orange,33
participant091,1724246814608,list1,orange,ColorStaircase,yellow,35
participant091,1724246815754,list1,orange,ColorStaircase,yellow,34
participant091,1724246816844,list1,orange,ColorStaircase,yellow,33
participant091,1724246820098,list1,orange,ColorStaircase,yellow,32
participant091,1724246821332,list1,orange,ColorStaircase,yellow,31
participant091,1724246822530,list1,orange,ColorStaircase,yellow,30
participant091,1724246824274,list1,orange,ColorStaircase,yellow,29
participant091,1724246826857,list1,orange,ColorStaircase,orange,28
participant091,1724246827868,list1,orange,ColorStaircase,orange,28
participant092,1724260694027,list3,green,ColorStaircase,green,0
participant092,1724260695013,list3,green,ColorStaircase,green,0
participant092,1724260695865,list3,blue,ColorStaircase,blue,0
participant092,1724260697893,list3,green,ColorStaircase,green,5
participant092,1724260699395,list3,green,ColorStaircase,green,5
participant092,1724260700164,list3,blue,ColorStaircase,blue,0
participant092,1724260700914,list3,blue,ColorStaircase,blue,5
participant092,1724260701625,list3,blue,ColorStaircase,blue,5
participant092,1724260702792,list3,blue,ColorStaircase,blue,10
participant092,1724260703517,list3,blue,ColorStaircase,blue,10
participant092,1724260704158,list3,green,ColorStaircase,green,10
participant092,1724260705047,list3,green,ColorStaircase,green,10
participant092,1724260705941,list3,green,ColorStaircase,green,15
participant092,1724260706683,list3,blue,ColorStaircase,blue,15
participant092,1724260707646,list3,blue,ColorStaircase,blue,15
participant092,1724260709117,list3,blue,ColorStaircase,blue,20
participant092,1724260710452,list3,green,ColorStaircase,green,15
participant092,1724260711363,list3,green,ColorStaircase,green,20
participant092,1724260712844,list3,blue,ColorStaircase,blue,20
participant092,1724260714030,list3,blue,ColorStaircase,green,25
participant092,1724260715036,list3,green,ColorStaircase,green,20
participant092,1724260716568,list3,blue,ColorStaircase,blue,21
participant092,1724260720944,list3,blue,ColorStaircase,green,21
participant092,1724260723532,list3,blue,ColorStaircase,blue,18
participant092,1724260727127,list3,blue,ColorStaircase,green,18
participant092,1724260729820,list3,blue,ColorStaircase,blue,16
participant092,1724260730979,list3,green,ColorStaircase,green,25
participant092,1724260732493,list3,blue,ColorStaircase,blue,16
participant092,1724260735265,list3,green,ColorStaircase,green,25
participant092,1724260736190,list3,green,ColorStaircase,blue,30
participant092,1724260737316,list3,blue,ColorStaircase,blue,16
participant092,1724260740015,list3,green,ColorStaircase,green,26
participant092,1724260741464,list3,green,ColorStaircase,green,26
participant092,1724260743571,list3,green,ColorStaircase,green,28
participant092,1724260746584,list3,green,ColorStaircase,green,28
participant092,1724260747672,list3,green,ColorStaircase,blue,30
participant092,1724260748997,list3,green,ColorStaircase,blue,29
participant092,1724260750937,list3,green,ColorStaircase,blue,28
participant092,1724260751741,list3,green,ColorStaircase,blue,27
participant092,1724260752467,list3,green,ColorStaircase,green,26
participant092,1724260753645,list3,green,ColorStaircase,green,26
participant093,1724280297472,list4,green,ColorStaircase,green,0
participant093,1724280298364,list4,blue,ColorStaircase,blue,0
participant093,1724280299331,list4,green,ColorStaircase,green,0
participant093,1724280300123,list4,blue,ColorStaircase,blue,0
participant093,1724280300987,list4,blue,ColorStaircase,blue,5
participant093,1724280301739,list4,green,ColorStaircase,green,5
participant093,1724280303095,list4,green,ColorStaircase,green,5
participant093,1724280305331,list4,green,ColorStaircase,green,10
participant093,1724280306399,list4,blue,ColorStaircase,blue,5
participant093,1724280307815,list4,green,ColorStaircase,green,10
participant093,1724280309191,list4,green,ColorStaircase,green,15
participant093,1724280310422,list4,green,ColorStaircase,green,15
participant093,1724280311578,list4,blue,ColorStaircase,blue,10
participant093,1724280313022,list4,green,ColorStaircase,green,20
participant093,1724280313878,list4,blue,ColorStaircase,blue,10
participant093,1724280314642,list4,blue,ColorStaircase,blue,15
participant093,1724280315430,list4,blue,ColorStaircase,blue,15
participant093,1724280316402,list4,green,ColorStaircase,green,20
participant093,1724280317254,list4,green,ColorStaircase,green,25
participant093,1724280318246,list4,blue,ColorStaircase,green,20
participant093,1724280319318,list4,green,ColorStaircase,green,25
participant093,1724280321386,list4,green,ColorStaircase,blue,30
participant093,1724280322661,list4,green,ColorStaircase,blue,26
participant093,1724280323773,list4,green,ColorStaircase,green,22
participant093,1724280324437,list4,blue,ColorStaircase,blue,16
participant093,1724280325153,list4,green,ColorStaircase,green,22
participant093,1724280325829,list4,blue,ColorStaircase,blue,16
participant093,1724280326897,list4,blue,ColorStaircase,blue,18
participant093,1724280327865,list4,blue,ColorStaircase,blue,18
participant093,1724280328697,list4,green,ColorStaircase,green,24
participant093,1724280329569,list4,green,ColorStaircase,green,24
participant093,1724280330253,list4,green,ColorStaircase,green,26
participant093,1724280330993,list4,blue,ColorStaircase,green,20
participant093,1724280331629,list4,green,ColorStaircase,green,26
participant093,1724280332297,list4,green,ColorStaircase,green,28
participant093,1724280332921,list4,blue,ColorStaircase,green,19
participant093,1724280333577,list4,blue,ColorStaircase,green,18
participant093,1724280334436,list4,blue,ColorStaircase,blue,17
participant093,1724280337356,list4,green,ColorStaircase,blue,28
participant093,1724280338248,list4,blue,ColorStaircase,blue,17
participant093,1724280339064,list4,green,ColorStaircase,green,27
participant093,1724280340308,list4,green,ColorStaircase,blue,27
participant093,1724280341056,list4,green,ColorStaircase,green,27
participant094,1724247843055,list1,yellow,ColorStaircase,yellow,0
participant094,1724247844108,list1,yellow,ColorStaircase,yellow,0
participant094,1724247845131,list1,orange,ColorStaircase,orange,0
participant094,1724247846053,list1,yellow,ColorStaircase,yellow,5
participant094,1724247848377,list1,orange,ColorStaircase,orange,0
participant094,1724247849374,list1,orange,ColorStaircase,orange,5
participant094,1724247850322,list1,yellow,ColorStaircase,yellow,5
participant094,1724247851215,list1,yellow,ColorStaircase,yellow,10
participant094,1724247851930,list1,yellow,ColorStaircase,yellow,10
participant094,1724247852806,list1,orange,ColorStaircase,orange,5
participant094,1724247854502,list1,yellow,ColorStaircase,yellow,15
participant094,1724247856892,list1,yellow,ColorStaircase,yellow,15
participant094,1724247857704,list1,orange,ColorStaircase,orange,10
participant094,1724247858424,list1,yellow,ColorStaircase,yellow,20
participant094,1724247863227,list1,yellow,ColorStaircase,orange,20
participant094,1724247865074,list1,orange,ColorStaircase,orange,10
participant094,1724247866057,list1,orange,ColorStaircase,orange,15
participant094,1724247870440,list1,yellow,ColorStaircase,orange,16
participant094,1724247871159,list1,yellow,ColorStaircase,orange,12
participant094,1724247874257,list1,yellow,ColorStaircase,yellow,8
participant094,1724247876458,list1,yellow,ColorStaircase,yellow,8
participant094,1724247877276,list1,orange,ColorStaircase,orange,15
participant094,1724247879158,list1,yellow,ColorStaircase,yellow,10
participant094,1724247879818,list1,yellow,ColorStaircase,yellow,10
participant094,1724247880708,list1,yellow,ColorStaircase,yellow,12
participant094,1724247881817,list1,orange,ColorStaircase,orange,20
participant094,1724247882966,list1,orange,ColorStaircase,orange,20
participant094,1724247884182,list1,yellow,ColorStaircase,yellow,12
participant094,1724247885053,list1,yellow,ColorStaircase,yellow,14
participant094,1724247886875,list1,yellow,ColorStaircase,yellow,14
participant094,1724247887779,list1,yellow,ColorStaircase,yellow,16
participant094,1724247889172,list1,orange,ColorStaircase,orange,25
participant094,1724247890085,list1,yellow,ColorStaircase,yellow,16
participant094,1724247891133,list1,orange,ColorStaircase,orange,25
participant094,1724247892517,list1,orange,ColorStaircase,orange,30
participant094,1724247893468,list1,orange,ColorStaircase,orange,30
participant094,1724247894324,list1,yellow,ColorStaircase,orange,18
participant094,1724247895686,list1,orange,ColorStaircase,orange,35
participant094,1724247896540,list1,orange,ColorStaircase,orange,35
participant094,1724247897376,list1,yellow,ColorStaircase,orange,17
participant094,1724247898186,list1,yellow,ColorStaircase,orange,16
participant094,1724247900157,list1,orange,ColorStaircase,yellow,40
participant094,1724247901861,list1,yellow,ColorStaircase,orange,15
participant094,1724247903198,list1,orange,ColorStaircase,orange,36
participant094,1724247904159,list1,orange,ColorStaircase,orange,36
participant094,1724247905019,list1,yellow,ColorStaircase,orange,14
participant094,1724247905886,list1,orange,ColorStaircase,orange,38
participant094,1724247907052,list1,yellow,ColorStaircase,orange,13
participant094,1724247907802,list1,yellow,ColorStaircase,orange,12
participant094,1724247909332,list1,orange,ColorStaircase,orange,38
participant094,1724247913661,list1,orange,ColorStaircase,yellow,40
participant094,1724247914447,list1,yellow,ColorStaircase,yellow,11
participant094,1724247915364,list1,yellow,ColorStaircase,yellow,11
participant094,1724247916159,list1,orange,ColorStaircase,yellow,39
participant094,1724247916990,list1,orange,ColorStaircase,yellow,38
participant094,1724247917851,list1,orange,ColorStaircase,yellow,37
participant094,1724247918621,list1,orange,ColorStaircase,yellow,36
participant094,1724247919653,list1,orange,ColorStaircase,yellow,35
participant094,1724247920589,list1,orange,ColorStaircase,yellow,34
participant094,1724247922658,list1,orange,ColorStaircase,yellow,33
participant094,1724247923419,list1,orange,ColorStaircase,yellow,32
participant094,1724247923679,list1,orange,ColorStaircase,yellow,31
participant094,1724247925904,list1,orange,ColorStaircase,orange,30
participant094,1724247927017,list1,orange,ColorStaircase,orange,30
participant095,1724256012396,list2,yellow,ColorStaircase,yellow,0
participant095,1724256013699,list2,yellow,ColorStaircase,yellow,0
participant095,1724256014731,list2,orange,ColorStaircase,orange,0
participant095,1724256015788,list2,orange,ColorStaircase,orange,0
participant095,1724256016684,list2,orange,ColorStaircase,orange,5
participant095,1724256017587,list2,orange,ColorStaircase,orange,5
participant095,1724256018636,list2,orange,ColorStaircase,orange,10
participant095,1724256019675,list2,yellow,ColorStaircase,yellow,5
participant095,1724256020588,list2,yellow,ColorStaircase,yellow,5
participant095,1724256021544,list2,yellow,ColorStaircase,yellow,10
participant095,1724256022451,list2,yellow,ColorStaircase,yellow,10
participant095,1724256023396,list2,orange,ColorStaircase,orange,10
participant095,1724256024435,list2,yellow,ColorStaircase,yellow,15
participant095,1724256025804,list2,yellow,ColorStaircase,yellow,15
participant095,1724256026716,list2,yellow,ColorStaircase,yellow,20
participant095,1724256027675,list2,yellow,ColorStaircase,yellow,20
participant095,1724256028708,list2,yellow,ColorStaircase,orange,25
participant095,1724256029795,list2,yellow,ColorStaircase,orange,21
participant095,1724256031379,list2,orange,ColorStaircase,orange,15
participant095,1724256032715,list2,yellow,ColorStaircase,yellow,17
participant095,1724256033660,list2,orange,ColorStaircase,orange,15
participant095,1724256034804,list2,yellow,ColorStaircase,yellow,17
participant095,1724256035867,list2,yellow,ColorStaircase,yellow,19
participant095,1724256037003,list2,orange,ColorStaircase,orange,20
participant095,1724256038356,list2,yellow,ColorStaircase,yellow,19
participant095,1724256039405,list2,yellow,ColorStaircase,yellow,21
participant095,1724256040548,list2,orange,ColorStaircase,orange,20
participant095,1724256041760,list2,yellow,ColorStaircase,yellow,21
participant095,1724256042915,list2,orange,ColorStaircase,yellow,25
participant095,1724256044138,list2,yellow,ColorStaircase,yellow,23
participant095,1724256045411,list2,orange,ColorStaircase,orange,21
participant095,1724256047091,list2,orange,ColorStaircase,orange,21
participant095,1724256048515,list2,yellow,ColorStaircase,yellow,23
participant095,1724256050429,list2,orange,ColorStaircase,orange,23
participant095,1724256051635,list2,orange,ColorStaircase,yellow,23
participant095,1724256052957,list2,yellow,ColorStaircase,yellow,25
participant095,1724256054486,list2,orange,ColorStaircase,orange,22
participant095,1724256055619,list2,orange,ColorStaircase,orange,22
participant095,1724256056571,list2,yellow,ColorStaircase,orange,25
participant095,1724256057491,list2,yellow,ColorStaircase,orange,24
participant095,1724256058427,list2,yellow,ColorStaircase,orange,23
participant095,1724256059476,list2,yellow,ColorStaircase,yellow,22
participant095,1724256060387,list2,yellow,ColorStaircase,yellow,22
participant096,1724280227290,list4,blue,ColorStaircase,blue,0
participant096,1724280228105,list4,blue,ColorStaircase,blue,0
participant096,1724280228809,list4,blue,ColorStaircase,blue,5
participant096,1724280229953,list4,green,ColorStaircase,green,0
participant096,1724280230673,list4,green,ColorStaircase,green,0
participant096,1724280231537,list4,blue,ColorStaircase,blue,5
participant096,1724280232417,list4,blue,ColorStaircase,blue,10
participant096,1724280233265,list4,blue,ColorStaircase,blue,10
participant096,1724280234497,list4,green,ColorStaircase,green,5
participant096,1724280235345,list4,blue,ColorStaircase,blue,15
participant096,1724280236433,list4,green,ColorStaircase,green,5
participant096,1724280237344,list4,blue,ColorStaircase,blue,15
participant096,1724280238401,list4,green,ColorStaircase,green,10
participant096,1724280239217,list4,green,ColorStaircase,green,10
participant096,1724280240193,list4,blue,ColorStaircase,blue,20
participant096,1724280241049,list4,green,ColorStaircase,green,15
participant096,1724280242041,list4,blue,ColorStaircase,blue,20
participant096,1724280243352,list4,green,ColorStaircase,green,15
participant096,1724280244569,list4,blue,ColorStaircase,blue,25
participant096,1724280246568,list4,blue,ColorStaircase,blue,25
participant096,1724280247568,list4,blue,ColorStaircase,green,30
participant096,1724280248697,list4,green,ColorStaircase,green,20
participant096,1724280249633,list4,green,ColorStaircase,green,20
participant096,1724280252081,list4,green,ColorStaircase,green,25
participant096,1724280253360,list4,green,ColorStaircase,blue,25
participant096,1724280254360,list4,green,ColorStaircase,green,21
participant096,1724280255464,list4,green,ColorStaircase,green,21
participant096,1724280256416,list4,blue,ColorStaircase,green,26
participant096,1724280257560,list4,blue,ColorStaircase,blue,22
participant096,1724280259136,list4,green,ColorStaircase,green,23
participant096,1724280260272,list4,blue,ColorStaircase,blue,22
participant096,1724280261352,list4,blue,ColorStaircase,blue,24
participant096,1724280262392,list4,green,ColorStaircase,blue,23
participant096,1724280263496,list4,green,ColorStaircase,green,22
participant096,1724280264312,list4,green,ColorStaircase,green,22
participant096,1724280265656,list4,blue,ColorStaircase,blue,24
participant096,1724280266912,list4,blue,ColorStaircase,green,26
participant096,1724280268088,list4,blue,ColorStaircase,green,25
participant096,1724280269440,list4,blue,ColorStaircase,green,24
participant096,1724280270816,list4,blue,ColorStaircase,green,23
participant096,1724280273480,list4,blue,ColorStaircase,green,22
participant096,1724280274480,list4,blue,ColorStaircase,green,21
participant096,1724280275488,list4,blue,ColorStaircase,green,20
participant096,1724280276856,list4,blue,ColorStaircase,blue,19
participant096,1724280277912,list4,blue,ColorStaircase,blue,19
participant101,1724280031444,list4,blue,ColorStaircase,blue,0
participant101,1724280032091,list4,green,ColorStaircase,green,0
participant101,1724280032651,list4,blue,ColorStaircase,blue,0
participant101,1724280033269,list4,green,ColorStaircase,green,0
participant101,1724280033828,list4,green,ColorStaircase,blue,5
participant101,1724280034512,list4,blue,ColorStaircase,blue,5
participant101,1724280035162,list4,blue,ColorStaircase,blue,5
participant101,1724280035884,list4,green,ColorStaircase,green,1
participant101,1724280036535,list4,blue,ColorStaircase,blue,10
participant101,1724280037262,list4,green,ColorStaircase,green,1
participant101,1724280038107,list4,green,ColorStaircase,green,3
participant101,1724280038821,list4,green,ColorStaircase,green,3
participant101,1724280039531,list4,green,ColorStaircase,green,5
participant101,1724280040188,list4,blue,ColorStaircase,blue,10
participant101,1724280040922,list4,blue,ColorStaircase,blue,15
participant101,1724280041581,list4,blue,ColorStaircase,blue,15
participant101,1724280042340,list4,green,ColorStaircase,green,5
participant101,1724280043464,list4,blue,ColorStaircase,blue,20
participant101,1724280044523,list4,green,ColorStaircase,green,7
participant101,1724280045327,list4,green,ColorStaircase,green,7
participant101,1724280046024,list4,green,ColorStaircase,green,9
participant101,1724280046680,list4,green,ColorStaircase,green,9
participant101,1724280047359,list4,green,ColorStaircase,green,11
participant101,1724280048091,list4,blue,ColorStaircase,blue,20
participant101,1724280049924,list4,blue,ColorStaircase,green,25
participant101,1724280050560,list4,green,ColorStaircase,green,11
participant101,1724280051443,list4,green,ColorStaircase,green,13
participant101,1724280052453,list4,green,ColorStaircase,green,13
participant101,1724280053259,list4,blue,ColorStaircase,blue,21
participant101,1724280053942,list4,blue,ColorStaircase,blue,21
participant101,1724280054915,list4,blue,ColorStaircase,blue,23
participant101,1724280055813,list4,green,ColorStaircase,green,15
participant101,1724280056564,list4,green,ColorStaircase,green,15
participant101,1724280057424,list4,blue,ColorStaircase,blue,23
participant101,1724280058501,list4,green,ColorStaircase,green,17
participant101,1724280059558,list4,green,ColorStaircase,green,17
participant101,1724280061382,list4,green,ColorStaircase,green,19
participant101,1724280062194,list4,blue,ColorStaircase,blue,25
participant101,1724280064247,list4,green,ColorStaircase,green,19
participant101,1724280065189,list4,blue,ColorStaircase,blue,25
participant101,1724280067133,list4,green,ColorStaircase,blue,21
participant101,1724280067909,list4,blue,ColorStaircase,blue,27
participant101,1724280069192,list4,green,ColorStaircase,blue,20
participant101,1724280070451,list4,blue,ColorStaircase,blue,27
participant101,1724280071479,list4,green,ColorStaircase,green,19
participant101,1724280072849,list4,green,ColorStaircase,green,19
participant101,1724280073818,list4,blue,ColorStaircase,green,29
participant101,1724280075127,list4,blue,ColorStaircase,green,28
participant101,1724280076311,list4,blue,ColorStaircase,blue,27
participant101,1724280077840,list4,blue,ColorStaircase,blue,27
participant103,1724249079730,list1,yellow,ColorStaircase,yellow,0
participant103,1724249080982,list1,yellow,ColorStaircase,yellow,0
participant103,1724249081722,list1,yellow,ColorStaircase,yellow,5
participant103,1724249083125,list1,orange,ColorStaircase,orange,0
participant103,1724249084234,list1,orange,ColorStaircase,orange,0
participant103,1724249084873,list1,orange,ColorStaircase,orange,5
participant103,1724249085746,list1,yellow,ColorStaircase,yellow,5
participant103,1724249086542,list1,yellow,ColorStaircase,yellow,10
participant103,1724249087358,list1,orange,ColorStaircase,orange,5
participant103,1724249088254,list1,yellow,ColorStaircase,yellow,10
participant103,1724249089046,list1,orange,ColorStaircase,orange,10
participant103,1724249089818,list1,orange,ColorStaircase,orange,10
participant103,1724249090498,list1,orange,ColorStaircase,orange,15
participant103,1724249091234,list1,orange,ColorStaircase,orange,15
participant103,1724249091938,list1,orange,ColorStaircase,orange,20
participant103,1724249094610,list1,yellow,ColorStaircase,yellow,15
participant103,1724249095869,list1,orange,ColorStaircase,orange,20
participant103,1724249104726,list1,yellow,ColorStaircase,yellow,15
participant103,1724249104993,list1,orange,ColorStaircase,yellow,25
participant103,1724249106077,list1,orange,ColorStaircase,orange,21
participant103,1724249106894,list1,orange,ColorStaircase,orange,21
participant103,1724249107937,list1,orange,ColorStaircase,orange,23
participant103,1724249108770,list1,orange,ColorStaircase,orange,23
participant103,1724249111982,list1,yellow,ColorStaircase,orange,20
participant103,1724249112926,list1,orange,ColorStaircase,orange,25
participant103,1724249115921,list1,yellow,ColorStaircase,orange,16
participant103,1724249116901,list1,orange,ColorStaircase,orange,25
participant103,1724249117721,list1,orange,ColorStaircase,orange,27
participant103,1724249118673,list1,yellow,ColorStaircase,yellow,12
participant103,1724249119450,list1,orange,ColorStaircase,orange,27
participant103,1724249120282,list1,orange,ColorStaircase,orange,29
participant103,1724249121678,list1,yellow,ColorStaircase,yellow,12
participant103,1724249123353,list1,orange,ColorStaircase,orange,29
participant103,1724249124634,list1,orange,ColorStaircase,orange,31
participant103,1724249125469,list1,orange,ColorStaircase,orange,31
participant103,1724249126174,list1,yellow,ColorStaircase,orange,14
participant103,1724249127543,list1,yellow,ColorStaircase,orange,13
participant103,1724249128827,list1,orange,ColorStaircase,orange,33
participant103,1724249129734,list1,yellow,ColorStaircase,yellow,12
participant103,1724249131235,list1,yellow,ColorStaircase,orange,12
participant103,1724249131899,list1,yellow,ColorStaircase,yellow,12
participant103,1724249132775,list1,orange,ColorStaircase,orange,33
participant103,1724249133647,list1,orange,ColorStaircase,orange,35
participant103,1724249134390,list1,orange,ColorStaircase,orange,35
participant103,1724249136671,list1,orange,ColorStaircase,orange,37
participant103,1724249136915,list1,orange,ColorStaircase,orange,37
participant103,1724249137631,list1,orange,ColorStaircase,yellow,39
participant103,1724249138227,list1,orange,ColorStaircase,orange,38
participant103,1724249138755,list1,orange,ColorStaircase,orange,38
participant104,1724260356541,list3,blue,ColorStaircase,blue,0
participant104,1724260357418,list3,blue,ColorStaircase,blue,0
participant104,1724260358312,list3,green,ColorStaircase,green,0
participant104,1724260359177,list3,green,ColorStaircase,green,0
participant104,1724260360155,list3,blue,ColorStaircase,blue,5
participant104,1724260360840,list3,blue,ColorStaircase,blue,5
participant104,1724260361572,list3,green,ColorStaircase,green,5
participant104,1724260362246,list3,blue,ColorStaircase,blue,10
participant104,1724260362998,list3,green,ColorStaircase,green,5
participant104,1724260363803,list3,green,ColorStaircase,green,10
participant104,1724260364459,list3,blue,ColorStaircase,blue,10
participant104,1724260365178,list3,blue,ColorStaircase,blue,15
participant104,1724260365861,list3,blue,ColorStaircase,blue,15
participant104,1724260366635,list3,green,ColorStaircase,green,10
participant104,1724260372863,list3,green,ColorStaircase,blue,15
participant104,1724260373747,list3,blue,ColorStaircase,blue,20
participant104,1724260375083,list3,green,ColorStaircase,green,11
participant104,1724260375905,list3,green,ColorStaircase,green,11
participant104,1724260376804,list3,blue,ColorStaircase,blue,20
participant104,1724260378375,list3,blue,ColorStaircase,blue,25
participant104,1724260379077,list3,blue,ColorStaircase,blue,25
participant104,1724260380498,list3,green,ColorStaircase,green,13
participant104,1724260381321,list3,green,ColorStaircase,green,13
participant104,1724260382182,list3,green,ColorStaircase,green,15
participant104,1724260382998,list3,green,ColorStaircase,green,15
participant104,1724260383751,list3,green,ColorStaircase,green,17
participant104,1724260385546,list3,blue,ColorStaircase,blue,30
participant104,1724260389470,list3,blue,ColorStaircase,blue,30
participant104,1724260391085,list3,green,ColorStaircase,green,17
participant104,1724260391927,list3,blue,ColorStaircase,green,35
participant104,1724260395265,list3,green,ColorStaircase,blue,19
participant104,1724260396568,list3,blue,ColorStaircase,blue,31
participant104,1724260398007,list3,blue,ColorStaircase,blue,31
participant104,1724260399328,list3,blue,ColorStaircase,green,33
participant104,1724260400467,list3,blue,ColorStaircase,green,32
participant104,1724260401511,list3,blue,ColorStaircase,green,31
participant104,1724260402358,list3,green,ColorStaircase,green,18
participant104,1724260403181,list3,green,ColorStaircase,green,18
participant104,1724260404416,list3,blue,ColorStaircase,green,30
participant104,1724260405363,list3,blue,ColorStaircase,green,29
participant104,1724260406371,list3,blue,ColorStaircase,blue,28
participant104,1724260407070,list3,blue,ColorStaircase,blue,28
participant105,1724256419829,list2,orange,ColorStaircase,orange,0
participant105,1724256420565,list2,yellow,ColorStaircase,yellow,0
participant105,1724256421374,list2,orange,ColorStaircase,orange,0
participant105,1724256422943,list2,orange,ColorStaircase,orange,5
participant105,1724256424763,list2,orange,ColorStaircase,yellow,5
participant105,1724256425552,list2,yellow,ColorStaircase,orange,0
participant105,1724256427166,list2,yellow,ColorStaircase,yellow,0
participant105,1724256427932,list2,orange,ColorStaircase,orange,1
participant105,1724256428722,list2,yellow,ColorStaircase,yellow,0
participant105,1724256429489,list2,orange,ColorStaircase,orange,1
participant105,1724256430265,list2,orange,ColorStaircase,orange,3
participant105,1724256431074,list2,yellow,ColorStaircase,yellow,3
participant105,1724256431839,list2,orange,ColorStaircase,orange,3
participant105,1724256432587,list2,orange,ColorStaircase,orange,5
participant105,1724256433662,list2,yellow,ColorStaircase,yellow,3
participant105,1724256435007,list2,yellow,ColorStaircase,yellow,6
participant105,1724256435717,list2,yellow,ColorStaircase,yellow,6
participant105,1724256436349,list2,yellow,ColorStaircase,yellow,9
participant105,1724256437012,list2,orange,ColorStaircase,orange,5
participant105,1724256437751,list2,yellow,ColorStaircase,yellow,9
participant105,1724256438474,list2,orange,ColorStaircase,orange,7
participant105,1724256439222,list2,orange,ColorStaircase,orange,7
participant105,1724256439921,list2,orange,ColorStaircase,orange,9
participant105,1724256440607,list2,yellow,ColorStaircase,yellow,12
participant105,1724256441253,list2,yellow,ColorStaircase,yellow,12
participant105,1724256441926,list2,yellow,ColorStaircase,yellow,15
participant105,1724256442686,list2,orange,ColorStaircase,orange,9
participant105,1724256443451,list2,orange,ColorStaircase,orange,11
participant105,1724256444361,list2,yellow,ColorStaircase,yellow,15
participant105,1724256444963,list2,yellow,ColorStaircase,yellow,18
participant105,1724256445577,list2,yellow,ColorStaircase,yellow,18
participant105,1724256446314,list2,orange,ColorStaircase,orange,11
participant105,1724256446999,list2,orange,ColorStaircase,orange,13
participant105,1724256448573,list2,yellow,ColorStaircase,yellow,21
participant105,1724256451167,list2,yellow,ColorStaircase,yellow,21
participant105,1724256451834,list2,yellow,ColorStaircase,yellow,24
participant105,1724256452467,list2,yellow,ColorStaircase,yellow,24
participant105,1724256453162,list2,orange,ColorStaircase,orange,13
participant105,1724256453798,list2,yellow,ColorStaircase,orange,27
participant105,1724256454564,list2,yellow,ColorStaircase,yellow,25
participant105,1724256455517,list2,yellow,ColorStaircase,yellow,25
participant105,1724256456312,list2,orange,ColorStaircase,orange,15
participant105,1724256457129,list2,orange,ColorStaircase,orange,15
participant105,1724256457754,list2,orange,ColorStaircase,orange,17
participant105,1724256458346,list2,orange,ColorStaircase,orange,17
participant105,1724256459074,list2,orange,ColorStaircase,orange,19
participant105,1724256459666,list2,orange,ColorStaircase,orange,19
participant105,1724256460546,list2,yellow,ColorStaircase,orange,25
participant105,1724256461199,list2,yellow,ColorStaircase,yellow,25
participant105,1724256478608,list2,orange,ColorStaircase,orange,21
participant105,1724256480472,list2,orange,ColorStaircase,yellow,21
participant105,1724256481196,list2,orange,ColorStaircase,orange,20
participant105,1724256481737,list2,orange,ColorStaircase,orange,20
participant106,1724280165303,list4,green,ColorStaircase,green,0
participant106,1724280166062,list4,blue,ColorStaircase,blue,0
participant106,1724280166793,list4,blue,ColorStaircase,blue,0
participant106,1724280167639,list4,blue,ColorStaircase,blue,5
participant106,1724280168269,list4,blue,ColorStaircase,blue,5
participant106,1724280168938,list4,green,ColorStaircase,green,0
participant106,1724280169656,list4,blue,ColorStaircase,blue,10
participant106,1724280170407,list4,blue,ColorStaircase,blue,10
participant106,1724280171868,list4,blue,ColorStaircase,blue,15
participant106,1724280172934,list4,blue,ColorStaircase,blue,15
participant106,1724280173784,list4,blue,ColorStaircase,blue,20
participant106,1724280174492,list4,blue,ColorStaircase,blue,20
participant106,1724280175222,list4,green,ColorStaircase,green,5
participant106,1724280176437,list4,blue,ColorStaircase,blue,25
participant106,1724280177134,list4,blue,ColorStaircase,blue,25
participant106,1724280177863,list4,green,ColorStaircase,green,5
participant106,1724280178558,list4,green,ColorStaircase,green,10
participant106,1724280179196,list4,green,ColorStaircase,green,10
participant106,1724280179981,list4,green,ColorStaircase,green,15
participant106,1724280180923,list4,green,ColorStaircase,green,15
participant106,1724280181580,list4,blue,ColorStaircase,green,30
participant106,1724280182361,list4,blue,ColorStaircase,blue,26
participant106,1724280183278,list4,blue,ColorStaircase,blue,26
participant106,1724280183981,list4,green,ColorStaircase,blue,20
participant106,1724280184608,list4,blue,ColorStaircase,blue,28
participant106,1724280185370,list4,green,ColorStaircase,blue,16
participant106,1724280186449,list4,blue,ColorStaircase,blue,28
participant106,1724280187287,list4,green,ColorStaircase,green,12
participant106,1724280188289,list4,blue,ColorStaircase,green,30
participant106,1724280189041,list4,green,ColorStaircase,green,12
participant106,1724280189766,list4,green,ColorStaircase,green,14
participant106,1724280190729,list4,blue,ColorStaircase,blue,29
participant106,1724280191479,list4,green,ColorStaircase,green,14
participant106,1724280192292,list4,blue,ColorStaircase,blue,29
participant106,1724280192958,list4,green,ColorStaircase,green,16
participant106,1724280193879,list4,green,ColorStaircase,green,16
participant106,1724280194663,list4,green,ColorStaircase,green,18
participant106,1724280195914,list4,green,ColorStaircase,green,18
participant106,1724280196857,list4,green,ColorStaircase,green,20
participant106,1724280197637,list4,green,ColorStaircase,green,20
participant106,1724280200841,list4,green,ColorStaircase,green,22
participant106,1724280201769,list4,green,ColorStaircase,blue,22
participant106,1724280203112,list4,green,ColorStaircase,green,21
participant106,1724280203813,list4,green,ColorStaircase,green,21
participant107,1724260292568,list3,green,ColorStaircase,green,0
participant107,1724260293433,list3,blue,ColorStaircase,blue,0
participant107,1724260295435,list3,blue,ColorStaircase,blue,0
participant107,1724260296695,list3,blue,ColorStaircase,blue,5
participant107,1724260297557,list3,blue,ColorStaircase,blue,5
participant107,1724260298263,list3,green,ColorStaircase,green,0
participant107,1724260299069,list3,green,ColorStaircase,green,5
participant107,1724260299928,list3,green,ColorStaircase,green,5
participant107,1724260300970,list3,blue,ColorStaircase,blue,10
participant107,1724260302012,list3,blue,ColorStaircase,blue,10
participant107,1724260303077,list3,blue,ColorStaircase,blue,15
participant107,1724260304128,list3,blue,ColorStaircase,blue,15
participant107,1724260305186,list3,blue,ColorStaircase,blue,20
participant107,1724260306139,list3,green,ColorStaircase,green,10
participant107,1724260307053,list3,green,ColorStaircase,green,10
participant107,1724260307917,list3,blue,ColorStaircase,blue,20
participant107,1724260308763,list3,blue,ColorStaircase,blue,25
participant107,1724260311065,list3,green,ColorStaircase,green,15
participant107,1724260312036,list3,blue,ColorStaircase,blue,25
participant107,1724260313292,list3,blue,ColorStaircase,blue,30
participant107,1724260314351,list3,green,ColorStaircase,green,15
participant107,1724260316416,list3,green,ColorStaircase,green,20
participant107,1724260318910,list3,blue,ColorStaircase,green,30
participant107,1724260320185,list3,blue,ColorStaircase,green,26
participant107,1724260321050,list3,green,ColorStaircase,blue,20
participant107,1724260323906,list3,green,ColorStaircase,blue,16
participant107,1724260324942,list3,blue,ColorStaircase,blue,22
participant107,1724260325901,list3,blue,ColorStaircase,blue,22
participant107,1724260326659,list3,green,ColorStaircase,green,12
participant107,1724260327529,list3,blue,ColorStaircase,blue,24
participant107,1724260328414,list3,green,ColorStaircase,green,12
participant107,1724260329209,list3,green,ColorStaircase,green,14
participant107,1724260329989,list3,blue,ColorStaircase,blue,24
participant107,1724260330783,list3,green,ColorStaircase,green,14
participant107,1724260332564,list3,blue,ColorStaircase,blue,26
participant107,1724260333868,list3,green,ColorStaircase,green,16
participant107,1724260335301,list3,blue,ColorStaircase,green,26
participant107,1724260336253,list3,green,ColorStaircase,green,16
participant107,1724260337184,list3,green,ColorStaircase,green,18
participant107,1724260338069,list3,blue,ColorStaircase,blue,25
participant107,1724260339030,list3,green,ColorStaircase,blue,18
participant107,1724260339950,list3,blue,ColorStaircase,blue,25
participant107,1724260340916,list3,green,ColorStaircase,blue,17
participant107,1724260341900,list3,green,ColorStaircase,blue,16
participant107,1724260343013,list3,green,ColorStaircase,green,15
participant107,1724260343856,list3,green,ColorStaircase,green,15
participant108,1724251270970,list1,orange,ColorStaircase,orange,0
participant108,1724251272181,list1,orange,ColorStaircase,orange,0
participant108,1724251272798,list1,yellow,ColorStaircase,yellow,0
participant108,1724251273551,list1,yellow,ColorStaircase,yellow,0
participant108,1724251274160,list1,orange,ColorStaircase,orange,5
participant108,1724251274967,list1,yellow,ColorStaircase,yellow,5
participant108,1724251275681,list1,orange,ColorStaircase,orange,5
participant108,1724251276515,list1,yellow,ColorStaircase,yellow,5
participant108,1724251277220,list1,yellow,ColorStaircase,yellow,10
participant108,1724251277823,list1,yellow,ColorStaircase,yellow,10
participant108,1724251278482,list1,orange,ColorStaircase,orange,10
participant108,1724251280339,list1,yellow,ColorStaircase,yellow,15
participant108,1724251280999,list1,orange,ColorStaircase,orange,10
participant108,1724251281993,list1,orange,ColorStaircase,orange,15
participant108,1724251282602,list1,orange,ColorStaircase,orange,15
participant108,1724251283228,list1,yellow,ColorStaircase,yellow,15
participant108,1724251283975,list1,yellow,ColorStaircase,yellow,20
participant108,1724251284606,list1,yellow,ColorStaircase,yellow,20
participant108,1724251285172,list1,yellow,ColorStaircase,yellow,25
participant108,1724251285945,list1,yellow,ColorStaircase,orange,25
participant108,1724251286783,list1,yellow,ColorStaircase,orange,21
participant108,1724251287530,list1,yellow,ColorStaircase,yellow,17
participant108,1724251288301,list1,orange,ColorStaircase,orange,20
participant108,1724251289079,list1,yellow,ColorStaircase,yellow,17
participant108,1724251289689,list1,orange,ColorStaircase,orange,20
participant108,1724251290401,list1,orange,ColorStaircase,orange,25
participant108,1724251291114,list1,orange,ColorStaircase,orange,25
participant108,1724251291759,list1,yellow,ColorStaircase,yellow,19
participant108,1724251292480,list1,orange,ColorStaircase,yellow,30
participant108,1724251293085,list1,yellow,ColorStaircase,yellow,19
participant108,1724251293860,list1,orange,ColorStaircase,orange,26
participant108,1724251294603,list1,orange,ColorStaircase,orange,26
participant108,1724251295471,list1,yellow,ColorStaircase,orange,21
participant108,1724251296248,list1,orange,ColorStaircase,orange,28
participant108,1724251296916,list1,orange,ColorStaircase,yellow,28
participant108,1724251297662,list1,yellow,ColorStaircase,orange,20
participant108,1724251298430,list1,yellow,ColorStaircase,orange,19
participant108,1724251299077,list1,orange,ColorStaircase,orange,27
participant108,1724251299683,list1,orange,ColorStaircase,orange,27
participant108,1724251300553,list1,yellow,ColorStaircase,yellow,18
participant108,1724251301373,list1,yellow,ColorStaircase,yellow,18
participant111,1724280435944,list4,blue,ColorStaircase,blue,0
participant111,1724280436991,list4,blue,ColorStaircase,blue,0
participant111,1724280438359,list4,blue,ColorStaircase,blue,5
participant111,1724280440027,list4,blue,ColorStaircase,blue,5
participant111,1724280442773,list4,blue,ColorStaircase,blue,10
participant111,1724280443775,list4,green,ColorStaircase,green,0
participant111,1724280444581,list4,blue,ColorStaircase,blue,10
participant111,1724280445327,list4,green,ColorStaircase,green,0
participant111,1724280446613,list4,green,ColorStaircase,green,5
participant111,1724280447588,list4,green,ColorStaircase,green,5
participant111,1724280448384,list4,blue,ColorStaircase,blue,15
participant111,1724280449150,list4,blue,ColorStaircase,blue,15
participant111,1724280450235,list4,blue,ColorStaircase,blue,20
participant111,1724280451550,list4,blue,ColorStaircase,blue,20
participant111,1724280452369,list4,green,ColorStaircase,green,10
participant111,1724280453474,list4,green,ColorStaircase,green,10
participant111,1724280455885,list4,green,ColorStaircase,green,15
participant111,1724280456799,list4,blue,ColorStaircase,blue,25
participant111,1724280458029,list4,green,ColorStaircase,green,15
participant111,1724280459262,list4,blue,ColorStaircase,blue,25
participant111,1724280461517,list4,green,ColorStaircase,blue,20
participant111,1724280463936,list4,blue,ColorStaircase,blue,30
participant111,1724280466760,list4,blue,ColorStaircase,blue,30
participant111,1724280467888,list4,blue,ColorStaircase,green,35
participant111,1724280470953,list4,green,ColorStaircase,green,16
participant111,1724280472706,list4,blue,ColorStaircase,blue,31
participant111,1724280473722,list4,green,ColorStaircase,green,16
participant111,1724280476922,list4,blue,ColorStaircase,blue,31
participant111,1724280478126,list4,blue,ColorStaircase,green,33
participant111,1724280480170,list4,green,ColorStaircase,blue,18
participant111,1724280483206,list4,green,ColorStaircase,green,17
participant111,1724280484602,list4,blue,ColorStaircase,blue,32
participant111,1724280487272,list4,green,ColorStaircase,blue,17
participant111,1724280488382,list4,blue,ColorStaircase,green,32
participant111,1724280490433,list4,blue,ColorStaircase,blue,32
participant111,1724280493970,list4,green,ColorStaircase,green,17
participant112,1724255893711,list2,orange,ColorStaircase,orange,0
participant112,1724255894866,list2,orange,ColorStaircase,orange,0
participant112,1724255895969,list2,orange,ColorStaircase,orange,5
participant112,1724255896833,list2,yellow,ColorStaircase,yellow,0
participant112,1724255897675,list2,yellow,ColorStaircase,yellow,0
participant112,1724255898440,list2,yellow,ColorStaircase,yellow,5
participant112,1724255899383,list2,orange,ColorStaircase,orange,5
participant112,1724255900228,list2,orange,ColorStaircase,orange,10
participant112,1724255900943,list2,yellow,ColorStaircase,yellow,5
participant112,1724255901603,list2,orange,ColorStaircase,orange,10
participant112,1724255903266,list2,orange,ColorStaircase,orange,15
participant112,1724255904173,list2,yellow,ColorStaircase,yellow,10
participant112,1724255904989,list2,orange,ColorStaircase,orange,15
participant112,1724255906354,list2,orange,ColorStaircase,orange,20
participant112,1724255907264,list2,yellow,ColorStaircase,yellow,10
participant112,1724255909553,list2,yellow,ColorStaircase,orange,15
participant112,1724255911121,list2,yellow,ColorStaircase,yellow,11
participant112,1724255911909,list2,orange,ColorStaircase,orange,20
participant112,1724255912940,list2,orange,ColorStaircase,orange,25
participant112,1724255913742,list2,orange,ColorStaircase,orange,25
participant112,1724255920375,list2,orange,ColorStaircase,orange,30
participant112,1724255921379,list2,yellow,ColorStaircase,yellow,11
participant112,1724255922194,list2,yellow,ColorStaircase,yellow,13
participant112,1724255923344,list2,orange,ColorStaircase,orange,30
participant112,1724255924386,list2,yellow,ColorStaircase,yellow,13
participant112,1724255927721,list2,yellow,ColorStaircase,yellow,15
participant112,1724255929939,list2,orange,ColorStaircase,yellow,35
participant112,1724255931015,list2,orange,ColorStaircase,orange,31
participant112,1724255932017,list2,orange,ColorStaircase,orange,31
participant112,1724255933978,list2,yellow,ColorStaircase,yellow,15
participant112,1724255935025,list2,yellow,ColorStaircase,orange,17
participant112,1724255936649,list2,yellow,ColorStaircase,orange,16
participant112,1724255937651,list2,orange,ColorStaircase,yellow,33
participant112,1724255939632,list2,orange,ColorStaircase,orange,32
participant112,1724255940384,list2,orange,ColorStaircase,yellow,32
participant112,1724255942478,list2,orange,ColorStaircase,yellow,32
participant112,1724255943185,list2,yellow,ColorStaircase,orange,15
participant112,1724255944601,list2,yellow,ColorStaircase,yellow,14
participant112,1724255945554,list2,orange,ColorStaircase,orange,32
participant112,1724255947223,list2,yellow,ColorStaircase,yellow,14
participant113,1724246062211,list1,orange,ColorStaircase,orange,0
participant113,1724246063026,list1,yellow,ColorStaircase,yellow,0
participant113,1724246063812,list1,yellow,ColorStaircase,yellow,0
participant113,1724246064578,list1,orange,ColorStaircase,orange,0
participant113,1724246065433,list1,orange,ColorStaircase,orange,5
participant113,1724246066228,list1,orange,ColorStaircase,orange,5
participant113,1724246066965,list1,orange,ColorStaircase,orange,10
participant113,1724246067780,list1,orange,ColorStaircase,orange,10
participant113,1724246068474,list1,yellow,ColorStaircase,yellow,5
participant113,1724246069220,list1,orange,ColorStaircase,orange,15
participant113,1724246069947,list1,orange,ColorStaircase,yellow,15
participant113,1724246070658,list1,yellow,ColorStaircase,orange,5
participant113,1724246071674,list1,orange,ColorStaircase,orange,11
participant113,1724246072433,list1,yellow,ColorStaircase,yellow,1
participant113,1724246073407,list1,yellow,ColorStaircase,yellow,1
participant113,1724246074143,list1,yellow,ColorStaircase,yellow,3
participant113,1724246074897,list1,orange,ColorStaircase,orange,11
participant113,1724246075593,list1,orange,ColorStaircase,orange,13
participant113,1724246076289,list1,orange,ColorStaircase,orange,13
participant113,1724246076943,list1,orange,ColorStaircase,orange,15
participant113,1724246077697,list1,yellow,ColorStaircase,yellow,3
participant113,1724246078433,list1,orange,ColorStaircase,orange,15
participant113,1724246079046,list1,yellow,ColorStaircase,yellow,5
participant113,1724246079729,list1,orange,ColorStaircase,orange,17
participant113,1724246080496,list1,yellow,ColorStaircase,yellow,5
participant113,1724246081121,list1,yellow,ColorStaircase,yellow,7
participant113,1724246081875,list1,yellow,ColorStaircase,yellow,7
participant113,1724246082651,list1,orange,ColorStaircase,orange,17
participant113,1724246083356,list1,yellow,ColorStaircase,yellow,9
participant113,1724246084161,list1,yellow,ColorStaircase,yellow,9
participant113,1724246084938,list1,yellow,ColorStaircase,yellow,11
participant113,1724246085703,list1,yellow,ColorStaircase,yellow,11
participant113,1724246086449,list1,orange,ColorStaircase,orange,19
participant113,1724246087193,list1,yellow,ColorStaircase,yellow,13
participant113,1724246087897,list1,yellow,ColorStaircase,yellow,13
participant113,1724246088754,list1,orange,ColorStaircase,orange,19
participant113,1724246089538,list1,orange,ColorStaircase,orange,21
participant113,1724246090365,list1,orange,ColorStaircase,orange,21
participant113,1724246091102,list1,yellow,ColorStaircase,yellow,15
participant113,1724246091776,list1,yellow,ColorStaircase,yellow,15
participant113,1724246092843,list1,orange,ColorStaircase,orange,23
participant113,1724246093579,list1,orange,ColorStaircase,orange,23
participant113,1724246094363,list1,orange,ColorStaircase,orange,25
participant113,1724246095169,list1,yellow,ColorStaircase,yellow,17
participant113,1724246096891,list1,orange,ColorStaircase,orange,25
participant113,1724246097838,list1,orange,ColorStaircase,orange,27
participant113,1724246098996,list1,orange,ColorStaircase,orange,27
participant113,1724246100014,list1,yellow,ColorStaircase,yellow,17
participant113,1724246100939,list1,yellow,ColorStaircase,yellow,19
participant113,1724246101987,list1,yellow,ColorStaircase,yellow,19
participant113,1724246103506,list1,yellow,ColorStaircase,orange,21
participant113,1724246104360,list1,yellow,ColorStaircase,yellow,20
participant113,1724246105681,list1,orange,ColorStaircase,yellow,29
participant113,1724246106445,list1,yellow,ColorStaircase,yellow,20
participant113,1724246107112,list1,orange,ColorStaircase,yellow,28
participant113,1724246107856,list1,orange,ColorStaircase,yellow,27
participant113,1724246109504,list1,orange,ColorStaircase,orange,26
participant113,1724246110314,list1,orange,ColorStaircase,orange,26
participant114,1724245250862,list1,yellow,ColorStaircase,yellow,0
participant114,1724245251902,list1,orange,ColorStaircase,orange,0
participant114,1724245252579,list1,yellow,ColorStaircase,yellow,0
participant114,1724245253186,list1,orange,ColorStaircase,orange,0
participant114,1724245254087,list1,orange,ColorStaircase,orange,5
participant114,1724245254642,list1,orange,ColorStaircase,orange,5
participant114,1724245255183,list1,orange,ColorStaircase,orange,10
participant114,1724245255886,list1,yellow,ColorStaircase,yellow,5
participant114,1724245256486,list1,yellow,ColorStaircase,yellow,5
participant114,1724245257010,list1,yellow,ColorStaircase,yellow,10
participant114,1724245257670,list1,orange,ColorStaircase,orange,10
participant114,1724245258459,list1,yellow,ColorStaircase,yellow,10
participant114,1724245260379,list1,yellow,ColorStaircase,orange,15
participant114,1724245263191,list1,yellow,ColorStaircase,orange,11
participant114,1724245265059,list1,yellow,ColorStaircase,yellow,7
participant114,1724245265810,list1,yellow,ColorStaircase,yellow,7
participant114,1724245266487,list1,yellow,ColorStaircase,yellow,9
participant114,1724245267179,list1,yellow,ColorStaircase,yellow,9
participant114,1724245267951,list1,orange,ColorStaircase,orange,15
participant114,1724245269031,list1,yellow,ColorStaircase,yellow,11
participant114,1724245269695,list1,orange,ColorStaircase,orange,15
participant114,1724245270635,list1,orange,ColorStaircase,orange,20
participant114,1724245271895,list1,yellow,ColorStaircase,yellow,11
participant114,1724245272587,list1,orange,ColorStaircase,orange,20
participant114,1724245273371,list1,orange,ColorStaircase,orange,25
participant114,1724245274883,list1,orange,ColorStaircase,orange,25
participant114,1724245275423,list1,orange,ColorStaircase,orange,30
participant114,1724245277355,list1,yellow,ColorStaircase,orange,13
participant114,1724245278283,list1,yellow,ColorStaircase,orange,12
participant114,1724245279319,list1,orange,ColorStaircase,orange,30
participant114,1724245280899,list1,yellow,ColorStaircase,yellow,11
participant114,1724245281915,list1,yellow,ColorStaircase,yellow,11
participant114,1724245282491,list1,orange,ColorStaircase,yellow,35
participant114,1724245283419,list1,orange,ColorStaircase,orange,31
participant114,1724245284383,list1,orange,ColorStaircase,orange,31
participant114,1724245284951,list1,orange,ColorStaircase,orange,33
participant114,1724245285871,list1,orange,ColorStaircase,orange,33
participant114,1724245286487,list1,orange,ColorStaircase,orange,35
participant114,1724245287255,list1,orange,ColorStaircase,orange,35
participant114,1724245287903,list1,orange,ColorStaircase,orange,37
participant114,1724245288879,list1,orange,ColorStaircase,orange,37
participant114,1724245290415,list1,orange,ColorStaircase,yellow,39
participant114,1724245291287,list1,orange,ColorStaircase,yellow,38
participant114,1724245292211,list1,orange,ColorStaircase,yellow,37
participant114,1724245293179,list1,orange,ColorStaircase,yellow,36
participant114,1724245293883,list1,orange,ColorStaircase,orange,35
participant114,1724245294615,list1,orange,ColorStaircase,orange,35
participant115,1724279991537,list4,green,ColorStaircase,green,0
participant115,1724279992667,list4,green,ColorStaircase,green,0
participant115,1724279993400,list4,green,ColorStaircase,green,5
participant115,1724279994113,list4,green,ColorStaircase,green,5
participant115,1724279994832,list4,green,ColorStaircase,green,10
participant115,1724279995493,list4,green,ColorStaircase,green,10
participant115,1724279996201,list4,blue,ColorStaircase,blue,0
participant115,1724279996979,list4,green,ColorStaircase,green,15
participant115,1724279997726,list4,green,ColorStaircase,green,15
participant115,1724279998411,list4,blue,ColorStaircase,blue,0
participant115,1724279999294,list4,green,ColorStaircase,green,20
participant115,1724280001466,list4,blue,ColorStaircase,blue,5
participant115,1724280002184,list4,green,ColorStaircase,green,20
participant115,1724280002839,list4,blue,ColorStaircase,blue,5
participant115,1724280003499,list4,green,ColorStaircase,green,25
participant115,1724280004148,list4,blue,ColorStaircase,blue,10
participant115,1724280005127,list4,green,ColorStaircase,green,25
participant115,1724280005829,list4,green,ColorStaircase,green,30
participant115,1724280006579,list4,green,ColorStaircase,blue,30
participant115,1724280007415,list4,blue,ColorStaircase,blue,10
participant115,1724280009328,list4,blue,ColorStaircase,green,15
participant115,1724280010027,list4,blue,ColorStaircase,green,11
participant115,1724280010816,list4,blue,ColorStaircase,blue,7
participant115,1724280011663,list4,green,ColorStaircase,green,26
participant115,1724280012242,list4,green,ColorStaircase,green,26
participant115,1724280012989,list4,green,ColorStaircase,green,28
participant115,1724280013632,list4,green,ColorStaircase,green,28
participant115,1724280014506,list4,blue,ColorStaircase,blue,7
participant115,1724280015305,list4,green,ColorStaircase,green,30
participant115,1724280016098,list4,green,ColorStaircase,green,30
participant115,1724280016959,list4,green,ColorStaircase,green,32
participant115,1724280017659,list4,blue,ColorStaircase,blue,9
participant115,1724280018609,list4,green,ColorStaircase,green,32
participant115,1724280019310,list4,blue,ColorStaircase,blue,9
participant115,1724280020355,list4,blue,ColorStaircase,blue,11
participant115,1724280021068,list4,blue,ColorStaircase,blue,11
participant115,1724280022504,list4,green,ColorStaircase,blue,34
participant115,1724280023192,list4,green,ColorStaircase,green,33
participant115,1724280023953,list4,blue,ColorStaircase,green,13
participant115,1724280024467,list4,green,ColorStaircase,blue,33
participant115,1724280025229,list4,blue,ColorStaircase,blue,12
participant115,1724280026453,list4,blue,ColorStaircase,green,12
participant115,1724280027486,list4,blue,ColorStaircase,blue,12
participant115,1724280028455,list4,green,ColorStaircase,green,33
participant116,1724260367404,list3,green,ColorStaircase,green,0
participant116,1724260368280,list3,green,ColorStaircase,green,0
participant116,1724260369103,list3,blue,ColorStaircase,blue,0
participant116,1724260370295,list3,blue,ColorStaircase,blue,0
participant116,1724260371085,list3,blue,ColorStaircase,blue,5
participant116,1724260372000,list3,blue,ColorStaircase,blue,5
participant116,1724260372864,list3,blue,ColorStaircase,blue,10
participant116,1724260373770,list3,green,ColorStaircase,green,5
participant116,1724260374471,list3,green,ColorStaircase,green,5
participant116,1724260375213,list3,green,ColorStaircase,green,10
participant116,1724260375931,list3,blue,ColorStaircase,blue,10
participant116,1724260376831,list3,blue,ColorStaircase,blue,15
participant116,1724260377547,list3,green,ColorStaircase,green,10
participant116,1724260378207,list3,green,ColorStaircase,green,15
participant116,1724260378928,list3,green,ColorStaircase,green,15
participant116,1724260379668,list3,blue,ColorStaircase,blue,15
participant116,1724260380402,list3,blue,ColorStaircase,blue,20
participant116,1724260381143,list3,green,ColorStaircase,green,20
participant116,1724260381875,list3,green,ColorStaircase,green,20
participant116,1724260385976,list3,green,ColorStaircase,green,25
participant116,1724260386777,list3,green,ColorStaircase,green,25
participant116,1724260387630,list3,blue,ColorStaircase,blue,20
participant116,1724260388377,list3,green,ColorStaircase,blue,30
participant116,1724260389454,list3,blue,ColorStaircase,green,25
participant116,1724260390345,list3,green,ColorStaircase,green,26
participant116,1724260391081,list3,green,ColorStaircase,green,26
participant116,1724260391847,list3,green,ColorStaircase,green,28
participant116,1724260393169,list3,green,ColorStaircase,green,28
participant116,1724260393979,list3,blue,ColorStaircase,green,21
participant116,1724260394954,list3,green,ColorStaircase,green,30
participant116,1724260395671,list3,blue,ColorStaircase,blue,17
participant116,1724260396673,list3,blue,ColorStaircase,blue,17
participant116,1724260397524,list3,green,ColorStaircase,green,30
participant116,1724260400666,list3,blue,ColorStaircase,blue,19
participant116,1724260401473,list3,green,ColorStaircase,blue,32
participant116,1724260402977,list3,green,ColorStaircase,blue,31
participant116,1724260403774,list3,green,ColorStaircase,green,30
participant116,1724260405343,list3,green,ColorStaircase,green,30
participant116,1724260406605,list3,blue,ColorStaircase,green,19
participant116,1724260408806,list3,blue,ColorStaircase,blue,18
participant116,1724260409528,list3,blue,ColorStaircase,blue,18
participant117,1724260454680,list3,green,ColorStaircase,green,0
participant117,1724260455521,list3,green,ColorStaircase,green,0
participant117,1724260456322,list3,blue,ColorStaircase,blue,0
participant117,1724260457075,list3,green,ColorStaircase,green,5
participant117,1724260457841,list3,blue,ColorStaircase,blue,0
participant117,1724260458777,list3,green,ColorStaircase,green,5
participant117,1724260459693,list3,green,ColorStaircase,green,10
participant117,1724260460505,list3,blue,ColorStaircase,blue,5
participant117,1724260461255,list3,green,ColorStaircase,green,10
participant117,1724260462040,list3,green,ColorStaircase,green,15
participant117,1724260462736,list3,blue,ColorStaircase,blue,5
participant117,1724260463390,list3,green,ColorStaircase,green,15
participant117,1724260464059,list3,green,ColorStaircase,green,20
participant117,1724260464790,list3,green,ColorStaircase,green,20
participant117,1724260465478,list3,blue,ColorStaircase,blue,10
participant117,1724260466126,list3,green,ColorStaircase,green,25
participant117,1724260469025,list3,green,ColorStaircase,blue,25
participant117,1724260470146,list3,green,ColorStaircase,green,21
participant117,1724260471025,list3,green,ColorStaircase,green,21
participant117,1724260471733,list3,blue,ColorStaircase,blue,10
participant117,1724260472561,list3,blue,ColorStaircase,blue,15
participant117,1724260473434,list3,green,ColorStaircase,green,23
participant117,1724260474211,list3,green,ColorStaircase,green,23
participant117,1724260475051,list3,green,ColorStaircase,green,25
participant117,1724260475844,list3,blue,ColorStaircase,blue,15
participant117,1724260478779,list3,blue,ColorStaircase,blue,20
participant117,1724260479728,list3,blue,ColorStaircase,green,20
participant117,1724260480779,list3,green,ColorStaircase,green,25
participant117,1724260481803,list3,green,ColorStaircase,green,27
participant117,1724260482606,list3,blue,ColorStaircase,blue,16
participant117,1724260483357,list3,blue,ColorStaircase,blue,16
participant117,1724260484662,list3,green,ColorStaircase,green,27
participant117,1724260485467,list3,green,ColorStaircase,green,29
participant117,1724260486518,list3,green,ColorStaircase,green,29
participant117,1724260487597,list3,blue,ColorStaircase,blue,18
participant117,1724260488388,list3,blue,ColorStaircase,blue,18
participant117,1724260489352,list3,blue,ColorStaircase,blue,20
participant117,1724260490188,list3,green,ColorStaircase,blue,31
participant117,1724260491102,list3,green,ColorStaircase,blue,30
participant117,1724260491959,list3,green,ColorStaircase,blue,29
participant117,1724260492978,list3,green,ColorStaircase,blue,28
participant117,1724260494000,list3,green,ColorStaircase,blue,27
participant117,1724260495100,list3,blue,ColorStaircase,blue,20
participant117,1724260496089,list3,green,ColorStaircase,blue,26
participant117,1724260497031,list3,blue,ColorStaircase,blue,22
participant117,1724260497944,list3,green,ColorStaircase,green,25
participant117,1724260499040,list3,blue,ColorStaircase,green,22
participant117,1724260500058,list3,blue,ColorStaircase,green,21
participant117,1724260502832,list3,blue,ColorStaircase,blue,20
participant117,1724260504201,list3,blue,ColorStaircase,blue,20
participant117,1724260505185,list3,green,ColorStaircase,green,25
participant118,1724280004379,list4,blue,ColorStaircase,blue,0
participant118,1724280005058,list4,green,ColorStaircase,green,0
participant118,1724280005774,list4,blue,ColorStaircase,blue,0
participant118,1724280006503,list4,green,ColorStaircase,green,0
participant118,1724280007312,list4,green,ColorStaircase,green,5
participant118,1724280008049,list4,green,ColorStaircase,green,5
participant118,1724280008843,list4,green,ColorStaircase,green,10
participant118,1724280009543,list4,green,ColorStaircase,green,10
participant118,1724280010197,list4,green,ColorStaircase,green,15
participant118,1724280010851,list4,blue,ColorStaircase,blue,5
participant118,1724280011502,list4,blue,ColorStaircase,blue,5
participant118,1724280012256,list4,green,ColorStaircase,green,15
participant118,1724280012959,list4,green,ColorStaircase,green,20
participant118,1724280014228,list4,green,ColorStaircase,blue,20
participant118,1724280015722,list4,green,ColorStaircase,green,16
participant118,1724280016518,list4,blue,ColorStaircase,blue,10
participant118,1724280017272,list4,blue,ColorStaircase,blue,10
participant118,1724280017942,list4,green,ColorStaircase,green,16
participant118,1724280018737,list4,green,ColorStaircase,green,18
participant118,1724280019486,list4,green,ColorStaircase,green,18
participant118,1724280020262,list4,blue,ColorStaircase,blue,15
participant118,1724280020997,list4,green,ColorStaircase,green,20
participant118,1724280021816,list4,green,ColorStaircase,green,20
participant118,1724280022516,list4,green,ColorStaircase,green,22
participant118,1724280023271,list4,blue,ColorStaircase,blue,15
participant118,1724280023982,list4,blue,ColorStaircase,green,20
participant118,1724280024761,list4,blue,ColorStaircase,blue,16
participant118,1724280025641,list4,green,ColorStaircase,green,22
participant118,1724280026537,list4,blue,ColorStaircase,blue,16
participant118,1724280027417,list4,green,ColorStaircase,green,24
participant118,1724280028198,list4,green,ColorStaircase,green,24
participant118,1724280028887,list4,green,ColorStaircase,green,26
participant118,1724280029612,list4,green,ColorStaircase,green,26
participant118,1724280030402,list4,blue,ColorStaircase,green,18
participant118,1724280031106,list4,green,ColorStaircase,green,28
participant118,1724280031825,list4,green,ColorStaircase,green,28
participant118,1724280032510,list4,green,ColorStaircase,green,30
participant118,1724280033718,list4,green,ColorStaircase,green,30
participant118,1724280034403,list4,green,ColorStaircase,green,32
participant118,1724280035399,list4,blue,ColorStaircase,green,17
participant118,1724280036043,list4,green,ColorStaircase,blue,32
participant118,1724280036758,list4,green,ColorStaircase,blue,31
participant118,1724280038239,list4,green,ColorStaircase,blue,30
participant118,1724280038917,list4,green,ColorStaircase,blue,29
participant118,1724280039677,list4,green,ColorStaircase,blue,28
participant118,1724280040397,list4,green,ColorStaircase,blue,27
participant118,1724280041116,list4,green,ColorStaircase,blue,26
participant118,1724280041891,list4,green,ColorStaircase,blue,25
participant118,1724280042792,list4,green,ColorStaircase,blue,24
participant118,1724280043833,list4,blue,ColorStaircase,blue,16
participant118,1724280044548,list4,blue,ColorStaircase,blue,16
participant118,1724280045283,list4,green,ColorStaircase,green,23
participant118,1724280046132,list4,green,ColorStaircase,green,23
participant120,1724260453657,list3,green,ColorStaircase,green,0
participant120,1724260456240,list3,blue,ColorStaircase,blue,0
participant120,1724260458192,list3,blue,ColorStaircase,blue,0
participant120,1724260460616,list3,blue,ColorStaircase,blue,5
participant120,1724260462288,list3,green,ColorStaircase,blue,0
participant120,1724260463280,list3,blue,ColorStaircase,blue,5
participant120,1724260465064,list3,green,ColorStaircase,green,0
participant120,1724260466536,list3,blue,ColorStaircase,blue,10
participant120,1724260467904,list3,green,ColorStaircase,green,0
participant120,1724260469656,list3,blue,ColorStaircase,blue,10
participant120,1724260471536,list3,blue,ColorStaircase,blue,15
participant120,1724260473552,list3,green,ColorStaircase,green,3
participant120,1724260474840,list3,blue,ColorStaircase,blue,15
participant120,1724260476439,list3,green,ColorStaircase,green,3
participant120,1724260477871,list3,blue,ColorStaircase,blue,20
participant120,1724260479176,list3,blue,ColorStaircase,blue,20
participant120,1724260480464,list3,green,ColorStaircase,green,6
participant120,1724260481984,list3,blue,ColorStaircase,green,25
participant120,1724260483088,list3,blue,ColorStaircase,green,21
participant120,1724260484367,list3,green,ColorStaircase,green,6
participant120,1724260485583,list3,green,ColorStaircase,green,9
participant120,1724260486896,list3,blue,ColorStaircase,blue,17
participant120,1724260488296,list3,green,ColorStaircase,green,9
participant120,1724260489216,list3,green,ColorStaircase,green,12
participant120,1724260490616,list3,blue,ColorStaircase,blue,17
participant120,1724260491696,list3,blue,ColorStaircase,blue,19
participant120,1724260493136,list3,green,ColorStaircase,green,12
participant120,1724260494911,list3,green,ColorStaircase,green,15
participant120,1724260496376,list3,blue,ColorStaircase,blue,19
participant120,1724260497591,list3,blue,ColorStaircase,blue,21
participant120,1724260499040,list3,blue,ColorStaircase,blue,21
participant120,1724260500336,list3,green,ColorStaircase,green,15
participant120,1724260501488,list3,green,ColorStaircase,green,18
participant120,1724260502464,list3,green,ColorStaircase,green,18
participant120,1724260503312,list3,green,ColorStaircase,green,21
participant120,1724260504711,list3,blue,ColorStaircase,blue,23
participant120,1724260506800,list3,blue,ColorStaircase,blue,23
participant120,1724260508319,list3,blue,ColorStaircase,blue,25
participant120,1724260511152,list3,blue,ColorStaircase,green,25
participant120,1724260512016,list3,blue,ColorStaircase,green,24
participant120,1724260512992,list3,green,ColorStaircase,green,21
participant120,1724260513919,list3,green,ColorStaircase,green,24
participant120,1724260515432,list3,green,ColorStaircase,green,24
participant120,1724260517208,list3,blue,ColorStaircase,green,23
participant120,1724260518024,list3,green,ColorStaircase,green,27
participant120,1724260519376,list3,blue,ColorStaircase,green,22
participant120,1724260520376,list3,blue,ColorStaircase,green,21
participant120,1724260521088,list3,blue,ColorStaircase,green,20
participant120,1724260526288,list3,blue,ColorStaircase,blue,19
participant120,1724260527280,list3,blue,ColorStaircase,blue,19
participant120,1724260530512,list3,green,ColorStaircase,green,27
participant120,1724260532271,list3,green,ColorStaircase,blue,30
participant120,1724260535479,list3,green,ColorStaircase,green,28
participant120,1724260536335,list3,green,ColorStaircase,green,28
participant120,1724260537152,list3,green,ColorStaircase,green,28
