participant,utc,list,dimension,phase,response,step
participant001,1724255725365,list2,wood,materialStaircase,wood,0
participant001,1724255727604,list2,metal,materialStaircase,metal,0
participant001,1724255728637,list2,metal,materialStaircase,metal,0
participant001,1724255730197,list2,metal,materialStaircase,metal,1
participant001,1724255731253,list2,wood,materialStaircase,wood,0
participant001,1724255732723,list2,wood,materialStaircase,wood,1
participant001,1724255733716,list2,metal,materialStaircase,metal,1
participant001,1724255734885,list2,metal,materialStaircase,metal,2
participant001,1724255735981,list2,wood,materialStaircase,wood,1
participant001,1724255737157,list2,wood,materialStaircase,wood,2
participant001,1724255738140,list2,metal,materialStaircase,metal,2
participant001,1724255739164,list2,wood,materialStaircase,wood,2
participant001,1724255740324,list2,wood,materialStaircase,wood,3
participant001,1724255741332,list2,wood,materialStaircase,wood,3
participant001,1724255742685,list2,metal,materialStaircase,metal,3
participant001,1724255743684,list2,metal,materialStaircase,metal,3
participant001,1724255745172,list2,wood,materialStaircase,metal,4
participant001,1724255746275,list2,metal,materialStaircase,metal,4
participant001,1724255747613,list2,wood,materialStaircase,metal,3
participant001,1724255748708,list2,metal,materialStaircase,metal,4
participant001,1724255749860,list2,metal,materialStaircase,metal,5
participant001,1724255751005,list2,wood,materialStaircase,metal,2
participant001,1724255752301,list2,metal,materialStaircase,metal,5
participant001,1724255753581,list2,metal,materialStaircase,metal,6
participant001,1724255754981,list2,metal,materialStaircase,metal,6
participant001,1724255756405,list2,wood,materialStaircase,wood,1
participant001,1724255757427,list2,wood,materialStaircase,wood,1
participant001,1724255758668,list2,metal,materialStaircase,wood,7
participant001,1724255759731,list2,wood,materialStaircase,wood,2
participant001,1724255760725,list2,wood,materialStaircase,wood,2
participant001,1724255762165,list2,metal,materialStaircase,wood,6
participant001,1724255765251,list2,metal,materialStaircase,metal,5
participant001,1724255766301,list2,metal,materialStaircase,metal,5
participant001,1724255767885,list2,metal,materialStaircase,metal,6
participant001,1724255768891,list2,metal,materialStaircase,metal,6
participant001,1724255769835,list2,wood,materialStaircase,metal,3
participant001,1724255771837,list2,wood,materialStaircase,wood,2
participant001,1724255772965,list2,wood,materialStaircase,wood,2
participant001,1724255774014,list2,metal,materialStaircase,wood,7
participant001,1724255775165,list2,metal,materialStaircase,wood,6
participant001,1724255777524,list2,metal,materialStaircase,metal,5
participant001,1724255778493,list2,metal,materialStaircase,metal,5
participant005,1724260219863,list3,metal,materialStaircase,metal,0
participant005,1724260221076,list3,wood,materialStaircase,wood,0
participant005,1724260221997,list3,wood,materialStaircase,wood,0
participant005,1724260222931,list3,metal,materialStaircase,metal,0
participant005,1724260223749,list3,metal,materialStaircase,metal,1
participant005,1724260224741,list3,metal,materialStaircase,metal,1
participant005,1724260225557,list3,metal,materialStaircase,metal,2
participant005,1724260226456,list3,wood,materialStaircase,wood,1
participant005,1724260227302,list3,wood,materialStaircase,wood,1
participant005,1724260228412,list3,wood,materialStaircase,wood,2
participant005,1724260229406,list3,metal,materialStaircase,metal,2
participant005,1724260230422,list3,wood,materialStaircase,wood,2
participant005,1724260231451,list3,wood,materialStaircase,wood,3
participant005,1724260232369,list3,wood,materialStaircase,wood,3
participant005,1724260233552,list3,metal,materialStaircase,metal,3
participant005,1724260235171,list3,wood,materialStaircase,metal,4
participant005,1724260236397,list3,metal,materialStaircase,metal,3
participant005,1724260237529,list3,metal,materialStaircase,metal,4
participant005,1724260239796,list3,wood,materialStaircase,wood,3
participant005,1724260240951,list3,wood,materialStaircase,wood,3
participant005,1724260243890,list3,wood,materialStaircase,wood,4
participant005,1724260246848,list3,wood,materialStaircase,wood,4
participant005,1724260248562,list3,wood,materialStaircase,wood,5
participant005,1724260249526,list3,metal,materialStaircase,metal,4
participant005,1724260250775,list3,metal,materialStaircase,metal,5
participant005,1724260252986,list3,wood,materialStaircase,metal,5
participant005,1724260254809,list3,metal,materialStaircase,wood,5
participant005,1724260255684,list3,wood,materialStaircase,wood,4
participant005,1724260257057,list3,metal,materialStaircase,metal,4
participant005,1724260258286,list3,metal,materialStaircase,metal,4
participant005,1724260259642,list3,metal,materialStaircase,wood,5
participant005,1724260260638,list3,wood,materialStaircase,wood,4
participant005,1724260262682,list3,metal,materialStaircase,metal,4
participant005,1724260263680,list3,metal,materialStaircase,metal,4
participant006,1724255551647,list2,wood,materialStaircase,wood,0
participant006,1724255552617,list2,wood,materialStaircase,wood,0
participant006,1724255553787,list2,metal,materialStaircase,metal,0
participant006,1724255554728,list2,metal,materialStaircase,metal,0
participant006,1724255555870,list2,metal,materialStaircase,metal,1
participant006,1724255557291,list2,wood,materialStaircase,wood,1
participant006,1724255558362,list2,metal,materialStaircase,metal,1
participant006,1724255559629,list2,wood,materialStaircase,wood,1
participant006,1724255560625,list2,metal,materialStaircase,metal,2
participant006,1724255561849,list2,wood,materialStaircase,wood,2
participant006,1724255562767,list2,metal,materialStaircase,metal,2
participant006,1724255563812,list2,wood,materialStaircase,wood,2
participant006,1724255565167,list2,wood,materialStaircase,wood,3
participant006,1724255566145,list2,wood,materialStaircase,wood,3
participant006,1724255567286,list2,metal,materialStaircase,metal,3
participant006,1724255568437,list2,wood,materialStaircase,metal,4
participant006,1724255569530,list2,metal,materialStaircase,metal,3
participant006,1724255570554,list2,metal,materialStaircase,metal,4
participant006,1724255571594,list2,wood,materialStaircase,metal,3
participant006,1724255572789,list2,wood,materialStaircase,wood,2
participant006,1724255573685,list2,metal,materialStaircase,metal,4
participant006,1724255574605,list2,wood,materialStaircase,wood,2
participant006,1724255575877,list2,wood,materialStaircase,wood,3
participant006,1724255577055,list2,metal,materialStaircase,wood,5
participant006,1724255578095,list2,wood,materialStaircase,wood,3
participant006,1724255579299,list2,wood,materialStaircase,metal,4
participant006,1724255580190,list2,wood,materialStaircase,wood,3
participant006,1724255581208,list2,metal,materialStaircase,metal,4
participant006,1724255582069,list2,metal,materialStaircase,wood,4
participant006,1724255583276,list2,metal,materialStaircase,metal,3
participant006,1724255584317,list2,wood,materialStaircase,wood,3
participant006,1724255585254,list2,metal,materialStaircase,metal,3
participant006,1724255586671,list2,metal,materialStaircase,metal,4
participant006,1724255587598,list2,metal,materialStaircase,metal,4
participant006,1724255588659,list2,metal,materialStaircase,metal,5
participant006,1724255589530,list2,metal,materialStaircase,metal,5
participant006,1724255590730,list2,metal,materialStaircase,metal,6
participant006,1724255591568,list2,metal,materialStaircase,metal,6
participant006,1724255592620,list2,metal,materialStaircase,metal,7
participant006,1724255593573,list2,metal,materialStaircase,metal,7
participant006,1724255594382,list2,metal,materialStaircase,wood,8
participant006,1724255595136,list2,metal,materialStaircase,metal,7
participant007,1724280058546,list4,wood,materialStaircase,wood,0
participant007,1724280059713,list4,metal,materialStaircase,metal,0
participant007,1724280060911,list4,wood,materialStaircase,wood,0
participant007,1724280063664,list4,wood,materialStaircase,wood,1
participant007,1724280065087,list4,metal,materialStaircase,metal,0
participant007,1724280066687,list4,wood,materialStaircase,wood,1
participant007,1724280068449,list4,wood,materialStaircase,wood,2
participant007,1724280070009,list4,wood,materialStaircase,wood,2
participant007,1724280071798,list4,wood,materialStaircase,wood,3
participant007,1724280072941,list4,metal,materialStaircase,metal,1
participant007,1724280073939,list4,metal,materialStaircase,metal,1
participant007,1724280075122,list4,wood,materialStaircase,wood,3
participant007,1724280076354,list4,wood,materialStaircase,metal,4
participant007,1724280078221,list4,wood,materialStaircase,wood,3
participant007,1724280079337,list4,metal,materialStaircase,metal,2
participant007,1724280080351,list4,metal,materialStaircase,metal,2
participant007,1724280081423,list4,metal,materialStaircase,metal,3
participant007,1724280082364,list4,metal,materialStaircase,metal,3
participant007,1724280083581,list4,wood,materialStaircase,wood,3
participant007,1724280085235,list4,metal,materialStaircase,metal,4
participant007,1724280086504,list4,wood,materialStaircase,metal,4
participant007,1724280087534,list4,metal,materialStaircase,metal,4
participant007,1724280088971,list4,wood,materialStaircase,metal,3
participant007,1724280090294,list4,metal,materialStaircase,metal,5
participant007,1724280091279,list4,metal,materialStaircase,metal,5
participant007,1724280092756,list4,wood,materialStaircase,wood,2
participant007,1724280094312,list4,metal,materialStaircase,wood,6
participant007,1724280095533,list4,wood,materialStaircase,metal,2
participant007,1724280096727,list4,wood,materialStaircase,wood,1
participant007,1724280097881,list4,metal,materialStaircase,metal,5
participant007,1724280098792,list4,metal,materialStaircase,metal,5
participant007,1724280100110,list4,metal,materialStaircase,metal,6
participant007,1724280101129,list4,metal,materialStaircase,metal,6
participant007,1724280102658,list4,metal,materialStaircase,wood,7
participant007,1724280103931,list4,metal,materialStaircase,metal,6
participant007,1724280104856,list4,metal,materialStaircase,metal,6
participant009,1724255754269,list2,metal,materialStaircase,metal,0
participant009,1724255755581,list2,metal,materialStaircase,metal,0
participant009,1724255757013,list2,metal,materialStaircase,metal,1
participant009,1724255758309,list2,metal,materialStaircase,metal,1
participant009,1724255759413,list2,wood,materialStaircase,wood,0
participant009,1724255760485,list2,wood,materialStaircase,wood,0
participant009,1724255762373,list2,wood,materialStaircase,wood,1
participant009,1724255763717,list2,metal,materialStaircase,metal,2
participant009,1724255764845,list2,metal,materialStaircase,metal,2
participant009,1724255766797,list2,wood,materialStaircase,wood,1
participant009,1724255767902,list2,metal,materialStaircase,metal,3
participant009,1724255769805,list2,wood,materialStaircase,wood,2
participant009,1724255770966,list2,metal,materialStaircase,metal,3
participant009,1724255772510,list2,wood,materialStaircase,metal,2
participant009,1724255773717,list2,metal,materialStaircase,metal,4
participant009,1724255774886,list2,metal,materialStaircase,metal,4
participant009,1724255776062,list2,wood,materialStaircase,wood,1
participant009,1724255777213,list2,wood,materialStaircase,wood,1
participant009,1724255778590,list2,wood,materialStaircase,wood,2
participant009,1724255779854,list2,metal,materialStaircase,metal,5
participant009,1724255782374,list2,wood,materialStaircase,wood,2
participant009,1724255784734,list2,wood,materialStaircase,wood,3
participant009,1724255786262,list2,wood,materialStaircase,wood,3
participant009,1724255787846,list2,wood,materialStaircase,metal,4
participant009,1724255789182,list2,wood,materialStaircase,wood,3
participant009,1724255791638,list2,wood,materialStaircase,wood,3
participant009,1724255794246,list2,metal,materialStaircase,wood,5
participant009,1724255795823,list2,metal,materialStaircase,metal,4
participant009,1724255797406,list2,metal,materialStaircase,metal,4
participant009,1724255799535,list2,metal,materialStaircase,metal,5
participant009,1724255801415,list2,metal,materialStaircase,metal,5
participant009,1724255804358,list2,metal,materialStaircase,metal,6
participant009,1724255806183,list2,metal,materialStaircase,wood,6
participant009,1724255808647,list2,metal,materialStaircase,metal,5
participant009,1724255810934,list2,metal,materialStaircase,metal,5
participant010,1724255732186,list2,wood,materialStaircase,wood,0
participant010,1724255733271,list2,wood,materialStaircase,wood,0
participant010,1724255734866,list2,wood,materialStaircase,wood,1
participant010,1724255736137,list2,metal,materialStaircase,metal,0
participant010,1724255737152,list2,metal,materialStaircase,metal,0
participant010,1724255741052,list2,wood,materialStaircase,wood,1
participant010,1724255742268,list2,metal,materialStaircase,metal,1
participant010,1724255743554,list2,wood,materialStaircase,wood,2
participant010,1724255744596,list2,wood,materialStaircase,wood,2
participant010,1724255745706,list2,wood,materialStaircase,wood,3
participant010,1724255746950,list2,metal,materialStaircase,metal,1
participant010,1724255747906,list2,metal,materialStaircase,metal,2
participant010,1724255749159,list2,wood,materialStaircase,wood,3
participant010,1724255750738,list2,wood,materialStaircase,metal,4
participant010,1724255752028,list2,metal,materialStaircase,metal,2
participant010,1724255753948,list2,metal,materialStaircase,metal,3
participant010,1724255755344,list2,wood,materialStaircase,wood,3
participant010,1724255756556,list2,metal,materialStaircase,metal,3
participant010,1724255757710,list2,wood,materialStaircase,wood,3
participant010,1724255759754,list2,metal,materialStaircase,metal,4
participant010,1724255761476,list2,wood,materialStaircase,wood,4
participant010,1724255762978,list2,metal,materialStaircase,metal,4
participant010,1724255764345,list2,wood,materialStaircase,metal,4
participant010,1724255765754,list2,wood,materialStaircase,metal,3
participant010,1724255767290,list2,wood,materialStaircase,wood,2
participant010,1724255771067,list2,metal,materialStaircase,wood,5
participant010,1724255772168,list2,metal,materialStaircase,metal,4
participant010,1724255773376,list2,wood,materialStaircase,wood,2
participant010,1724255774808,list2,metal,materialStaircase,metal,4
participant010,1724255775970,list2,metal,materialStaircase,metal,5
participant010,1724255777316,list2,metal,materialStaircase,metal,5
participant010,1724255779708,list2,metal,materialStaircase,metal,6
participant010,1724255782618,list2,metal,materialStaircase,metal,6
participant010,1724255783738,list2,metal,materialStaircase,wood,7
participant010,1724255785096,list2,metal,materialStaircase,wood,6
participant010,1724255786802,list2,metal,materialStaircase,metal,5
participant010,1724255788260,list2,metal,materialStaircase,wood,5
participant010,1724255789750,list2,metal,materialStaircase,wood,4
participant010,1724255792300,list2,metal,materialStaircase,metal,3
participant011,1724255737637,list2,metal,materialStaircase,metal,0
participant011,1724255738589,list2,metal,materialStaircase,metal,0
participant011,1724255739687,list2,wood,materialStaircase,wood,0
participant011,1724255740545,list2,wood,materialStaircase,wood,0
participant011,1724255741450,list2,metal,materialStaircase,metal,1
participant011,1724255743011,list2,wood,materialStaircase,metal,1
participant011,1724255744175,list2,metal,materialStaircase,metal,1
participant011,1724255745196,list2,metal,materialStaircase,metal,2
participant011,1724255746088,list2,metal,materialStaircase,metal,2
participant011,1724255747089,list2,metal,materialStaircase,metal,3
participant011,1724255748257,list2,wood,materialStaircase,wood,0
participant011,1724255749106,list2,wood,materialStaircase,wood,0
participant011,1724255750263,list2,wood,materialStaircase,wood,1
participant011,1724255751257,list2,wood,materialStaircase,wood,1
participant011,1724255752250,list2,metal,materialStaircase,metal,3
participant011,1724255753160,list2,metal,materialStaircase,metal,4
participant011,1724255754524,list2,wood,materialStaircase,metal,2
participant011,1724255756423,list2,wood,materialStaircase,wood,1
participant011,1724255757652,list2,wood,materialStaircase,wood,1
participant011,1724255758604,list2,metal,materialStaircase,metal,4
participant011,1724255759518,list2,metal,materialStaircase,metal,5
participant011,1724255760368,list2,metal,materialStaircase,metal,5
participant011,1724255761297,list2,metal,materialStaircase,metal,6
participant011,1724255762117,list2,metal,materialStaircase,metal,6
participant011,1724255762894,list2,metal,materialStaircase,metal,7
participant011,1724255763770,list2,metal,materialStaircase,metal,7
participant011,1724255767720,list2,metal,materialStaircase,metal,8
participant011,1724255769778,list2,metal,materialStaircase,metal,8
participant011,1724255772932,list2,metal,materialStaircase,wood,9
participant011,1724255775163,list2,metal,materialStaircase,metal,8
participant011,1724255778538,list2,metal,materialStaircase,metal,8
participant011,1724255779634,list2,metal,materialStaircase,wood,9
participant011,1724255782408,list2,metal,materialStaircase,metal,8
participant011,1724255786232,list2,metal,materialStaircase,metal,8
participant012,1724248145131,list1,wood,materialStaircase,wood,0
participant012,1724248146209,list1,metal,materialStaircase,metal,0
participant012,1724248147039,list1,metal,materialStaircase,metal,0
participant012,1724248147952,list1,wood,materialStaircase,wood,0
participant012,1724248148897,list1,metal,materialStaircase,metal,1
participant012,1724248149988,list1,wood,materialStaircase,wood,1
participant012,1724248150894,list1,wood,materialStaircase,wood,1
participant012,1724248151853,list1,metal,materialStaircase,metal,1
participant012,1724248152822,list1,wood,materialStaircase,wood,2
participant012,1724248153838,list1,metal,materialStaircase,metal,2
participant012,1724248154973,list1,wood,materialStaircase,wood,2
participant012,1724248156076,list1,wood,materialStaircase,wood,3
participant012,1724248156951,list1,metal,materialStaircase,metal,2
participant012,1724248157841,list1,metal,materialStaircase,metal,3
participant012,1724248159023,list1,wood,materialStaircase,wood,3
participant012,1724248160839,list1,metal,materialStaircase,metal,3
participant012,1724248162781,list1,wood,materialStaircase,wood,4
participant012,1724248164015,list1,wood,materialStaircase,wood,4
participant012,1724248165154,list1,metal,materialStaircase,wood,4
participant012,1724248166224,list1,metal,materialStaircase,metal,3
participant012,1724248167139,list1,metal,materialStaircase,metal,3
participant012,1724248168790,list1,metal,materialStaircase,metal,4
participant012,1724248171583,list1,metal,materialStaircase,wood,4
participant012,1724248172709,list1,metal,materialStaircase,metal,3
participant012,1724248173835,list1,wood,materialStaircase,wood,5
participant012,1724248174720,list1,wood,materialStaircase,wood,5
participant012,1724248175949,list1,metal,materialStaircase,metal,3
participant012,1724248176869,list1,wood,materialStaircase,metal,6
participant012,1724248177906,list1,wood,materialStaircase,wood,5
participant012,1724248178802,list1,wood,materialStaircase,wood,5
participant012,1724248179893,list1,wood,materialStaircase,metal,6
participant012,1724248180952,list1,wood,materialStaircase,wood,5
participant012,1724248181828,list1,wood,materialStaircase,wood,5
participant013,1724260267233,list3,wood,materialStaircase,wood,0
participant013,1724260269538,list3,metal,materialStaircase,metal,0
participant013,1724260272466,list3,wood,materialStaircase,wood,0
participant013,1724260273923,list3,metal,materialStaircase,metal,0
participant013,1724260275625,list3,metal,materialStaircase,metal,1
participant013,1724260276989,list3,wood,materialStaircase,wood,1
participant013,1724260278522,list3,metal,materialStaircase,metal,1
participant013,1724260279833,list3,wood,materialStaircase,wood,1
participant013,1724260280987,list3,wood,materialStaircase,wood,2
participant013,1724260281972,list3,wood,materialStaircase,wood,2
participant013,1724260282916,list3,metal,materialStaircase,metal,2
participant013,1724260284032,list3,metal,materialStaircase,metal,2
participant013,1724260285186,list3,wood,materialStaircase,wood,3
participant013,1724260287780,list3,metal,materialStaircase,metal,3
participant013,1724260288778,list3,wood,materialStaircase,wood,3
participant013,1724260289687,list3,wood,materialStaircase,wood,4
participant013,1724260290562,list3,wood,materialStaircase,wood,4
participant013,1724260292530,list3,wood,materialStaircase,wood,5
participant013,1724260293589,list3,wood,materialStaircase,wood,5
participant013,1724260294742,list3,metal,materialStaircase,metal,3
participant013,1724260295930,list3,metal,materialStaircase,wood,4
participant013,1724260299098,list3,wood,materialStaircase,metal,6
participant013,1724260300512,list3,metal,materialStaircase,metal,3
participant013,1724260301555,list3,metal,materialStaircase,metal,3
participant013,1724260302497,list3,metal,materialStaircase,wood,4
participant013,1724260303581,list3,wood,materialStaircase,wood,5
participant013,1724260304560,list3,metal,materialStaircase,metal,3
participant013,1724260305663,list3,metal,materialStaircase,metal,3
participant013,1724260306525,list3,wood,materialStaircase,wood,5
participant013,1724260307548,list3,wood,materialStaircase,metal,6
participant013,1724260308438,list3,wood,materialStaircase,wood,5
participant013,1724260309392,list3,wood,materialStaircase,wood,5
participant017,1724252280409,list1,metal,materialStaircase,metal,0
participant017,1724252281558,list1,wood,materialStaircase,wood,0
participant017,1724252282687,list1,wood,materialStaircase,wood,0
participant017,1724252283633,list1,metal,materialStaircase,metal,0
participant017,1724252284598,list1,wood,materialStaircase,wood,1
participant017,1724252285462,list1,wood,materialStaircase,wood,1
participant017,1724252286287,list1,wood,materialStaircase,wood,2
participant017,1724252287034,list1,wood,materialStaircase,wood,2
participant017,1724252287794,list1,wood,materialStaircase,wood,3
participant017,1724252288498,list1,wood,materialStaircase,wood,3
participant017,1724252289152,list1,wood,materialStaircase,wood,4
participant017,1724252289831,list1,wood,materialStaircase,wood,4
participant017,1724252290494,list1,metal,materialStaircase,wood,1
participant017,1724252290945,list1,wood,materialStaircase,metal,5
participant017,1724252291759,list1,metal,materialStaircase,wood,0
participant017,1724252293208,list1,wood,materialStaircase,wood,4
participant017,1724252294187,list1,wood,materialStaircase,wood,4
participant017,1724252295247,list1,metal,materialStaircase,metal,0
participant017,1724252296146,list1,metal,materialStaircase,metal,0
participant017,1724252297214,list1,wood,materialStaircase,wood,5
participant017,1724252298469,list1,metal,materialStaircase,metal,1
participant017,1724252300020,list1,wood,materialStaircase,metal,5
participant017,1724252301431,list1,metal,materialStaircase,metal,1
participant017,1724252302480,list1,wood,materialStaircase,wood,4
participant017,1724252303360,list1,metal,materialStaircase,metal,2
participant017,1724252304249,list1,metal,materialStaircase,metal,2
participant017,1724252305108,list1,metal,materialStaircase,metal,3
participant017,1724252306280,list1,wood,materialStaircase,wood,4
participant017,1724252307389,list1,metal,materialStaircase,metal,3
participant017,1724252308493,list1,metal,materialStaircase,metal,4
participant017,1724252312087,list1,metal,materialStaircase,metal,4
participant017,1724252314776,list1,metal,materialStaircase,wood,5
participant017,1724252317250,list1,metal,materialStaircase,metal,4
participant017,1724252318495,list1,metal,materialStaircase,metal,4
participant019,1724256110082,list2,wood,materialStaircase,wood,0
participant019,1724256111002,list2,metal,materialStaircase,metal,0
participant019,1724256111905,list2,wood,materialStaircase,wood,0
participant019,1724256113574,list2,wood,materialStaircase,wood,1
participant019,1724256114458,list2,metal,materialStaircase,metal,0
participant019,1724256115298,list2,metal,materialStaircase,metal,1
participant019,1724256116450,list2,wood,materialStaircase,wood,1
participant019,1724256117634,list2,wood,materialStaircase,wood,2
participant019,1724256118786,list2,wood,materialStaircase,wood,2
participant019,1724256119914,list2,wood,materialStaircase,wood,3
participant019,1724256120826,list2,wood,materialStaircase,wood,3
participant019,1724256121698,list2,metal,materialStaircase,metal,1
participant019,1724256123083,list2,wood,materialStaircase,wood,4
participant019,1724256123926,list2,wood,materialStaircase,wood,4
participant019,1724256124834,list2,metal,materialStaircase,metal,2
participant019,1724256126226,list2,metal,materialStaircase,metal,2
participant019,1724256127114,list2,metal,materialStaircase,metal,3
participant019,1724256127922,list2,metal,materialStaircase,metal,3
participant019,1724256128681,list2,metal,materialStaircase,metal,4
participant019,1724256129490,list2,wood,materialStaircase,metal,5
participant019,1724256130282,list2,metal,materialStaircase,metal,4
participant019,1724256132058,list2,metal,materialStaircase,metal,5
participant019,1724256132793,list2,metal,materialStaircase,metal,5
participant019,1724256133466,list2,wood,materialStaircase,metal,4
participant019,1724256134510,list2,metal,materialStaircase,metal,6
participant019,1724256135954,list2,metal,materialStaircase,metal,6
participant019,1724256137818,list2,metal,materialStaircase,wood,7
participant019,1724256138770,list2,wood,materialStaircase,wood,3
participant019,1724256139586,list2,wood,materialStaircase,wood,3
participant019,1724256141418,list2,wood,materialStaircase,metal,4
participant019,1724256142562,list2,metal,materialStaircase,wood,6
participant019,1724256143834,list2,metal,materialStaircase,metal,5
participant019,1724256145014,list2,metal,materialStaircase,metal,5
participant019,1724256146106,list2,metal,materialStaircase,wood,6
participant019,1724256147122,list2,metal,materialStaircase,metal,5
participant019,1724256148241,list2,wood,materialStaircase,wood,3
participant019,1724256149338,list2,metal,materialStaircase,wood,5
participant019,1724256150898,list2,wood,materialStaircase,wood,3
participant019,1724256151922,list2,metal,materialStaircase,metal,4
participant020,1724245048166,list1,metal,materialStaircase,metal,0
participant020,1724245049352,list1,metal,materialStaircase,metal,0
participant020,1724245051650,list1,metal,materialStaircase,metal,1
participant020,1724245053551,list1,metal,materialStaircase,metal,1
participant020,1724245054561,list1,metal,materialStaircase,metal,2
participant020,1724245055486,list1,wood,materialStaircase,wood,0
participant020,1724245056367,list1,metal,materialStaircase,metal,2
participant020,1724245057309,list1,metal,materialStaircase,metal,3
participant020,1724245058193,list1,wood,materialStaircase,wood,0
participant020,1724245059141,list1,metal,materialStaircase,metal,3
participant020,1724245060175,list1,wood,materialStaircase,wood,1
participant020,1724245061093,list1,wood,materialStaircase,wood,1
participant020,1724245062793,list1,metal,materialStaircase,metal,4
participant020,1724245063985,list1,wood,materialStaircase,wood,2
participant020,1724245064987,list1,wood,materialStaircase,wood,2
participant020,1724245065936,list1,metal,materialStaircase,metal,4
participant020,1724245066996,list1,wood,materialStaircase,wood,3
participant020,1724245067890,list1,metal,materialStaircase,wood,5
participant020,1724245068870,list1,metal,materialStaircase,wood,4
participant020,1724245069880,list1,wood,materialStaircase,wood,3
participant020,1724245071130,list1,wood,materialStaircase,wood,4
participant020,1724245072136,list1,metal,materialStaircase,metal,3
participant020,1724245073295,list1,metal,materialStaircase,wood,3
participant020,1724245074835,list1,wood,materialStaircase,wood,4
participant020,1724245075912,list1,metal,materialStaircase,metal,2
participant020,1724245079144,list1,wood,materialStaircase,metal,5
participant020,1724245080295,list1,metal,materialStaircase,metal,2
participant020,1724245081276,list1,wood,materialStaircase,wood,4
participant020,1724245082169,list1,wood,materialStaircase,wood,4
participant020,1724245083087,list1,metal,materialStaircase,metal,3
participant020,1724245084944,list1,wood,materialStaircase,wood,5
participant020,1724245086026,list1,metal,materialStaircase,metal,3
participant020,1724245087141,list1,wood,materialStaircase,wood,5
participant020,1724245088063,list1,wood,materialStaircase,metal,6
participant020,1724245089105,list1,metal,materialStaircase,wood,4
participant020,1724245090108,list1,metal,materialStaircase,metal,3
participant020,1724245091114,list1,wood,materialStaircase,wood,5
participant020,1724245092315,list1,wood,materialStaircase,metal,5
participant020,1724245093946,list1,wood,materialStaircase,wood,4
participant024,1724279926492,list4,wood,materialStaircase,wood,0
participant024,1724279927930,list4,metal,materialStaircase,metal,0
participant024,1724279928931,list4,wood,materialStaircase,wood,0
participant024,1724279930609,list4,metal,materialStaircase,metal,0
participant024,1724279932209,list4,wood,materialStaircase,wood,1
participant024,1724279933262,list4,metal,materialStaircase,metal,1
participant024,1724279934145,list4,metal,materialStaircase,metal,1
participant024,1724279935044,list4,wood,materialStaircase,wood,1
participant024,1724279936129,list4,wood,materialStaircase,wood,2
participant024,1724279936992,list4,wood,materialStaircase,wood,2
participant024,1724279937943,list4,wood,materialStaircase,metal,3
participant024,1724279939133,list4,wood,materialStaircase,wood,2
participant024,1724279940008,list4,metal,materialStaircase,metal,2
participant024,1724279940898,list4,metal,materialStaircase,metal,2
participant024,1724279941845,list4,metal,materialStaircase,metal,3
participant024,1724279942739,list4,wood,materialStaircase,wood,2
participant024,1724279945292,list4,wood,materialStaircase,wood,3
participant024,1724279946138,list4,wood,materialStaircase,wood,3
participant024,1724279946880,list4,metal,materialStaircase,metal,3
participant024,1724279947862,list4,wood,materialStaircase,metal,4
participant024,1724279950298,list4,wood,materialStaircase,wood,3
participant024,1724279951310,list4,wood,materialStaircase,wood,3
participant024,1724279952147,list4,metal,materialStaircase,metal,4
participant024,1724279953094,list4,metal,materialStaircase,metal,4
participant024,1724279954154,list4,metal,materialStaircase,metal,5
participant024,1724279954890,list4,metal,materialStaircase,metal,5
participant024,1724279955754,list4,metal,materialStaircase,wood,6
participant024,1724279956619,list4,metal,materialStaircase,metal,5
participant024,1724279957495,list4,metal,materialStaircase,metal,5
participant024,1724279958576,list4,metal,materialStaircase,wood,6
participant024,1724279959394,list4,metal,materialStaircase,metal,5
participant024,1724279960212,list4,metal,materialStaircase,metal,5
participant027,1724260157301,list3,wood,materialStaircase,wood,0
participant027,1724260158519,list3,metal,materialStaircase,metal,0
participant027,1724260159506,list3,metal,materialStaircase,metal,0
participant027,1724260160760,list3,metal,materialStaircase,metal,1
participant027,1724260161906,list3,wood,materialStaircase,wood,0
participant027,1724260162837,list3,metal,materialStaircase,metal,1
participant027,1724260163687,list3,metal,materialStaircase,metal,2
participant027,1724260164488,list3,metal,materialStaircase,metal,2
participant027,1724260165371,list3,wood,materialStaircase,wood,1
participant027,1724260166328,list3,wood,materialStaircase,wood,1
participant027,1724260167271,list3,wood,materialStaircase,wood,2
participant027,1724260168056,list3,wood,materialStaircase,wood,2
participant027,1724260168946,list3,metal,materialStaircase,metal,3
participant027,1724260169817,list3,metal,materialStaircase,metal,3
participant027,1724260170949,list3,wood,materialStaircase,wood,3
participant027,1724260172068,list3,wood,materialStaircase,metal,3
participant027,1724260172763,list3,metal,materialStaircase,wood,4
participant027,1724260174039,list3,wood,materialStaircase,wood,2
participant027,1724260175135,list3,metal,materialStaircase,metal,3
participant027,1724260176076,list3,wood,materialStaircase,wood,2
participant027,1724260176950,list3,wood,materialStaircase,metal,3
participant027,1724260177925,list3,metal,materialStaircase,wood,3
participant027,1724260178875,list3,wood,materialStaircase,wood,2
participant027,1724260179655,list3,metal,materialStaircase,metal,2
participant027,1724260180439,list3,metal,materialStaircase,metal,2
participant027,1724260181330,list3,metal,materialStaircase,metal,3
participant027,1724260182304,list3,wood,materialStaircase,wood,2
participant027,1724260183165,list3,metal,materialStaircase,metal,3
participant027,1724260184094,list3,metal,materialStaircase,metal,4
participant027,1724260184970,list3,metal,materialStaircase,metal,4
participant027,1724260185839,list3,metal,materialStaircase,metal,5
participant027,1724260186744,list3,metal,materialStaircase,wood,5
participant027,1724260187514,list3,metal,materialStaircase,metal,4
participant028,1724260375051,list3,wood,materialStaircase,metal,0
participant028,1724260377147,list3,wood,materialStaircase,metal,0
participant028,1724260378130,list3,metal,materialStaircase,wood,0
participant028,1724260379071,list3,metal,materialStaircase,wood,0
participant028,1724260382076,list3,metal,materialStaircase,metal,0
participant028,1724260383686,list3,metal,materialStaircase,metal,0
participant028,1724260385216,list3,metal,materialStaircase,metal,1
participant028,1724260386199,list3,wood,materialStaircase,wood,0
participant028,1724260387504,list3,metal,materialStaircase,metal,1
participant028,1724260388450,list3,wood,materialStaircase,wood,0
participant028,1724260389452,list3,wood,materialStaircase,wood,1
participant028,1724260390241,list3,wood,materialStaircase,wood,1
participant028,1724260391039,list3,wood,materialStaircase,wood,2
participant028,1724260391736,list3,wood,materialStaircase,wood,2
participant028,1724260392449,list3,wood,materialStaircase,wood,3
participant028,1724260393248,list3,metal,materialStaircase,metal,2
participant028,1724260394613,list3,wood,materialStaircase,wood,3
participant028,1724260396506,list3,wood,materialStaircase,wood,4
participant028,1724260397612,list3,wood,materialStaircase,wood,4
participant028,1724260398440,list3,wood,materialStaircase,wood,5
participant028,1724260399203,list3,metal,materialStaircase,metal,2
participant028,1724260400448,list3,wood,materialStaircase,wood,5
participant028,1724260401285,list3,metal,materialStaircase,metal,3
participant028,1724260402074,list3,metal,materialStaircase,metal,3
participant028,1724260404208,list3,metal,materialStaircase,metal,4
participant028,1724260406034,list3,metal,materialStaircase,metal,4
participant028,1724260406773,list3,metal,materialStaircase,metal,5
participant028,1724260408173,list3,wood,materialStaircase,wood,6
participant028,1724260409113,list3,metal,materialStaircase,wood,5
participant028,1724260411054,list3,wood,materialStaircase,metal,6
participant028,1724260413321,list3,metal,materialStaircase,metal,4
participant028,1724260414367,list3,metal,materialStaircase,metal,4
participant028,1724260415338,list3,wood,materialStaircase,metal,5
participant028,1724260416433,list3,wood,materialStaircase,metal,4
participant028,1724260418306,list3,wood,materialStaircase,metal,3
participant028,1724260419965,list3,metal,materialStaircase,wood,5
participant028,1724260421838,list3,metal,materialStaircase,wood,4
participant028,1724260422666,list3,metal,materialStaircase,metal,3
participant028,1724260424496,list3,wood,materialStaircase,wood,2
participant028,1724260425407,list3,wood,materialStaircase,wood,2
participant028,1724260426355,list3,wood,materialStaircase,wood,3
participant029,1724251176996,list1,metal,materialStaircase,metal,0
participant029,1724251177987,list1,wood,materialStaircase,wood,0
participant029,1724251178836,list1,wood,materialStaircase,wood,0
participant029,1724251179596,list1,wood,materialStaircase,wood,1
participant029,1724251180459,list1,metal,materialStaircase,metal,0
participant029,1724251181267,list1,metal,materialStaircase,metal,1
participant029,1724251182027,list1,metal,materialStaircase,metal,1
participant029,1724251182850,list1,metal,materialStaircase,metal,2
participant029,1724251183635,list1,metal,materialStaircase,metal,2
participant029,1724251184411,list1,metal,materialStaircase,metal,3
participant029,1724251185178,list1,metal,materialStaircase,metal,3
participant029,1724251186060,list1,wood,materialStaircase,wood,1
participant029,1724251187203,list1,metal,materialStaircase,metal,4
participant029,1724251188315,list1,wood,materialStaircase,wood,2
participant029,1724251189132,list1,wood,materialStaircase,wood,2
participant029,1724251190122,list1,wood,materialStaircase,wood,3
participant029,1724251190962,list1,metal,materialStaircase,wood,4
participant029,1724251191834,list1,wood,materialStaircase,wood,3
participant029,1724251192635,list1,wood,materialStaircase,wood,4
participant029,1724251193524,list1,wood,materialStaircase,wood,4
participant029,1724251194419,list1,wood,materialStaircase,wood,5
participant029,1724251195299,list1,metal,materialStaircase,metal,3
participant029,1724251196556,list1,wood,materialStaircase,metal,5
participant029,1724251197444,list1,metal,materialStaircase,metal,3
participant029,1724251198354,list1,metal,materialStaircase,wood,4
participant029,1724251199291,list1,wood,materialStaircase,wood,4
participant029,1724251200124,list1,wood,materialStaircase,wood,4
participant029,1724251201038,list1,metal,materialStaircase,metal,3
participant029,1724251201827,list1,metal,materialStaircase,metal,3
participant029,1724251202956,list1,wood,materialStaircase,wood,5
participant029,1724251203924,list1,wood,materialStaircase,wood,5
participant029,1724251204739,list1,wood,materialStaircase,metal,6
participant029,1724251205756,list1,wood,materialStaircase,metal,5
participant029,1724251206755,list1,wood,materialStaircase,wood,4
participant029,1724251207563,list1,wood,materialStaircase,wood,4
participant030,1724280138224,list4,wood,materialStaircase,wood,0
participant030,1724280139405,list4,wood,materialStaircase,wood,0
participant030,1724280140306,list4,metal,materialStaircase,metal,0
participant030,1724280142450,list4,wood,materialStaircase,wood,1
participant030,1724280143422,list4,metal,materialStaircase,metal,0
participant030,1724280144384,list4,wood,materialStaircase,wood,1
participant030,1724280145390,list4,wood,materialStaircase,wood,2
participant030,1724280146196,list4,metal,materialStaircase,metal,1
participant030,1724280147001,list4,metal,materialStaircase,metal,1
participant030,1724280147883,list4,wood,materialStaircase,wood,2
participant030,1724280148786,list4,wood,materialStaircase,wood,3
participant030,1724280149599,list4,metal,materialStaircase,metal,2
participant030,1724280150526,list4,wood,materialStaircase,wood,3
participant030,1724280151436,list4,metal,materialStaircase,metal,2
participant030,1724280152276,list4,metal,materialStaircase,metal,3
participant030,1724280153064,list4,wood,materialStaircase,metal,4
participant030,1724280154003,list4,metal,materialStaircase,metal,3
participant030,1724280154814,list4,metal,materialStaircase,metal,4
participant030,1724280155681,list4,wood,materialStaircase,wood,3
participant030,1724280156652,list4,metal,materialStaircase,metal,4
participant030,1724280157789,list4,wood,materialStaircase,wood,3
participant030,1724280158875,list4,wood,materialStaircase,metal,4
participant030,1724280159679,list4,wood,materialStaircase,metal,3
participant030,1724280160440,list4,metal,materialStaircase,metal,5
participant030,1724280161114,list4,wood,materialStaircase,metal,2
participant030,1724280161534,list4,wood,materialStaircase,wood,1
participant030,1724280162288,list4,metal,materialStaircase,wood,5
participant030,1724280163267,list4,metal,materialStaircase,metal,4
participant030,1724280164344,list4,wood,materialStaircase,wood,1
participant030,1724280165927,list4,metal,materialStaircase,wood,4
participant030,1724280166802,list4,metal,materialStaircase,metal,3
participant030,1724280167626,list4,metal,materialStaircase,metal,3
participant030,1724280168465,list4,metal,materialStaircase,metal,4
participant030,1724280169218,list4,metal,materialStaircase,metal,4
participant030,1724280170128,list4,metal,materialStaircase,metal,5
participant030,1724280170906,list4,metal,materialStaircase,metal,5
participant030,1724280171649,list4,metal,materialStaircase,metal,6
participant030,1724280172446,list4,metal,materialStaircase,metal,6
participant030,1724280173268,list4,metal,materialStaircase,wood,7
participant030,1724280174292,list4,metal,materialStaircase,metal,6
participant031,1724280831170,list4,metal,materialStaircase,metal,0
participant031,1724280832320,list4,metal,materialStaircase,metal,0
participant031,1724280833546,list4,wood,materialStaircase,wood,0
participant031,1724280834780,list4,metal,materialStaircase,metal,1
participant031,1724280835759,list4,metal,materialStaircase,metal,1
participant031,1724280837439,list4,wood,materialStaircase,wood,0
participant031,1724280840004,list4,wood,materialStaircase,wood,1
participant031,1724280841141,list4,wood,materialStaircase,wood,1
participant031,1724280842827,list4,wood,materialStaircase,wood,2
participant031,1724280843822,list4,metal,materialStaircase,metal,2
participant031,1724280844943,list4,metal,materialStaircase,metal,2
participant031,1724280846389,list4,metal,materialStaircase,metal,3
participant031,1724280847227,list4,metal,materialStaircase,metal,3
participant031,1724280848434,list4,metal,materialStaircase,metal,4
participant031,1724280849360,list4,wood,materialStaircase,wood,2
participant031,1724280850433,list4,wood,materialStaircase,wood,3
participant031,1724280851203,list4,wood,materialStaircase,wood,3
participant031,1724280851878,list4,wood,materialStaircase,wood,4
participant031,1724280852852,list4,wood,materialStaircase,wood,4
participant031,1724280853799,list4,wood,materialStaircase,metal,5
participant031,1724280855056,list4,wood,materialStaircase,metal,4
participant031,1724280857627,list4,metal,materialStaircase,metal,4
participant031,1724280858839,list4,wood,materialStaircase,wood,3
participant031,1724280862414,list4,metal,materialStaircase,metal,5
participant031,1724280940156,list4,wood,materialStaircase,metal,3
participant031,1724280945808,list4,metal,materialStaircase,metal,5
participant031,1724280946938,list4,wood,materialStaircase,wood,2
participant031,1724280947954,list4,wood,materialStaircase,wood,2
participant031,1724280949268,list4,wood,materialStaircase,wood,3
participant031,1724280950319,list4,metal,materialStaircase,wood,6
participant031,1724280951136,list4,wood,materialStaircase,wood,3
participant031,1724280952231,list4,metal,materialStaircase,metal,5
participant031,1724280952860,list4,wood,materialStaircase,wood,4
participant031,1724280953578,list4,metal,materialStaircase,wood,5
participant031,1724280954294,list4,wood,materialStaircase,wood,4
participant031,1724280955465,list4,wood,materialStaircase,metal,5
participant031,1724280956420,list4,wood,materialStaircase,wood,4
participant031,1724280957315,list4,metal,materialStaircase,metal,4
participant031,1724280958248,list4,metal,materialStaircase,metal,4
participant031,1724280959282,list4,metal,materialStaircase,wood,5
participant031,1724280960259,list4,metal,materialStaircase,metal,4
participant032,1724279924982,list4,wood,materialStaircase,wood,0
participant032,1724279925954,list4,metal,materialStaircase,metal,0
participant032,1724279926969,list4,metal,materialStaircase,metal,0
participant032,1724279928193,list4,wood,materialStaircase,wood,0
participant032,1724279929640,list4,metal,materialStaircase,metal,1
participant032,1724279930702,list4,wood,materialStaircase,wood,1
participant032,1724279931980,list4,wood,materialStaircase,wood,1
participant032,1724279933181,list4,metal,materialStaircase,metal,1
participant032,1724279934173,list4,metal,materialStaircase,metal,2
participant032,1724279935010,list4,metal,materialStaircase,metal,2
participant032,1724279935973,list4,wood,materialStaircase,wood,2
participant032,1724279936897,list4,metal,materialStaircase,metal,3
participant032,1724279937735,list4,metal,materialStaircase,metal,3
participant032,1724279938596,list4,metal,materialStaircase,metal,4
participant032,1724279939431,list4,wood,materialStaircase,metal,2
participant032,1724279941037,list4,wood,materialStaircase,wood,1
participant032,1724279942060,list4,metal,materialStaircase,metal,4
participant032,1724279942934,list4,wood,materialStaircase,wood,1
participant032,1724279944175,list4,wood,materialStaircase,wood,2
participant032,1724279945146,list4,wood,materialStaircase,wood,2
participant032,1724279946426,list4,metal,materialStaircase,wood,5
participant032,1724279947723,list4,metal,materialStaircase,metal,4
participant032,1724279949239,list4,wood,materialStaircase,wood,3
participant032,1724279950635,list4,wood,materialStaircase,metal,3
participant032,1724279951908,list4,wood,materialStaircase,wood,2
participant032,1724279952673,list4,wood,materialStaircase,wood,2
participant032,1724279953457,list4,metal,materialStaircase,wood,4
participant032,1724279954283,list4,metal,materialStaircase,wood,3
participant032,1724279955317,list4,metal,materialStaircase,metal,2
participant032,1724279956476,list4,metal,materialStaircase,metal,2
participant032,1724279957187,list4,metal,materialStaircase,metal,3
participant032,1724279957909,list4,metal,materialStaircase,metal,3
participant032,1724279958767,list4,metal,materialStaircase,metal,4
participant032,1724279959487,list4,metal,materialStaircase,metal,4
participant032,1724279960270,list4,metal,materialStaircase,metal,5
participant032,1724279961116,list4,metal,materialStaircase,metal,5
participant032,1724279961864,list4,metal,materialStaircase,metal,6
participant032,1724279962490,list4,metal,materialStaircase,metal,6
participant032,1724279963277,list4,metal,materialStaircase,metal,7
participant032,1724279964038,list4,metal,materialStaircase,metal,7
participant032,1724279964808,list4,metal,materialStaircase,metal,8
participant032,1724279965427,list4,metal,materialStaircase,wood,8
participant032,1724279966179,list4,metal,materialStaircase,wood,7
participant032,1724279966948,list4,metal,materialStaircase,metal,6
participant033,1724255648570,list2,wood,materialStaircase,wood,0
participant033,1724255652186,list2,metal,materialStaircase,metal,0
participant033,1724255653194,list2,metal,materialStaircase,metal,0
participant033,1724255656098,list2,wood,materialStaircase,wood,0
participant033,1724255658194,list2,wood,materialStaircase,wood,1
participant033,1724255661865,list2,wood,materialStaircase,wood,1
participant033,1724255662946,list2,metal,materialStaircase,metal,1
participant033,1724255663994,list2,metal,materialStaircase,metal,1
participant033,1724255665096,list2,wood,materialStaircase,wood,2
participant033,1724255666242,list2,metal,materialStaircase,metal,2
participant033,1724255667481,list2,wood,materialStaircase,wood,2
participant033,1724255668402,list2,metal,materialStaircase,metal,2
participant033,1724255671274,list2,wood,materialStaircase,wood,3
participant033,1724255672273,list2,wood,materialStaircase,wood,3
participant033,1724255673737,list2,wood,materialStaircase,wood,4
participant033,1724255674866,list2,metal,materialStaircase,metal,3
participant033,1724255676217,list2,wood,materialStaircase,wood,4
participant033,1724255678490,list2,wood,materialStaircase,metal,5
participant033,1724255683026,list2,wood,materialStaircase,wood,4
participant033,1724255684049,list2,metal,materialStaircase,metal,3
participant033,1724255685146,list2,wood,materialStaircase,wood,4
participant033,1724255687217,list2,metal,materialStaircase,metal,4
participant033,1724255688746,list2,wood,materialStaircase,metal,5
participant033,1724255691529,list2,wood,materialStaircase,metal,4
participant033,1724255692889,list2,wood,materialStaircase,wood,3
participant033,1724255693857,list2,wood,materialStaircase,wood,3
participant033,1724255694937,list2,metal,materialStaircase,metal,4
participant033,1724255696266,list2,metal,materialStaircase,wood,5
participant033,1724255699306,list2,metal,materialStaircase,metal,4
participant033,1724255700297,list2,metal,materialStaircase,metal,4
participant033,1724255701677,list2,metal,materialStaircase,wood,5
participant033,1724255703077,list2,metal,materialStaircase,metal,4
participant033,1724255704245,list2,metal,materialStaircase,metal,4
participant035,1724260932495,list3,metal,materialStaircase,metal,0
participant035,1724260933911,list3,wood,materialStaircase,wood,0
participant035,1724260935069,list3,metal,materialStaircase,metal,0
participant035,1724260936162,list3,wood,materialStaircase,wood,0
participant035,1724260937396,list3,wood,materialStaircase,wood,1
participant035,1724260938476,list3,metal,materialStaircase,metal,1
participant035,1724260939858,list3,wood,materialStaircase,wood,1
participant035,1724260941323,list3,wood,materialStaircase,wood,2
participant035,1724260942445,list3,metal,materialStaircase,metal,1
participant035,1724260943636,list3,wood,materialStaircase,wood,2
participant035,1724260947459,list3,wood,materialStaircase,metal,3
participant035,1724260948548,list3,metal,materialStaircase,metal,2
participant035,1724260949563,list3,metal,materialStaircase,metal,2
participant035,1724260950932,list3,metal,materialStaircase,metal,3
participant035,1724260952070,list3,wood,materialStaircase,wood,2
participant035,1724260953170,list3,metal,materialStaircase,metal,3
participant035,1724260955678,list3,wood,materialStaircase,wood,2
participant035,1724260958004,list3,metal,materialStaircase,metal,4
participant035,1724260960545,list3,wood,materialStaircase,metal,3
participant035,1724260961749,list3,wood,materialStaircase,wood,2
participant035,1724260962951,list3,wood,materialStaircase,wood,2
participant035,1724260964572,list3,metal,materialStaircase,metal,4
participant035,1724260966091,list3,metal,materialStaircase,metal,5
participant035,1724260967469,list3,metal,materialStaircase,metal,5
participant035,1724260970226,list3,metal,materialStaircase,metal,6
participant035,1724260971500,list3,metal,materialStaircase,metal,6
participant035,1724260972841,list3,metal,materialStaircase,wood,7
participant035,1724260974360,list3,metal,materialStaircase,metal,6
participant035,1724260975465,list3,metal,materialStaircase,metal,6
participant035,1724260977232,list3,metal,materialStaircase,wood,7
participant035,1724260978342,list3,metal,materialStaircase,metal,6
participant035,1724260979368,list3,metal,materialStaircase,metal,6
participant036,1724255803429,list2,wood,materialStaircase,wood,0
participant036,1724255804976,list2,wood,materialStaircase,wood,0
participant036,1724255806071,list2,metal,materialStaircase,metal,0
participant036,1724255807509,list2,wood,materialStaircase,metal,1
participant036,1724255808980,list2,metal,materialStaircase,metal,0
participant036,1724255810110,list2,wood,materialStaircase,wood,0
participant036,1724255811128,list2,wood,materialStaircase,wood,0
participant036,1724255812266,list2,metal,materialStaircase,metal,1
participant036,1724255814107,list2,wood,materialStaircase,wood,1
participant036,1724255815288,list2,metal,materialStaircase,metal,1
participant036,1724255816327,list2,metal,materialStaircase,metal,2
participant036,1724255817594,list2,metal,materialStaircase,metal,2
participant036,1724255819223,list2,wood,materialStaircase,wood,1
participant036,1724255820409,list2,metal,materialStaircase,metal,3
participant036,1724255822126,list2,wood,materialStaircase,wood,2
participant036,1724255823384,list2,metal,materialStaircase,metal,3
participant036,1724255824405,list2,metal,materialStaircase,metal,4
participant036,1724255826047,list2,wood,materialStaircase,metal,2
participant036,1724255827284,list2,wood,materialStaircase,wood,1
participant036,1724255828346,list2,wood,materialStaircase,wood,1
participant036,1724255829616,list2,metal,materialStaircase,wood,4
participant036,1724255830795,list2,metal,materialStaircase,metal,3
participant036,1724255831817,list2,metal,materialStaircase,metal,3
participant036,1724255833184,list2,metal,materialStaircase,metal,4
participant036,1724255834260,list2,metal,materialStaircase,metal,4
participant036,1724255835427,list2,metal,materialStaircase,metal,5
participant036,1724255836529,list2,metal,materialStaircase,wood,5
participant036,1724255837723,list2,metal,materialStaircase,wood,4
participant036,1724255838915,list2,metal,materialStaircase,metal,3
participant036,1724255839955,list2,metal,materialStaircase,metal,3
participant037,1724257724200,list2,metal,materialStaircase,metal,0
participant037,1724257725426,list2,metal,materialStaircase,metal,0
participant037,1724257726503,list2,wood,materialStaircase,wood,0
participant037,1724257727533,list2,metal,materialStaircase,metal,1
participant037,1724257728577,list2,metal,materialStaircase,metal,1
participant037,1724257729732,list2,metal,materialStaircase,wood,2
participant037,1724257730679,list2,metal,materialStaircase,metal,1
participant037,1724257731655,list2,wood,materialStaircase,wood,0
participant037,1724257732652,list2,metal,materialStaircase,metal,1
participant037,1724257733817,list2,metal,materialStaircase,metal,2
participant037,1724257734688,list2,metal,materialStaircase,metal,2
participant037,1724257735591,list2,metal,materialStaircase,metal,3
participant037,1724257736679,list2,wood,materialStaircase,wood,1
participant037,1724257737720,list2,metal,materialStaircase,metal,3
participant037,1724257738748,list2,wood,materialStaircase,wood,1
participant037,1724257739964,list2,metal,materialStaircase,metal,4
participant037,1724257741122,list2,wood,materialStaircase,wood,2
participant037,1724257742191,list2,metal,materialStaircase,wood,4
participant037,1724257743149,list2,metal,materialStaircase,metal,3
participant037,1724257744053,list2,metal,materialStaircase,metal,3
participant037,1724257745128,list2,wood,materialStaircase,wood,2
participant037,1724257746187,list2,wood,materialStaircase,wood,3
participant037,1724257747122,list2,wood,materialStaircase,wood,3
participant037,1724257748086,list2,wood,materialStaircase,wood,4
participant037,1724257749054,list2,wood,materialStaircase,wood,4
participant037,1724257750132,list2,wood,materialStaircase,wood,5
participant037,1724257751143,list2,wood,materialStaircase,wood,5
participant037,1724257752129,list2,wood,materialStaircase,metal,6
participant037,1724257753028,list2,wood,materialStaircase,metal,5
participant037,1724257753905,list2,wood,materialStaircase,metal,4
participant037,1724257754734,list2,wood,materialStaircase,metal,3
participant037,1724257755653,list2,wood,materialStaircase,wood,2
participant037,1724257756863,list2,wood,materialStaircase,wood,2
participant037,1724257757816,list2,wood,materialStaircase,wood,3
participant037,1724257758721,list2,wood,materialStaircase,wood,3
participant037,1724257759622,list2,wood,materialStaircase,wood,4
participant037,1724257760453,list2,wood,materialStaircase,wood,4
participant037,1724257761257,list2,wood,materialStaircase,wood,5
participant037,1724257762114,list2,wood,materialStaircase,wood,5
participant037,1724257762948,list2,wood,materialStaircase,wood,6
participant037,1724257763788,list2,wood,materialStaircase,metal,6
participant037,1724257764821,list2,wood,materialStaircase,wood,5
participant037,1724257765707,list2,wood,materialStaircase,metal,5
participant037,1724257766531,list2,wood,materialStaircase,wood,4
participant038,1724260367305,list3,metal,materialStaircase,metal,0
participant038,1724260368712,list3,metal,materialStaircase,metal,0
participant038,1724260369763,list3,wood,materialStaircase,wood,0
participant038,1724260370842,list3,wood,materialStaircase,wood,0
participant038,1724260371863,list3,metal,materialStaircase,metal,1
participant038,1724260373037,list3,wood,materialStaircase,wood,1
participant038,1724260374420,list3,wood,materialStaircase,wood,1
participant038,1724260375679,list3,wood,materialStaircase,wood,2
participant038,1724260376842,list3,wood,materialStaircase,wood,2
participant038,1724260377921,list3,metal,materialStaircase,metal,1
participant038,1724260379111,list3,metal,materialStaircase,metal,2
participant038,1724260380468,list3,wood,materialStaircase,metal,3
participant038,1724260381613,list3,wood,materialStaircase,metal,2
participant038,1724260382666,list3,metal,materialStaircase,metal,2
participant038,1724260383907,list3,metal,materialStaircase,metal,3
participant038,1724260385085,list3,metal,materialStaircase,metal,3
participant038,1724260386374,list3,metal,materialStaircase,metal,4
participant038,1724260387653,list3,metal,materialStaircase,metal,4
participant038,1724260389958,list3,metal,materialStaircase,metal,5
participant038,1724260391243,list3,metal,materialStaircase,metal,5
participant038,1724260392367,list3,wood,materialStaircase,wood,1
participant038,1724260393669,list3,metal,materialStaircase,metal,6
participant038,1724260395094,list3,metal,materialStaircase,metal,6
participant038,1724260396401,list3,metal,materialStaircase,metal,7
participant038,1724260397920,list3,metal,materialStaircase,wood,7
participant038,1724260399421,list3,metal,materialStaircase,metal,6
participant038,1724260400984,list3,wood,materialStaircase,wood,1
participant038,1724260402286,list3,wood,materialStaircase,wood,2
participant038,1724260403474,list3,metal,materialStaircase,metal,6
participant038,1724260404536,list3,wood,materialStaircase,wood,2
participant038,1724260405683,list3,wood,materialStaircase,metal,3
participant038,1724260406672,list3,wood,materialStaircase,wood,2
participant038,1724260407832,list3,wood,materialStaircase,wood,2
participant038,1724260409143,list3,metal,materialStaircase,wood,7
participant038,1724260410483,list3,metal,materialStaircase,metal,6
participant038,1724260411592,list3,metal,materialStaircase,metal,6
participant040,1724280511988,list4,metal,materialStaircase,metal,0
participant040,1724280513436,list4,wood,materialStaircase,wood,0
participant040,1724280515021,list4,wood,materialStaircase,wood,0
participant040,1724280516022,list4,metal,materialStaircase,metal,0
participant040,1724280517364,list4,wood,materialStaircase,wood,1
participant040,1724280518253,list4,wood,materialStaircase,wood,1
participant040,1724280519330,list4,metal,materialStaircase,metal,1
participant040,1724280520138,list4,metal,materialStaircase,metal,1
participant040,1724280521130,list4,metal,materialStaircase,metal,2
participant040,1724280521914,list4,metal,materialStaircase,metal,2
participant040,1724280522921,list4,wood,materialStaircase,wood,2
participant040,1724280523731,list4,wood,materialStaircase,wood,2
participant040,1724280525109,list4,wood,materialStaircase,wood,3
participant040,1724280525893,list4,wood,materialStaircase,wood,3
participant040,1724280527152,list4,metal,materialStaircase,metal,3
participant040,1724280527856,list4,metal,materialStaircase,metal,3
participant040,1724280528950,list4,metal,materialStaircase,metal,4
participant040,1724280529630,list4,metal,materialStaircase,metal,4
participant040,1724280530647,list4,metal,materialStaircase,metal,5
participant040,1724280531327,list4,wood,materialStaircase,metal,4
participant040,1724280532215,list4,metal,materialStaircase,metal,5
participant040,1724280533310,list4,wood,materialStaircase,metal,3
participant040,1724280534404,list4,wood,materialStaircase,metal,2
participant040,1724280535343,list4,metal,materialStaircase,metal,6
participant040,1724280536178,list4,metal,materialStaircase,metal,6
participant040,1724280537577,list4,metal,materialStaircase,wood,7
participant040,1724280539428,list4,metal,materialStaircase,metal,6
participant040,1724280540772,list4,wood,materialStaircase,wood,1
participant040,1724280541848,list4,metal,materialStaircase,metal,6
participant040,1724280542856,list4,wood,materialStaircase,wood,1
participant040,1724280545320,list4,metal,materialStaircase,wood,7
participant040,1724280546750,list4,wood,materialStaircase,wood,2
participant040,1724280547613,list4,wood,materialStaircase,wood,2
participant040,1724280548868,list4,metal,materialStaircase,metal,6
participant040,1724280549677,list4,wood,materialStaircase,metal,3
participant040,1724280551358,list4,wood,materialStaircase,wood,2
participant040,1724280552460,list4,metal,materialStaircase,metal,6
participant040,1724280553761,list4,wood,materialStaircase,metal,2
participant040,1724280554873,list4,wood,materialStaircase,wood,1
participant041,1724280162702,list4,wood,materialStaircase,wood,0
participant041,1724280163992,list4,metal,materialStaircase,metal,0
participant041,1724280166566,list4,metal,materialStaircase,metal,0
participant041,1724280168247,list4,wood,materialStaircase,wood,0
participant041,1724280169714,list4,metal,materialStaircase,metal,1
participant041,1724280172101,list4,wood,materialStaircase,wood,1
participant041,1724280173507,list4,wood,materialStaircase,wood,1
participant041,1724280174892,list4,wood,materialStaircase,wood,2
participant041,1724280176474,list4,metal,materialStaircase,metal,1
participant041,1724280177619,list4,metal,materialStaircase,metal,2
participant041,1724280178794,list4,metal,materialStaircase,metal,2
participant041,1724280179848,list4,metal,materialStaircase,metal,3
participant041,1724280180852,list4,metal,materialStaircase,metal,3
participant041,1724280182095,list4,metal,materialStaircase,metal,4
participant041,1724280183250,list4,metal,materialStaircase,metal,4
participant041,1724280185599,list4,wood,materialStaircase,wood,2
participant041,1724280187024,list4,metal,materialStaircase,metal,5
participant041,1724280189107,list4,metal,materialStaircase,wood,5
participant041,1724280191034,list4,metal,materialStaircase,metal,4
participant041,1724280193815,list4,wood,materialStaircase,metal,3
participant041,1724280195299,list4,metal,materialStaircase,metal,4
participant041,1724280197036,list4,wood,materialStaircase,wood,2
participant041,1724280198160,list4,wood,materialStaircase,wood,2
participant041,1724280199711,list4,metal,materialStaircase,metal,5
participant041,1724280201258,list4,metal,materialStaircase,metal,5
participant041,1724280202763,list4,metal,materialStaircase,metal,6
participant041,1724280203938,list4,metal,materialStaircase,metal,6
participant041,1724280205096,list4,wood,materialStaircase,metal,3
participant041,1724280206717,list4,metal,materialStaircase,metal,7
participant041,1724280208128,list4,wood,materialStaircase,metal,2
participant041,1724280209398,list4,metal,materialStaircase,wood,7
participant041,1724280210888,list4,metal,materialStaircase,wood,6
participant041,1724280212383,list4,wood,materialStaircase,wood,1
participant041,1724280213367,list4,wood,materialStaircase,wood,1
participant041,1724280214954,list4,metal,materialStaircase,metal,5
participant041,1724280215963,list4,metal,materialStaircase,metal,5
participant045,1724255793253,list2,metal,materialStaircase,metal,0
participant045,1724255794787,list2,wood,materialStaircase,wood,0
participant045,1724255795900,list2,metal,materialStaircase,metal,0
participant045,1724255798539,list2,metal,materialStaircase,metal,1
participant045,1724255800252,list2,metal,materialStaircase,metal,1
participant045,1724255801419,list2,wood,materialStaircase,wood,0
participant045,1724255803692,list2,wood,materialStaircase,wood,1
participant045,1724255805027,list2,metal,materialStaircase,metal,2
participant045,1724255806323,list2,metal,materialStaircase,metal,2
participant045,1724255807659,list2,metal,materialStaircase,metal,3
participant045,1724255809043,list2,wood,materialStaircase,wood,1
participant045,1724255810555,list2,wood,materialStaircase,wood,2
participant045,1724255812284,list2,metal,materialStaircase,wood,3
participant045,1724255814436,list2,metal,materialStaircase,metal,2
participant045,1724255815635,list2,metal,materialStaircase,metal,2
participant045,1724255816931,list2,metal,materialStaircase,metal,3
participant045,1724255819587,list2,wood,materialStaircase,metal,2
participant045,1724255822475,list2,wood,materialStaircase,metal,1
participant045,1724255823771,list2,metal,materialStaircase,metal,3
participant045,1724255825628,list2,wood,materialStaircase,wood,0
participant045,1724255827155,list2,wood,materialStaircase,wood,0
participant045,1724255828555,list2,wood,materialStaircase,wood,1
participant045,1724255829731,list2,wood,materialStaircase,wood,1
participant045,1724255831252,list2,metal,materialStaircase,metal,4
participant045,1724255832483,list2,metal,materialStaircase,metal,4
participant045,1724255833763,list2,metal,materialStaircase,metal,5
participant045,1724255836596,list2,wood,materialStaircase,metal,2
participant045,1724255838011,list2,metal,materialStaircase,metal,5
participant045,1724255839668,list2,metal,materialStaircase,metal,6
participant045,1724255842723,list2,wood,materialStaircase,metal,1
participant045,1724255844131,list2,wood,materialStaircase,wood,0
participant045,1724255845818,list2,metal,materialStaircase,metal,6
participant045,1724255848172,list2,wood,materialStaircase,wood,0
participant045,1724255850995,list2,metal,materialStaircase,metal,7
participant045,1724255852339,list2,metal,materialStaircase,metal,7
participant045,1724255854364,list2,metal,materialStaircase,metal,8
participant045,1724255856547,list2,metal,materialStaircase,metal,8
participant045,1724255857932,list2,metal,materialStaircase,wood,9
participant045,1724255859244,list2,metal,materialStaircase,metal,8
participant045,1724255860708,list2,metal,materialStaircase,metal,8
participant046,1724280012170,list4,metal,materialStaircase,metal,0
participant046,1724280013916,list4,wood,materialStaircase,wood,0
participant046,1724280015921,list4,wood,materialStaircase,wood,0
participant046,1724280017186,list4,metal,materialStaircase,metal,0
participant046,1724280020730,list4,metal,materialStaircase,metal,1
participant046,1724280024437,list4,wood,materialStaircase,metal,1
participant046,1724280026508,list4,metal,materialStaircase,metal,1
participant046,1724280027579,list4,wood,materialStaircase,wood,0
participant046,1724280028818,list4,wood,materialStaircase,wood,0
participant046,1724280030361,list4,wood,materialStaircase,wood,1
participant046,1724280031944,list4,metal,materialStaircase,metal,2
participant046,1724280033665,list4,wood,materialStaircase,wood,1
participant046,1724280035952,list4,wood,materialStaircase,wood,2
participant046,1724280038107,list4,metal,materialStaircase,metal,2
participant046,1724280039473,list4,metal,materialStaircase,metal,3
participant046,1724280040350,list4,metal,materialStaircase,metal,3
participant046,1724280041793,list4,wood,materialStaircase,wood,2
participant046,1724280043206,list4,wood,materialStaircase,wood,3
participant046,1724280044124,list4,wood,materialStaircase,wood,3
participant046,1724280046546,list4,metal,materialStaircase,metal,4
participant046,1724280047838,list4,metal,materialStaircase,metal,4
participant046,1724280049007,list4,wood,materialStaircase,metal,4
participant046,1724280050608,list4,metal,materialStaircase,metal,5
participant046,1724280052702,list4,metal,materialStaircase,metal,5
participant046,1724280054370,list4,metal,materialStaircase,metal,6
participant046,1724280055500,list4,wood,materialStaircase,metal,3
participant046,1724280057706,list4,wood,materialStaircase,metal,2
participant046,1724280059111,list4,wood,materialStaircase,wood,1
participant046,1724280060378,list4,metal,materialStaircase,metal,6
participant046,1724280061798,list4,metal,materialStaircase,metal,7
participant046,1724280062864,list4,wood,materialStaircase,wood,1
participant046,1724280063939,list4,metal,materialStaircase,metal,7
participant046,1724280064912,list4,metal,materialStaircase,wood,8
participant046,1724280065924,list4,metal,materialStaircase,metal,7
participant046,1724280067017,list4,metal,materialStaircase,metal,7
participant046,1724280067983,list4,metal,materialStaircase,wood,8
participant046,1724280069635,list4,metal,materialStaircase,metal,7
participant046,1724280070746,list4,metal,materialStaircase,metal,7
participant050,1724255625000,list2,wood,materialStaircase,wood,0
participant050,1724255627216,list2,metal,materialStaircase,metal,0
participant050,1724255628387,list2,metal,materialStaircase,metal,0
participant050,1724255629939,list2,metal,materialStaircase,metal,1
participant050,1724255631334,list2,metal,materialStaircase,metal,1
participant050,1724255632369,list2,wood,materialStaircase,wood,0
participant050,1724255633888,list2,wood,materialStaircase,wood,1
participant050,1724255634867,list2,metal,materialStaircase,metal,2
participant050,1724255635991,list2,metal,materialStaircase,metal,2
participant050,1724255637578,list2,metal,materialStaircase,metal,3
participant050,1724255639412,list2,metal,materialStaircase,metal,3
participant050,1724255640626,list2,wood,materialStaircase,wood,1
participant050,1724255642202,list2,wood,materialStaircase,wood,2
participant050,1724255643282,list2,metal,materialStaircase,metal,4
participant050,1724255644587,list2,metal,materialStaircase,metal,4
participant050,1724255646522,list2,wood,materialStaircase,wood,2
participant050,1724255648389,list2,metal,materialStaircase,metal,5
participant050,1724255649728,list2,metal,materialStaircase,metal,5
participant050,1724255651685,list2,metal,materialStaircase,metal,6
participant050,1724255654059,list2,wood,materialStaircase,metal,3
participant050,1724255655713,list2,metal,materialStaircase,wood,6
participant050,1724255657164,list2,metal,materialStaircase,metal,5
participant050,1724255659178,list2,metal,materialStaircase,metal,5
participant050,1724255660595,list2,metal,materialStaircase,wood,6
participant050,1724255662463,list2,metal,materialStaircase,metal,5
participant050,1724255663734,list2,wood,materialStaircase,wood,2
participant050,1724255668223,list2,metal,materialStaircase,metal,5
participant050,1724255671632,list2,wood,materialStaircase,wood,2
participant050,1724255673499,list2,wood,materialStaircase,wood,3
participant050,1724255674838,list2,wood,materialStaircase,metal,3
participant050,1724255676795,list2,wood,materialStaircase,wood,2
participant050,1724255678157,list2,wood,materialStaircase,wood,2
participant051,1724280483532,list4,metal,materialStaircase,metal,0
participant051,1724280488397,list4,wood,materialStaircase,wood,0
participant051,1724280492390,list4,metal,materialStaircase,metal,0
participant051,1724280494058,list4,metal,materialStaircase,metal,1
participant051,1724280496197,list4,metal,materialStaircase,metal,1
participant051,1724280498851,list4,metal,materialStaircase,metal,2
participant051,1724280501621,list4,metal,materialStaircase,metal,2
participant051,1724280503128,list4,metal,materialStaircase,metal,3
participant051,1724280504899,list4,wood,materialStaircase,wood,0
participant051,1724280506490,list4,wood,materialStaircase,wood,1
participant051,1724280508040,list4,wood,materialStaircase,wood,1
participant051,1724280509689,list4,wood,materialStaircase,wood,2
participant051,1724280516649,list4,metal,materialStaircase,metal,3
participant051,1724280519378,list4,wood,materialStaircase,wood,2
participant051,1724280523619,list4,metal,materialStaircase,metal,4
participant051,1724280527858,list4,wood,materialStaircase,wood,3
participant051,1724280531247,list4,metal,materialStaircase,wood,4
participant051,1724280538911,list4,wood,materialStaircase,metal,3
participant051,1724280540978,list4,wood,materialStaircase,wood,2
participant051,1724280543016,list4,metal,materialStaircase,metal,3
participant051,1724280544809,list4,metal,materialStaircase,metal,3
participant051,1724280546650,list4,metal,materialStaircase,metal,4
participant051,1724280548498,list4,metal,materialStaircase,metal,4
participant051,1724280549975,list4,wood,materialStaircase,wood,2
participant051,1724280552274,list4,metal,materialStaircase,wood,5
participant051,1724280558761,list4,wood,materialStaircase,metal,3
participant051,1724280560540,list4,metal,materialStaircase,metal,4
participant051,1724280563322,list4,wood,materialStaircase,wood,2
participant051,1724280565256,list4,metal,materialStaircase,metal,4
participant051,1724280566606,list4,wood,materialStaircase,wood,2
participant052,1724260319057,list3,wood,materialStaircase,wood,0
participant052,1724260323012,list3,wood,materialStaircase,wood,0
participant052,1724260324677,list3,wood,materialStaircase,wood,1
participant052,1724260326056,list3,wood,materialStaircase,wood,1
participant052,1724260327295,list3,metal,materialStaircase,metal,0
participant052,1724260330781,list3,wood,materialStaircase,metal,2
participant052,1724260332020,list3,metal,materialStaircase,metal,0
participant052,1724260333066,list3,metal,materialStaircase,metal,1
participant052,1724260334127,list3,wood,materialStaircase,wood,1
participant052,1724260335977,list3,wood,materialStaircase,wood,1
participant052,1724260337001,list3,wood,materialStaircase,wood,2
participant052,1724260337888,list3,metal,materialStaircase,metal,1
participant052,1724260338855,list3,wood,materialStaircase,wood,2
participant052,1724260339644,list3,metal,materialStaircase,metal,2
participant052,1724260340604,list3,metal,materialStaircase,metal,2
participant052,1724260341422,list3,wood,materialStaircase,wood,3
participant052,1724260342378,list3,metal,materialStaircase,metal,3
participant052,1724260343693,list3,wood,materialStaircase,metal,3
participant052,1724260345126,list3,wood,materialStaircase,metal,2
participant052,1724260345967,list3,wood,materialStaircase,wood,1
participant052,1724260346922,list3,wood,materialStaircase,wood,1
participant052,1724260347809,list3,metal,materialStaircase,metal,3
participant052,1724260349257,list3,metal,materialStaircase,metal,4
participant052,1724260350455,list3,metal,materialStaircase,metal,4
participant052,1724260352088,list3,metal,materialStaircase,wood,5
participant052,1724260353227,list3,metal,materialStaircase,wood,4
participant052,1724260354401,list3,metal,materialStaircase,metal,3
participant052,1724260355613,list3,metal,materialStaircase,metal,3
participant052,1724260356711,list3,metal,materialStaircase,metal,4
participant052,1724260357891,list3,metal,materialStaircase,metal,4
participant052,1724260359574,list3,metal,materialStaircase,wood,5
participant052,1724260361182,list3,metal,materialStaircase,wood,4
participant052,1724260362142,list3,metal,materialStaircase,metal,3
participant052,1724260363224,list3,metal,materialStaircase,metal,3
participant053,1724280401475,list4,metal,materialStaircase,metal,0
participant053,1724280402729,list4,metal,materialStaircase,metal,0
participant053,1724280403489,list4,wood,materialStaircase,wood,0
participant053,1724280404425,list4,wood,materialStaircase,wood,0
participant053,1724280405473,list4,wood,materialStaircase,wood,1
participant053,1724280406561,list4,metal,materialStaircase,metal,1
participant053,1724280407489,list4,wood,materialStaircase,wood,1
participant053,1724280408273,list4,wood,materialStaircase,wood,2
participant053,1724280409113,list4,wood,materialStaircase,wood,2
participant053,1724280409993,list4,wood,materialStaircase,wood,3
participant053,1724280410785,list4,wood,materialStaircase,wood,3
participant053,1724280411587,list4,wood,materialStaircase,wood,4
participant053,1724280412297,list4,wood,materialStaircase,wood,4
participant053,1724280413049,list4,wood,materialStaircase,wood,5
participant053,1724280413817,list4,wood,materialStaircase,wood,5
participant053,1724280414761,list4,metal,materialStaircase,metal,1
participant053,1724280415481,list4,wood,materialStaircase,metal,6
participant053,1724280416457,list4,wood,materialStaircase,wood,5
participant053,1724280417465,list4,wood,materialStaircase,wood,5
participant053,1724280418369,list4,metal,materialStaircase,metal,2
participant053,1724280419337,list4,wood,materialStaircase,metal,6
participant053,1724280420289,list4,metal,materialStaircase,wood,2
participant053,1724280421209,list4,wood,materialStaircase,wood,5
participant053,1724280422099,list4,metal,materialStaircase,wood,1
participant053,1724280423617,list4,metal,materialStaircase,metal,0
participant053,1724280424393,list4,metal,materialStaircase,metal,0
participant053,1724280425009,list4,wood,materialStaircase,metal,5
participant053,1724280425681,list4,metal,materialStaircase,metal,1
participant053,1724280426313,list4,metal,materialStaircase,metal,1
participant053,1724280426977,list4,wood,materialStaircase,metal,4
participant053,1724280427721,list4,wood,materialStaircase,metal,3
participant053,1724280428401,list4,metal,materialStaircase,metal,2
participant053,1724280429145,list4,metal,materialStaircase,metal,2
participant053,1724280430009,list4,wood,materialStaircase,wood,2
participant053,1724280430897,list4,metal,materialStaircase,metal,3
participant053,1724280431785,list4,metal,materialStaircase,metal,3
participant053,1724280432491,list4,metal,materialStaircase,metal,4
participant053,1724280433329,list4,metal,materialStaircase,metal,4
participant053,1724280434345,list4,metal,materialStaircase,metal,5
participant053,1724280435329,list4,metal,materialStaircase,metal,5
participant053,1724280436345,list4,metal,materialStaircase,wood,6
participant053,1724280438065,list4,metal,materialStaircase,wood,5
participant053,1724280439025,list4,metal,materialStaircase,metal,4
participant053,1724280439689,list4,metal,materialStaircase,metal,4
participant054,1724280024051,list4,metal,materialStaircase,metal,0
participant054,1724280025293,list4,wood,materialStaircase,wood,0
participant054,1724280026438,list4,wood,materialStaircase,wood,0
participant054,1724280027507,list4,metal,materialStaircase,metal,0
participant054,1724280029021,list4,metal,materialStaircase,metal,1
participant054,1724280030161,list4,metal,materialStaircase,metal,1
participant054,1724280031415,list4,wood,materialStaircase,wood,1
participant054,1724280032557,list4,metal,materialStaircase,metal,2
participant054,1724280033882,list4,wood,materialStaircase,wood,1
participant054,1724280035141,list4,wood,materialStaircase,wood,2
participant054,1724280036372,list4,metal,materialStaircase,metal,2
participant054,1724280038016,list4,metal,materialStaircase,metal,3
participant054,1724280039643,list4,wood,materialStaircase,wood,2
participant054,1724280040973,list4,metal,materialStaircase,metal,3
participant054,1724280042451,list4,wood,materialStaircase,wood,3
participant054,1724280043862,list4,metal,materialStaircase,metal,4
participant054,1724280045153,list4,metal,materialStaircase,metal,4
participant054,1724280046611,list4,wood,materialStaircase,wood,3
participant054,1724280048096,list4,wood,materialStaircase,wood,4
participant054,1724280049287,list4,metal,materialStaircase,wood,5
participant054,1724280051709,list4,metal,materialStaircase,wood,4
participant054,1724280052992,list4,wood,materialStaircase,wood,4
participant054,1724280054602,list4,wood,materialStaircase,wood,5
participant054,1724280056158,list4,wood,materialStaircase,metal,5
participant054,1724280057606,list4,wood,materialStaircase,wood,4
participant054,1724280059091,list4,wood,materialStaircase,metal,4
participant054,1724280061173,list4,wood,materialStaircase,wood,3
participant054,1724280063353,list4,metal,materialStaircase,metal,3
participant054,1724280064567,list4,wood,materialStaircase,wood,3
participant054,1724280065723,list4,metal,materialStaircase,metal,3
participant054,1724280066923,list4,metal,materialStaircase,metal,4
participant054,1724280067997,list4,metal,materialStaircase,metal,4
participant054,1724280069518,list4,wood,materialStaircase,metal,4
participant054,1724280070794,list4,wood,materialStaircase,wood,3
participant054,1724280072267,list4,metal,materialStaircase,wood,5
participant054,1724280073370,list4,metal,materialStaircase,metal,4
participant054,1724280074642,list4,metal,materialStaircase,metal,4
participant055,1724244811282,list1,metal,materialStaircase,metal,0
participant055,1724244812674,list1,wood,materialStaircase,wood,0
participant055,1724244813701,list1,wood,materialStaircase,wood,0
participant055,1724244814834,list1,wood,materialStaircase,wood,1
participant055,1724244816016,list1,metal,materialStaircase,metal,0
participant055,1724244817024,list1,wood,materialStaircase,wood,1
participant055,1724244817997,list1,metal,materialStaircase,metal,1
participant055,1724244819744,list1,wood,materialStaircase,wood,2
participant055,1724244820717,list1,metal,materialStaircase,metal,1
participant055,1724244821870,list1,metal,materialStaircase,metal,2
participant055,1724244822755,list1,metal,materialStaircase,metal,2
participant055,1724244824015,list1,metal,materialStaircase,metal,3
participant055,1724244824888,list1,wood,materialStaircase,wood,2
participant055,1724244826170,list1,metal,materialStaircase,metal,3
participant055,1724244827149,list1,wood,materialStaircase,wood,3
participant055,1724244828417,list1,wood,materialStaircase,wood,3
participant055,1724244829594,list1,metal,materialStaircase,wood,4
participant055,1724244830686,list1,metal,materialStaircase,metal,3
participant055,1724244831983,list1,wood,materialStaircase,wood,4
participant055,1724244832925,list1,wood,materialStaircase,wood,4
participant055,1724244834078,list1,wood,materialStaircase,wood,5
participant055,1724244835166,list1,metal,materialStaircase,metal,3
participant055,1724244836129,list1,metal,materialStaircase,wood,4
participant055,1724244837132,list1,metal,materialStaircase,metal,3
participant055,1724244838185,list1,wood,materialStaircase,wood,5
participant055,1724244839137,list1,wood,materialStaircase,metal,6
participant055,1724244840165,list1,metal,materialStaircase,metal,3
participant055,1724244841089,list1,wood,materialStaircase,wood,5
participant055,1724244841987,list1,wood,materialStaircase,wood,5
participant055,1724244842985,list1,wood,materialStaircase,metal,6
participant055,1724244843973,list1,wood,materialStaircase,wood,5
participant055,1724244845065,list1,wood,materialStaircase,wood,5
participant057,1724260217588,list3,wood,materialStaircase,wood,0
participant057,1724260219122,list3,wood,materialStaircase,wood,0
participant057,1724260220136,list3,metal,materialStaircase,metal,0
participant057,1724260221063,list3,metal,materialStaircase,metal,0
participant057,1724260222013,list3,wood,materialStaircase,wood,1
participant057,1724260222883,list3,wood,materialStaircase,wood,1
participant057,1724260224374,list3,wood,materialStaircase,wood,2
participant057,1724260225393,list3,wood,materialStaircase,wood,2
participant057,1724260226883,list3,wood,materialStaircase,wood,3
participant057,1724260227930,list3,wood,materialStaircase,wood,3
participant057,1724260229718,list3,wood,materialStaircase,wood,4
participant057,1724260230795,list3,metal,materialStaircase,metal,1
participant057,1724260231829,list3,wood,materialStaircase,wood,4
participant057,1724260232902,list3,metal,materialStaircase,metal,1
participant057,1724260233830,list3,metal,materialStaircase,metal,2
participant057,1724260235157,list3,wood,materialStaircase,metal,5
participant057,1724260236184,list3,metal,materialStaircase,metal,2
participant057,1724260237252,list3,wood,materialStaircase,wood,4
participant057,1724260239561,list3,metal,materialStaircase,wood,3
participant057,1724260240764,list3,metal,materialStaircase,metal,2
participant057,1724260241701,list3,metal,materialStaircase,metal,2
participant057,1724260243126,list3,metal,materialStaircase,wood,3
participant057,1724260244252,list3,metal,materialStaircase,metal,2
participant057,1724260245297,list3,metal,materialStaircase,metal,2
participant057,1724260246192,list3,wood,materialStaircase,wood,4
participant057,1724260248307,list3,wood,materialStaircase,wood,5
participant057,1724260249449,list3,wood,materialStaircase,wood,5
participant057,1724260250338,list3,wood,materialStaircase,metal,6
participant057,1724260251366,list3,wood,materialStaircase,wood,5
participant057,1724260252306,list3,wood,materialStaircase,wood,5
participant058,1724255681405,list2,metal,materialStaircase,metal,0
participant058,1724255684488,list2,wood,materialStaircase,wood,0
participant058,1724255685793,list2,metal,materialStaircase,metal,0
participant058,1724255686963,list2,wood,materialStaircase,wood,0
participant058,1724255688043,list2,metal,materialStaircase,metal,1
participant058,1724255690181,list2,wood,materialStaircase,wood,1
participant058,1724255691440,list2,wood,materialStaircase,wood,1
participant058,1724255692768,list2,wood,materialStaircase,wood,2
participant058,1724255693960,list2,metal,materialStaircase,metal,1
participant058,1724255695130,list2,wood,materialStaircase,wood,2
participant058,1724255696503,list2,metal,materialStaircase,metal,2
participant058,1724255697718,list2,metal,materialStaircase,metal,2
participant058,1724255698910,list2,wood,materialStaircase,wood,3
participant058,1724255700890,list2,wood,materialStaircase,metal,3
participant058,1724255702240,list2,metal,materialStaircase,metal,3
participant058,1724255706088,list2,wood,materialStaircase,metal,2
participant058,1724255707483,list2,metal,materialStaircase,metal,3
participant058,1724255708765,list2,wood,materialStaircase,wood,1
participant058,1724255710205,list2,wood,materialStaircase,wood,1
participant058,1724255711600,list2,wood,materialStaircase,wood,2
participant058,1724255713018,list2,metal,materialStaircase,metal,4
participant058,1724255714525,list2,metal,materialStaircase,metal,4
participant058,1724255715852,list2,metal,materialStaircase,metal,5
participant058,1724255716955,list2,metal,materialStaircase,metal,5
participant058,1724255718913,list2,wood,materialStaircase,metal,2
participant058,1724255720195,list2,metal,materialStaircase,metal,6
participant058,1724255721410,list2,wood,materialStaircase,wood,1
participant058,1724255723030,list2,metal,materialStaircase,metal,6
participant058,1724255724312,list2,wood,materialStaircase,wood,1
participant058,1724255725595,list2,metal,materialStaircase,wood,7
participant058,1724255726967,list2,metal,materialStaircase,metal,6
participant058,1724255728204,list2,metal,materialStaircase,metal,6
participant058,1724255729757,list2,metal,materialStaircase,metal,7
participant058,1724255734775,list2,metal,materialStaircase,metal,7
participant058,1724255736102,list2,metal,materialStaircase,wood,8
participant058,1724255737407,list2,metal,materialStaircase,wood,7
participant058,1724255738622,list2,metal,materialStaircase,wood,6
participant058,1724255740602,list2,metal,materialStaircase,wood,5
participant058,1724255742109,list2,metal,materialStaircase,metal,4
participant058,1724255743370,list2,metal,materialStaircase,metal,4
participant059,1724255872546,list2,metal,materialStaircase,metal,0
participant059,1724255873586,list2,metal,materialStaircase,metal,0
participant059,1724255874369,list2,metal,materialStaircase,metal,1
participant059,1724255875374,list2,metal,materialStaircase,metal,1
participant059,1724255876222,list2,wood,materialStaircase,wood,0
participant059,1724255877497,list2,metal,materialStaircase,metal,2
participant059,1724255879233,list2,metal,materialStaircase,metal,2
participant059,1724255884418,list2,metal,materialStaircase,metal,3
participant059,1724255886160,list2,metal,materialStaircase,metal,3
participant059,1724255888834,list2,metal,materialStaircase,metal,4
participant059,1724255890769,list2,metal,materialStaircase,metal,4
participant059,1724255892377,list2,metal,materialStaircase,metal,5
participant059,1724255893514,list2,metal,materialStaircase,metal,5
participant059,1724255896178,list2,metal,materialStaircase,metal,6
participant059,1724255897306,list2,wood,materialStaircase,wood,0
participant059,1724255898834,list2,metal,materialStaircase,metal,6
participant059,1724255901776,list2,metal,materialStaircase,metal,7
participant059,1724255902970,list2,metal,materialStaircase,metal,7
participant059,1724255906562,list2,metal,materialStaircase,wood,8
participant059,1724255909435,list2,metal,materialStaircase,metal,7
participant059,1724255913142,list2,wood,materialStaircase,wood,1
participant059,1724255915161,list2,wood,materialStaircase,wood,1
participant059,1724255918246,list2,metal,materialStaircase,wood,7
participant059,1724255919399,list2,metal,materialStaircase,metal,6
participant059,1724255920246,list2,metal,materialStaircase,metal,6
participant059,1724255921471,list2,metal,materialStaircase,metal,7
participant059,1724255922694,list2,metal,materialStaircase,wood,7
participant059,1724255923687,list2,metal,materialStaircase,metal,6
participant059,1724255925607,list2,wood,materialStaircase,metal,2
participant059,1724255926503,list2,wood,materialStaircase,wood,1
participant059,1724255927414,list2,wood,materialStaircase,wood,1
participant059,1724255928574,list2,wood,materialStaircase,metal,2
participant059,1724255929599,list2,wood,materialStaircase,wood,1
participant059,1724255930624,list2,wood,materialStaircase,wood,1
participant060,1724260362582,list3,wood,materialStaircase,wood,0
participant060,1724260363621,list3,metal,materialStaircase,metal,0
participant060,1724260364742,list3,wood,materialStaircase,wood,0
participant060,1724260365733,list3,wood,materialStaircase,wood,1
participant060,1724260366614,list3,wood,materialStaircase,wood,1
participant060,1724260367510,list3,metal,materialStaircase,metal,0
participant060,1724260368357,list3,wood,materialStaircase,wood,2
participant060,1724260369189,list3,wood,materialStaircase,wood,2
participant060,1724260370101,list3,metal,materialStaircase,metal,1
participant060,1724260371029,list3,metal,materialStaircase,metal,1
participant060,1724260372037,list3,wood,materialStaircase,wood,3
participant060,1724260373028,list3,wood,materialStaircase,wood,3
participant060,1724260373957,list3,wood,materialStaircase,wood,4
participant060,1724260374790,list3,wood,materialStaircase,wood,4
participant060,1724260375702,list3,metal,materialStaircase,metal,2
participant060,1724260376501,list3,wood,materialStaircase,metal,5
participant060,1724260377764,list3,metal,materialStaircase,metal,2
participant060,1724260378805,list3,metal,materialStaircase,metal,3
participant060,1724260379765,list3,wood,materialStaircase,wood,4
participant060,1724260380678,list3,metal,materialStaircase,metal,3
participant060,1724260381573,list3,wood,materialStaircase,wood,4
participant060,1724260382741,list3,wood,materialStaircase,wood,5
participant060,1724260383732,list3,wood,materialStaircase,wood,5
participant060,1724260384837,list3,wood,materialStaircase,metal,6
participant060,1724260385685,list3,wood,materialStaircase,wood,5
participant060,1724260386820,list3,metal,materialStaircase,wood,4
participant060,1724260388004,list3,wood,materialStaircase,wood,5
participant060,1724260388885,list3,metal,materialStaircase,metal,3
participant060,1724260389765,list3,metal,materialStaircase,metal,3
participant060,1724260390725,list3,metal,materialStaircase,wood,4
participant060,1724260391830,list3,metal,materialStaircase,metal,3
participant060,1724260392836,list3,metal,materialStaircase,metal,3
participant064,1724251172382,list1,metal,materialStaircase,metal,0
participant064,1724251174364,list1,wood,materialStaircase,wood,0
participant064,1724251176620,list1,metal,materialStaircase,metal,0
participant064,1724251178931,list1,metal,materialStaircase,metal,1
participant064,1724251181945,list1,metal,materialStaircase,metal,1
participant064,1724251183251,list1,wood,materialStaircase,wood,0
participant064,1724251184395,list1,metal,materialStaircase,metal,2
participant064,1724251185868,list1,wood,materialStaircase,wood,1
participant064,1724251186957,list1,wood,materialStaircase,wood,1
participant064,1724251188369,list1,wood,materialStaircase,wood,2
participant064,1724251189369,list1,wood,materialStaircase,wood,2
participant064,1724251190754,list1,wood,materialStaircase,wood,3
participant064,1724251192729,list1,wood,materialStaircase,wood,3
participant064,1724251194226,list1,wood,materialStaircase,wood,4
participant064,1724251195306,list1,wood,materialStaircase,wood,4
participant064,1724251196578,list1,metal,materialStaircase,metal,2
participant064,1724251197626,list1,metal,materialStaircase,metal,3
participant064,1724251198779,list1,wood,materialStaircase,wood,5
participant064,1724251200250,list1,metal,materialStaircase,metal,3
participant064,1724251202170,list1,wood,materialStaircase,metal,5
participant064,1724251205441,list1,metal,materialStaircase,wood,4
participant064,1724251206554,list1,metal,materialStaircase,metal,3
participant064,1724251207698,list1,metal,materialStaircase,metal,3
participant064,1724251208818,list1,wood,materialStaircase,wood,4
participant064,1724251209786,list1,metal,materialStaircase,metal,4
participant064,1724251210835,list1,wood,materialStaircase,wood,4
participant064,1724251212296,list1,metal,materialStaircase,wood,4
participant064,1724251213627,list1,wood,materialStaircase,wood,5
participant064,1724251215115,list1,wood,materialStaircase,wood,5
participant064,1724251216169,list1,metal,materialStaircase,metal,3
participant064,1724251217123,list1,wood,materialStaircase,metal,6
participant064,1724251218170,list1,wood,materialStaircase,wood,5
participant064,1724251219042,list1,wood,materialStaircase,wood,5
participant064,1724251220027,list1,metal,materialStaircase,metal,3
participant065,1724260442768,list3,metal,materialStaircase,metal,0
participant065,1724260444176,list3,wood,materialStaircase,wood,0
participant065,1724260445295,list3,metal,materialStaircase,metal,0
participant065,1724260446511,list3,wood,materialStaircase,wood,0
participant065,1724260447764,list3,wood,materialStaircase,wood,1
participant065,1724260449107,list3,metal,materialStaircase,metal,1
participant065,1724260450531,list3,metal,materialStaircase,metal,1
participant065,1724260451851,list3,metal,materialStaircase,metal,2
participant065,1724260453067,list3,metal,materialStaircase,metal,2
participant065,1724260454311,list3,wood,materialStaircase,wood,1
participant065,1724260455382,list3,wood,materialStaircase,wood,2
participant065,1724260456740,list3,metal,materialStaircase,metal,3
participant065,1724260457857,list3,wood,materialStaircase,wood,2
participant065,1724260460407,list3,wood,materialStaircase,wood,3
participant065,1724260462293,list3,wood,materialStaircase,wood,3
participant065,1724260463572,list3,wood,materialStaircase,wood,4
participant065,1724260464781,list3,metal,materialStaircase,metal,3
participant065,1724260467306,list3,wood,materialStaircase,wood,4
participant065,1724260468847,list3,metal,materialStaircase,metal,4
participant065,1724260470047,list3,metal,materialStaircase,metal,4
participant065,1724260472580,list3,metal,materialStaircase,metal,5
participant065,1724260473695,list3,wood,materialStaircase,metal,5
participant065,1724260475212,list3,metal,materialStaircase,metal,5
participant065,1724260477005,list3,metal,materialStaircase,metal,6
participant065,1724260478115,list3,metal,materialStaircase,metal,6
participant065,1724260480593,list3,metal,materialStaircase,metal,7
participant065,1724260482001,list3,wood,materialStaircase,metal,4
participant065,1724260484061,list3,wood,materialStaircase,metal,3
participant065,1724260485523,list3,wood,materialStaircase,wood,2
participant065,1724260486675,list3,metal,materialStaircase,wood,7
participant065,1724260488533,list3,metal,materialStaircase,metal,6
participant065,1724260489869,list3,metal,materialStaircase,metal,6
participant065,1724260491262,list3,metal,materialStaircase,wood,7
participant065,1724260492610,list3,metal,materialStaircase,metal,6
participant065,1724260493855,list3,metal,materialStaircase,metal,6
participant065,1724260495592,list3,wood,materialStaircase,metal,2
participant065,1724260497506,list3,wood,materialStaircase,metal,1
participant065,1724260498649,list3,wood,materialStaircase,wood,0
participant065,1724260499646,list3,wood,materialStaircase,wood,0
participant065,1724260500998,list3,wood,materialStaircase,wood,1
participant065,1724260502351,list3,wood,materialStaircase,wood,1
participant065,1724260503662,list3,wood,materialStaircase,wood,2
participant065,1724260505153,list3,wood,materialStaircase,wood,2
participant065,1724260506234,list3,wood,materialStaircase,metal,3
participant065,1724260508267,list3,wood,materialStaircase,wood,2
participant068,1724255710800,list2,wood,materialStaircase,wood,0
participant068,1724255711862,list2,wood,materialStaircase,wood,0
participant068,1724255713290,list2,wood,materialStaircase,wood,1
participant068,1724255714366,list2,metal,materialStaircase,metal,0
participant068,1724255715471,list2,wood,materialStaircase,wood,1
participant068,1724255716427,list2,metal,materialStaircase,metal,0
participant068,1724255718695,list2,wood,materialStaircase,wood,2
participant068,1724255720092,list2,metal,materialStaircase,metal,1
participant068,1724255721235,list2,wood,materialStaircase,wood,2
participant068,1724255722776,list2,metal,materialStaircase,metal,1
participant068,1724255724060,list2,metal,materialStaircase,metal,2
participant068,1724255726488,list2,wood,materialStaircase,wood,3
participant068,1724255728218,list2,metal,materialStaircase,metal,2
participant068,1724255729573,list2,metal,materialStaircase,metal,3
participant068,1724255731501,list2,wood,materialStaircase,metal,3
participant068,1724255732703,list2,metal,materialStaircase,metal,3
participant068,1724255733876,list2,metal,materialStaircase,metal,4
participant068,1724255735147,list2,metal,materialStaircase,metal,4
participant068,1724255737040,list2,wood,materialStaircase,wood,2
participant068,1724255738613,list2,wood,materialStaircase,wood,2
participant068,1724255740185,list2,wood,materialStaircase,wood,3
participant068,1724255741474,list2,wood,materialStaircase,wood,3
participant068,1724255744996,list2,metal,materialStaircase,metal,5
participant068,1724255746618,list2,metal,materialStaircase,metal,5
participant068,1724255750312,list2,metal,materialStaircase,metal,6
participant068,1724255751546,list2,wood,materialStaircase,metal,4
participant068,1724255752923,list2,metal,materialStaircase,metal,6
participant068,1724255755878,list2,metal,materialStaircase,metal,7
participant068,1724255757373,list2,wood,materialStaircase,metal,3
participant068,1724255761283,list2,metal,materialStaircase,wood,7
participant068,1724255762973,list2,metal,materialStaircase,metal,6
participant068,1724255764651,list2,metal,materialStaircase,metal,6
participant068,1724255765924,list2,metal,materialStaircase,metal,7
participant068,1724255767273,list2,wood,materialStaircase,metal,2
participant068,1724255769135,list2,metal,materialStaircase,metal,7
participant068,1724255770571,list2,wood,materialStaircase,wood,1
participant068,1724255771516,list2,metal,materialStaircase,wood,8
participant068,1724255773094,list2,metal,materialStaircase,wood,7
participant068,1724255774351,list2,wood,materialStaircase,wood,1
participant068,1724255777677,list2,metal,materialStaircase,metal,6
participant068,1724255778934,list2,metal,materialStaircase,metal,6
participant069,1724255814923,list2,metal,materialStaircase,metal,0
participant069,1724255817814,list2,metal,materialStaircase,metal,0
participant069,1724255818885,list2,wood,materialStaircase,wood,0
participant069,1724255819692,list2,wood,materialStaircase,wood,0
participant069,1724255820824,list2,wood,materialStaircase,wood,1
participant069,1724255821558,list2,wood,materialStaircase,wood,1
participant069,1724255822612,list2,metal,materialStaircase,metal,1
participant069,1724255823854,list2,wood,materialStaircase,metal,2
participant069,1724255825038,list2,wood,materialStaircase,wood,1
participant069,1724255825823,list2,wood,materialStaircase,wood,1
participant069,1724255826738,list2,wood,materialStaircase,wood,2
participant069,1724255827723,list2,metal,materialStaircase,metal,1
participant069,1724255828643,list2,metal,materialStaircase,metal,2
participant069,1724255829547,list2,wood,materialStaircase,wood,2
participant069,1724255830542,list2,wood,materialStaircase,wood,3
participant069,1724255831529,list2,metal,materialStaircase,metal,2
participant069,1724255832556,list2,metal,materialStaircase,metal,3
participant069,1724255833417,list2,metal,materialStaircase,metal,3
participant069,1724255834203,list2,metal,materialStaircase,metal,4
participant069,1724255835191,list2,wood,materialStaircase,metal,3
participant069,1724255836303,list2,wood,materialStaircase,wood,2
participant069,1724255837366,list2,metal,materialStaircase,metal,4
participant069,1724255840286,list2,wood,materialStaircase,wood,2
participant069,1724255841560,list2,metal,materialStaircase,wood,5
participant069,1724255842642,list2,metal,materialStaircase,metal,4
participant069,1724255843533,list2,metal,materialStaircase,metal,4
participant069,1724255844591,list2,metal,materialStaircase,metal,5
participant069,1724255845449,list2,metal,materialStaircase,metal,5
participant069,1724255848468,list2,metal,materialStaircase,metal,6
participant069,1724255850127,list2,metal,materialStaircase,metal,6
participant069,1724255851603,list2,metal,materialStaircase,metal,7
participant069,1724255852487,list2,metal,materialStaircase,metal,7
participant069,1724255853857,list2,metal,materialStaircase,wood,8
participant069,1724255855866,list2,metal,materialStaircase,wood,7
participant069,1724255856552,list2,metal,materialStaircase,wood,6
participant069,1724255857467,list2,metal,materialStaircase,wood,5
participant069,1724255858626,list2,metal,materialStaircase,metal,4
participant069,1724255859492,list2,metal,materialStaircase,metal,4
participant070,1724255903435,list2,metal,materialStaircase,metal,0
participant070,1724255904606,list2,metal,materialStaircase,metal,0
participant070,1724255905665,list2,metal,materialStaircase,metal,1
participant070,1724255906587,list2,metal,materialStaircase,metal,1
participant070,1724255907677,list2,metal,materialStaircase,metal,2
participant070,1724255908592,list2,metal,materialStaircase,metal,2
participant070,1724255909533,list2,wood,materialStaircase,wood,0
participant070,1724255910472,list2,wood,materialStaircase,wood,0
participant070,1724255911551,list2,metal,materialStaircase,metal,3
participant070,1724255913315,list2,wood,materialStaircase,wood,1
participant070,1724255914415,list2,wood,materialStaircase,wood,1
participant070,1724255915406,list2,metal,materialStaircase,metal,3
participant070,1724255916698,list2,wood,materialStaircase,wood,2
participant070,1724255917772,list2,metal,materialStaircase,metal,4
participant070,1724255918745,list2,metal,materialStaircase,metal,4
participant070,1724255919872,list2,wood,materialStaircase,metal,2
participant070,1724255921810,list2,metal,materialStaircase,metal,5
participant070,1724255922905,list2,metal,materialStaircase,metal,5
participant070,1724255924434,list2,metal,materialStaircase,metal,6
participant070,1724255925578,list2,wood,materialStaircase,wood,1
participant070,1724255926701,list2,metal,materialStaircase,metal,6
participant070,1724255927702,list2,wood,materialStaircase,wood,1
participant070,1724255929026,list2,metal,materialStaircase,wood,7
participant070,1724255930248,list2,metal,materialStaircase,metal,6
participant070,1724255931249,list2,metal,materialStaircase,metal,6
participant070,1724255932273,list2,wood,materialStaircase,metal,2
participant070,1724255933859,list2,wood,materialStaircase,wood,1
participant070,1724255934950,list2,metal,materialStaircase,wood,7
participant070,1724255935880,list2,metal,materialStaircase,metal,6
participant070,1724255937092,list2,wood,materialStaircase,wood,1
participant070,1724255938030,list2,metal,materialStaircase,metal,6
participant073,1724246369778,list1,wood,materialStaircase,wood,0
participant073,1724246370826,list1,wood,materialStaircase,wood,0
participant073,1724246371667,list1,metal,materialStaircase,metal,0
participant073,1724246372401,list1,wood,materialStaircase,wood,1
participant073,1724246373645,list1,wood,materialStaircase,wood,1
participant073,1724246375098,list1,wood,materialStaircase,wood,2
participant073,1724246375926,list1,metal,materialStaircase,metal,0
participant073,1724246377090,list1,metal,materialStaircase,metal,1
participant073,1724246378594,list1,metal,materialStaircase,metal,1
participant073,1724246379799,list1,metal,materialStaircase,metal,2
participant073,1724246380530,list1,metal,materialStaircase,metal,2
participant073,1724246381681,list1,wood,materialStaircase,wood,2
participant073,1724246382522,list1,metal,materialStaircase,metal,3
participant073,1724246384039,list1,wood,materialStaircase,metal,3
participant073,1724246385184,list1,metal,materialStaircase,metal,3
participant073,1724246386347,list1,wood,materialStaircase,metal,2
participant073,1724246387561,list1,wood,materialStaircase,wood,1
participant073,1724246388759,list1,metal,materialStaircase,wood,4
participant073,1724246389885,list1,wood,materialStaircase,wood,1
participant073,1724246390785,list1,wood,materialStaircase,wood,2
participant073,1724246392172,list1,metal,materialStaircase,metal,3
participant073,1724246393250,list1,wood,materialStaircase,wood,2
participant073,1724246394468,list1,wood,materialStaircase,wood,3
participant073,1724246395281,list1,wood,materialStaircase,wood,3
participant073,1724246396449,list1,metal,materialStaircase,metal,3
participant073,1724246398062,list1,wood,materialStaircase,metal,4
participant073,1724246399419,list1,wood,materialStaircase,wood,3
participant073,1724246400637,list1,metal,materialStaircase,metal,4
participant073,1724246402108,list1,wood,materialStaircase,wood,3
participant073,1724246403762,list1,metal,materialStaircase,metal,4
participant073,1724246404872,list1,metal,materialStaircase,wood,5
participant073,1724246405999,list1,metal,materialStaircase,metal,4
participant073,1724246407415,list1,metal,materialStaircase,metal,4
participant074,1724260770457,list3,wood,materialStaircase,metal,0
participant074,1724260771950,list3,wood,materialStaircase,metal,0
participant074,1724260774089,list3,metal,materialStaircase,metal,0
participant074,1724260775251,list3,metal,materialStaircase,metal,0
participant074,1724260776259,list3,wood,materialStaircase,wood,0
participant074,1724260777122,list3,wood,materialStaircase,wood,0
participant074,1724260778079,list3,wood,materialStaircase,wood,1
participant074,1724260779158,list3,wood,materialStaircase,wood,1
participant074,1724260780209,list3,metal,materialStaircase,metal,1
participant074,1724260781127,list3,metal,materialStaircase,metal,1
participant074,1724260782583,list3,metal,materialStaircase,metal,2
participant074,1724260784220,list3,wood,materialStaircase,wood,2
participant074,1724260785346,list3,metal,materialStaircase,metal,2
participant074,1724260787004,list3,metal,materialStaircase,metal,3
participant074,1724260788220,list3,metal,materialStaircase,metal,3
participant074,1724260789637,list3,wood,materialStaircase,wood,2
participant074,1724260793127,list3,metal,materialStaircase,wood,4
participant074,1724260794606,list3,wood,materialStaircase,wood,3
participant074,1724260796385,list3,metal,materialStaircase,metal,3
participant074,1724260798037,list3,metal,materialStaircase,metal,3
participant074,1724260799998,list3,wood,materialStaircase,wood,3
participant074,1724260801585,list3,metal,materialStaircase,metal,4
participant074,1724260803916,list3,metal,materialStaircase,wood,4
participant074,1724260805392,list3,wood,materialStaircase,wood,4
participant074,1724260807292,list3,wood,materialStaircase,wood,4
participant074,1724260808786,list3,wood,materialStaircase,wood,5
participant074,1724260810555,list3,wood,materialStaircase,metal,5
participant074,1724260811578,list3,metal,materialStaircase,metal,3
participant074,1724260813031,list3,wood,materialStaircase,wood,4
participant074,1724260816258,list3,wood,materialStaircase,metal,4
participant074,1724260817954,list3,metal,materialStaircase,metal,3
participant074,1724260818792,list3,wood,materialStaircase,wood,3
participant074,1724260819930,list3,wood,materialStaircase,wood,3
participant076,1724248401879,list1,metal,materialStaircase,metal,0
participant076,1724248403026,list1,wood,materialStaircase,wood,0
participant076,1724248404022,list1,wood,materialStaircase,metal,0
participant076,1724248405505,list1,wood,materialStaircase,wood,0
participant076,1724248406988,list1,wood,materialStaircase,metal,0
participant076,1724248408483,list1,metal,materialStaircase,metal,0
participant076,1724248409956,list1,wood,materialStaircase,wood,0
participant076,1724248411360,list1,metal,materialStaircase,metal,1
participant076,1724248412586,list1,wood,materialStaircase,wood,0
participant076,1724248413711,list1,wood,materialStaircase,wood,1
participant076,1724248414810,list1,metal,materialStaircase,metal,1
participant076,1724248415835,list1,metal,materialStaircase,metal,2
participant076,1724248416902,list1,wood,materialStaircase,wood,1
participant076,1724248418075,list1,metal,materialStaircase,metal,2
participant076,1724248419260,list1,metal,materialStaircase,metal,3
participant076,1724248420267,list1,metal,materialStaircase,metal,3
participant076,1724248421402,list1,wood,materialStaircase,wood,2
participant076,1724248422827,list1,metal,materialStaircase,metal,4
participant076,1724248423993,list1,wood,materialStaircase,wood,2
participant076,1724248425089,list1,wood,materialStaircase,wood,3
participant076,1724248426126,list1,wood,materialStaircase,wood,3
participant076,1724248427900,list1,metal,materialStaircase,wood,4
participant076,1724248429142,list1,wood,materialStaircase,wood,4
participant076,1724248430167,list1,wood,materialStaircase,wood,4
participant076,1724248431144,list1,wood,materialStaircase,wood,5
participant076,1724248432191,list1,metal,materialStaircase,metal,3
participant076,1724248433159,list1,wood,materialStaircase,metal,5
participant076,1724248434204,list1,metal,materialStaircase,metal,3
participant076,1724248435190,list1,metal,materialStaircase,metal,4
participant076,1724248436185,list1,metal,materialStaircase,metal,4
participant076,1724248437122,list1,wood,materialStaircase,metal,4
participant076,1724248438079,list1,metal,materialStaircase,metal,5
participant076,1724248439155,list1,wood,materialStaircase,wood,3
participant076,1724248440141,list1,wood,materialStaircase,wood,3
participant076,1724248441238,list1,metal,materialStaircase,wood,5
participant076,1724248442482,list1,metal,materialStaircase,wood,4
participant076,1724248443549,list1,metal,materialStaircase,metal,3
participant076,1724248444605,list1,metal,materialStaircase,metal,3
participant079,1724281747405,list4,wood,materialStaircase,wood,0
participant079,1724281748678,list4,metal,materialStaircase,metal,0
participant079,1724281749843,list4,wood,materialStaircase,wood,0
participant079,1724281751666,list4,wood,materialStaircase,metal,1
participant079,1724281753142,list4,wood,materialStaircase,wood,0
participant079,1724281754056,list4,metal,materialStaircase,metal,0
participant079,1724281755079,list4,wood,materialStaircase,wood,0
participant079,1724281756742,list4,wood,materialStaircase,wood,1
participant079,1724281758287,list4,wood,materialStaircase,wood,1
participant079,1724281759185,list4,metal,materialStaircase,metal,1
participant079,1724281760198,list4,metal,materialStaircase,metal,1
participant079,1724281761269,list4,metal,materialStaircase,metal,2
participant079,1724281762308,list4,wood,materialStaircase,wood,2
participant079,1724281763154,list4,metal,materialStaircase,metal,2
participant079,1724281764495,list4,wood,materialStaircase,metal,2
participant079,1724281765476,list4,metal,materialStaircase,metal,3
participant079,1724281766438,list4,metal,materialStaircase,metal,3
participant079,1724281767982,list4,wood,materialStaircase,wood,1
participant079,1724281769033,list4,wood,materialStaircase,wood,1
participant079,1724281769877,list4,metal,materialStaircase,metal,4
participant079,1724281770587,list4,metal,materialStaircase,metal,4
participant079,1724281771236,list4,metal,materialStaircase,metal,5
participant079,1724281771972,list4,metal,materialStaircase,wood,5
participant079,1724281772441,list4,metal,materialStaircase,metal,4
participant079,1724281773010,list4,metal,materialStaircase,metal,4
participant079,1724281773414,list4,metal,materialStaircase,metal,5
participant079,1724281773938,list4,metal,materialStaircase,wood,5
participant079,1724281774352,list4,metal,materialStaircase,metal,4
participant079,1724281775019,list4,metal,materialStaircase,wood,4
participant079,1724281775874,list4,metal,materialStaircase,metal,3
participant080,1724250922599,list1,wood,materialStaircase,wood,0
participant080,1724250924152,list1,wood,materialStaircase,wood,0
participant080,1724250925529,list1,metal,materialStaircase,metal,0
participant080,1724250926704,list1,metal,materialStaircase,metal,0
participant080,1724250928347,list1,metal,materialStaircase,metal,1
participant080,1724250929712,list1,metal,materialStaircase,metal,1
participant080,1724250931098,list1,metal,materialStaircase,metal,2
participant080,1724250932555,list1,wood,materialStaircase,wood,1
participant080,1724250933886,list1,wood,materialStaircase,wood,1
participant080,1724250935525,list1,metal,materialStaircase,metal,2
participant080,1724250937056,list1,metal,materialStaircase,metal,3
participant080,1724250938760,list1,wood,materialStaircase,metal,2
participant080,1724250940431,list1,wood,materialStaircase,metal,1
participant080,1724250941880,list1,metal,materialStaircase,metal,3
participant080,1724250943486,list1,wood,materialStaircase,wood,0
participant080,1724250945018,list1,metal,materialStaircase,metal,4
participant080,1724250946360,list1,metal,materialStaircase,metal,4
participant080,1724250947918,list1,metal,materialStaircase,metal,5
participant080,1724250949194,list1,metal,materialStaircase,metal,5
participant080,1724250950807,list1,wood,materialStaircase,wood,0
participant080,1724250952361,list1,wood,materialStaircase,wood,1
participant080,1724250954506,list1,metal,materialStaircase,metal,6
participant080,1724250956215,list1,metal,materialStaircase,wood,6
participant080,1724250957645,list1,wood,materialStaircase,wood,1
participant080,1724250958929,list1,wood,materialStaircase,wood,2
participant080,1724250960182,list1,wood,materialStaircase,wood,2
participant080,1724250961741,list1,metal,materialStaircase,wood,5
participant080,1724250963521,list1,metal,materialStaircase,metal,4
participant080,1724250965342,list1,wood,materialStaircase,wood,3
participant080,1724250966979,list1,metal,materialStaircase,metal,4
participant080,1724250968628,list1,metal,materialStaircase,metal,5
participant080,1724250970302,list1,wood,materialStaircase,wood,3
participant080,1724250971859,list1,metal,materialStaircase,wood,5
participant080,1724250973190,list1,wood,materialStaircase,wood,4
participant080,1724250975161,list1,metal,materialStaircase,wood,4
participant080,1724250976675,list1,wood,materialStaircase,wood,4
participant080,1724250978188,list1,wood,materialStaircase,wood,5
participant080,1724250979621,list1,metal,materialStaircase,metal,3
participant080,1724250981449,list1,wood,materialStaircase,metal,5
participant080,1724250982954,list1,metal,materialStaircase,metal,3
participant080,1724250984524,list1,wood,materialStaircase,wood,4
participant080,1724250985936,list1,wood,materialStaircase,wood,4
participant081,1724260298785,list3,wood,materialStaircase,wood,0
participant081,1724260300864,list3,metal,materialStaircase,metal,0
participant081,1724260302160,list3,wood,materialStaircase,wood,0
participant081,1724260303240,list3,metal,materialStaircase,metal,0
participant081,1724260304775,list3,wood,materialStaircase,wood,1
participant081,1724260306144,list3,metal,materialStaircase,metal,1
participant081,1724260307288,list3,metal,materialStaircase,metal,1
participant081,1724260308496,list3,metal,materialStaircase,metal,2
participant081,1724260309599,list3,wood,materialStaircase,wood,1
participant081,1724260310792,list3,wood,materialStaircase,wood,2
participant081,1724260311880,list3,wood,materialStaircase,wood,2
participant081,1724260313360,list3,metal,materialStaircase,metal,2
participant081,1724260314608,list3,metal,materialStaircase,metal,3
participant081,1724260316673,list3,wood,materialStaircase,metal,3
participant081,1724260317840,list3,metal,materialStaircase,metal,3
participant081,1724260321656,list3,wood,materialStaircase,metal,2
participant081,1724260324464,list3,metal,materialStaircase,metal,4
participant081,1724260325808,list3,wood,materialStaircase,wood,1
participant081,1724260327079,list3,wood,materialStaircase,wood,1
participant081,1724260329000,list3,metal,materialStaircase,metal,4
participant081,1724260330079,list3,wood,materialStaircase,wood,2
participant081,1724260333696,list3,metal,materialStaircase,metal,5
participant081,1724260334880,list3,wood,materialStaircase,wood,2
participant081,1724260336465,list3,metal,materialStaircase,metal,5
participant081,1724260337967,list3,wood,materialStaircase,metal,3
participant081,1724260339040,list3,metal,materialStaircase,metal,6
participant081,1724260340016,list3,wood,materialStaircase,wood,2
participant081,1724260341224,list3,metal,materialStaircase,metal,6
participant081,1724260342184,list3,metal,materialStaircase,wood,7
participant081,1724260343152,list3,wood,materialStaircase,wood,2
participant081,1724260344152,list3,metal,materialStaircase,metal,6
participant081,1724260345184,list3,metal,materialStaircase,metal,6
participant081,1724260346728,list3,metal,materialStaircase,wood,7
participant081,1724260347816,list3,metal,materialStaircase,metal,6
participant081,1724260348936,list3,metal,materialStaircase,metal,6
participant082,1724262997130,list3,metal,materialStaircase,metal,0
participant082,1724262998622,list3,wood,materialStaircase,wood,0
participant082,1724262999681,list3,wood,materialStaircase,wood,0
participant082,1724263001175,list3,wood,materialStaircase,wood,1
participant082,1724263002643,list3,metal,materialStaircase,metal,0
participant082,1724263003674,list3,metal,materialStaircase,metal,1
participant082,1724263004616,list3,metal,materialStaircase,metal,1
participant082,1724263005500,list3,metal,materialStaircase,metal,2
participant082,1724263006488,list3,wood,materialStaircase,wood,1
participant082,1724263007742,list3,metal,materialStaircase,metal,2
participant082,1724263008757,list3,metal,materialStaircase,metal,3
participant082,1724263009683,list3,metal,materialStaircase,metal,3
participant082,1724263010953,list3,wood,materialStaircase,wood,2
participant082,1724263011988,list3,wood,materialStaircase,wood,2
participant082,1724263013192,list3,metal,materialStaircase,metal,4
participant082,1724263014181,list3,metal,materialStaircase,metal,4
participant082,1724263015382,list3,wood,materialStaircase,metal,3
participant082,1724263016997,list3,wood,materialStaircase,metal,2
participant082,1724263018109,list3,metal,materialStaircase,metal,5
participant082,1724263019287,list3,wood,materialStaircase,wood,1
participant082,1724263020356,list3,wood,materialStaircase,wood,1
participant082,1724263021477,list3,wood,materialStaircase,wood,2
participant082,1724263022668,list3,metal,materialStaircase,wood,5
participant082,1724263023672,list3,wood,materialStaircase,wood,2
participant082,1724263024728,list3,wood,materialStaircase,wood,3
participant082,1724263025658,list3,wood,materialStaircase,wood,3
participant082,1724263026682,list3,wood,materialStaircase,wood,4
participant082,1724263027610,list3,wood,materialStaircase,wood,4
participant082,1724263028931,list3,wood,materialStaircase,wood,5
participant082,1724263030337,list3,metal,materialStaircase,wood,4
participant082,1724263031406,list3,metal,materialStaircase,metal,3
participant082,1724263032484,list3,wood,materialStaircase,wood,5
participant082,1724263033465,list3,metal,materialStaircase,metal,3
participant082,1724263034417,list3,wood,materialStaircase,metal,6
participant082,1724263036153,list3,wood,materialStaircase,wood,5
participant082,1724263037188,list3,metal,materialStaircase,wood,4
participant082,1724263038140,list3,wood,materialStaircase,wood,5
participant082,1724263039177,list3,metal,materialStaircase,metal,3
participant082,1724263040112,list3,metal,materialStaircase,metal,3
participant083,1724260414050,list3,metal,materialStaircase,metal,0
participant083,1724260418522,list3,wood,materialStaircase,wood,0
participant083,1724260420077,list3,metal,materialStaircase,metal,0
participant083,1724260421828,list3,wood,materialStaircase,wood,0
participant083,1724260423260,list3,metal,materialStaircase,metal,1
participant083,1724260424227,list3,metal,materialStaircase,metal,1
participant083,1724260426001,list3,wood,materialStaircase,wood,1
participant083,1724260427911,list3,wood,materialStaircase,wood,1
participant083,1724260430558,list3,metal,materialStaircase,metal,2
participant083,1724260432140,list3,wood,materialStaircase,wood,2
participant083,1724260433229,list3,metal,materialStaircase,metal,2
participant083,1724260434459,list3,metal,materialStaircase,metal,3
participant083,1724260436129,list3,wood,materialStaircase,wood,2
participant083,1724260437570,list3,metal,materialStaircase,metal,3
participant083,1724260439075,list3,wood,materialStaircase,wood,3
participant083,1724260440055,list3,wood,materialStaircase,wood,3
participant083,1724260443587,list3,metal,materialStaircase,wood,4
participant083,1724260445108,list3,metal,materialStaircase,metal,3
participant083,1724260448664,list3,wood,materialStaircase,metal,4
participant083,1724260449749,list3,metal,materialStaircase,metal,3
participant083,1724260451099,list3,metal,materialStaircase,metal,4
participant083,1724260452430,list3,wood,materialStaircase,metal,3
participant083,1724260453796,list3,metal,materialStaircase,metal,4
participant083,1724260455588,list3,metal,materialStaircase,metal,5
participant083,1724260458486,list3,metal,materialStaircase,metal,5
participant083,1724260460335,list3,metal,materialStaircase,wood,6
participant083,1724260464758,list3,metal,materialStaircase,wood,5
participant083,1724260466173,list3,metal,materialStaircase,metal,4
participant083,1724260467342,list3,metal,materialStaircase,metal,4
participant083,1724260468772,list3,wood,materialStaircase,wood,2
participant083,1724260469636,list3,wood,materialStaircase,wood,2
participant083,1724260471349,list3,wood,materialStaircase,wood,3
participant083,1724260472159,list3,wood,materialStaircase,wood,3
participant083,1724260474910,list3,wood,materialStaircase,wood,4
participant083,1724260475918,list3,wood,materialStaircase,wood,4
participant083,1724260477296,list3,wood,materialStaircase,metal,5
participant083,1724260479188,list3,wood,materialStaircase,wood,4
participant083,1724260480774,list3,wood,materialStaircase,metal,4
participant083,1724260482401,list3,wood,materialStaircase,wood,3
participant085,1724244814745,list1,wood,materialStaircase,metal,0
participant085,1724244823399,list1,metal,materialStaircase,metal,0
participant085,1724244825024,list1,metal,materialStaircase,metal,0
participant085,1724244828930,list1,metal,materialStaircase,metal,1
participant085,1724244830673,list1,wood,materialStaircase,wood,0
participant085,1724244831504,list1,wood,materialStaircase,wood,0
participant085,1724244833010,list1,metal,materialStaircase,metal,1
participant085,1724244834258,list1,wood,materialStaircase,wood,1
participant085,1724244835530,list1,wood,materialStaircase,wood,1
participant085,1724244837543,list1,wood,materialStaircase,wood,2
participant085,1724244838783,list1,metal,materialStaircase,metal,2
participant085,1724244839676,list1,metal,materialStaircase,metal,2
participant085,1724244841374,list1,wood,materialStaircase,wood,2
participant085,1724244842471,list1,wood,materialStaircase,wood,3
participant085,1724244843815,list1,metal,materialStaircase,wood,3
participant085,1724244845523,list1,wood,materialStaircase,metal,3
participant085,1724244847856,list1,wood,materialStaircase,metal,2
participant085,1724244849215,list1,wood,materialStaircase,wood,1
participant085,1724244850466,list1,metal,materialStaircase,metal,2
participant085,1724244851447,list1,metal,materialStaircase,metal,2
participant085,1724244852423,list1,wood,materialStaircase,wood,1
participant085,1724244853425,list1,wood,materialStaircase,wood,2
participant085,1724244854324,list1,metal,materialStaircase,metal,3
participant085,1724244855200,list1,metal,materialStaircase,metal,3
participant085,1724244856055,list1,metal,materialStaircase,wood,4
participant085,1724244857376,list1,metal,materialStaircase,metal,3
participant085,1724244858307,list1,metal,materialStaircase,metal,3
participant087,1724279946251,list4,metal,materialStaircase,metal,0
participant087,1724279947547,list4,metal,materialStaircase,metal,0
participant087,1724279948483,list4,wood,materialStaircase,wood,0
participant087,1724279949780,list4,metal,materialStaircase,metal,1
participant087,1724279950836,list4,metal,materialStaircase,metal,1
participant087,1724279952075,list4,metal,materialStaircase,metal,2
participant087,1724279953092,list4,wood,materialStaircase,wood,0
participant087,1724279954171,list4,metal,materialStaircase,metal,2
participant087,1724279955339,list4,wood,materialStaircase,wood,1
participant087,1724279956395,list4,wood,materialStaircase,wood,1
participant087,1724279957443,list4,wood,materialStaircase,wood,2
participant087,1724279958476,list4,metal,materialStaircase,metal,3
participant087,1724279959627,list4,wood,materialStaircase,wood,2
participant087,1724279960611,list4,metal,materialStaircase,wood,3
participant087,1724279962323,list4,wood,materialStaircase,wood,3
participant087,1724279964276,list4,wood,materialStaircase,metal,3
participant087,1724279965643,list4,metal,materialStaircase,metal,2
participant087,1724279966747,list4,wood,materialStaircase,wood,2
participant087,1724279968011,list4,wood,materialStaircase,wood,2
participant087,1724279968987,list4,metal,materialStaircase,metal,2
participant087,1724279970291,list4,metal,materialStaircase,metal,3
participant087,1724279971319,list4,metal,materialStaircase,metal,3
participant087,1724279972779,list4,wood,materialStaircase,wood,3
participant087,1724279974068,list4,wood,materialStaircase,wood,3
participant087,1724279975275,list4,metal,materialStaircase,metal,4
participant087,1724279976291,list4,metal,materialStaircase,metal,4
participant087,1724279977531,list4,wood,materialStaircase,wood,4
participant087,1724279978531,list4,metal,materialStaircase,wood,5
participant087,1724279980387,list4,metal,materialStaircase,metal,4
participant087,1724279981819,list4,wood,materialStaircase,wood,4
participant087,1724279983563,list4,metal,materialStaircase,wood,4
participant087,1724279984883,list4,wood,materialStaircase,wood,5
participant087,1724279985923,list4,metal,materialStaircase,metal,3
participant087,1724279986827,list4,wood,materialStaircase,metal,5
participant087,1724279987923,list4,wood,materialStaircase,metal,4
participant087,1724279988843,list4,wood,materialStaircase,metal,3
participant087,1724279989915,list4,wood,materialStaircase,wood,2
participant087,1724279990763,list4,wood,materialStaircase,wood,2
participant088,1724251298452,list1,wood,materialStaircase,wood,0
participant088,1724251301172,list1,metal,materialStaircase,metal,0
participant088,1724251308061,list1,metal,materialStaircase,metal,0
participant088,1724251317207,list1,metal,materialStaircase,metal,1
participant088,1724251328204,list1,metal,materialStaircase,metal,1
participant088,1724251332950,list1,metal,materialStaircase,wood,2
participant088,1724251347247,list1,wood,materialStaircase,wood,0
participant088,1724251349617,list1,wood,materialStaircase,wood,1
participant088,1724251351536,list1,wood,materialStaircase,wood,1
participant088,1724251352902,list1,metal,materialStaircase,metal,1
participant088,1724251356655,list1,wood,materialStaircase,wood,2
participant088,1724251358261,list1,metal,materialStaircase,metal,1
participant088,1724251360208,list1,metal,materialStaircase,metal,2
participant088,1724251361384,list1,wood,materialStaircase,wood,2
participant088,1724251362477,list1,metal,materialStaircase,metal,2
participant088,1724251364031,list1,metal,materialStaircase,metal,3
participant088,1724251366301,list1,wood,materialStaircase,metal,3
participant088,1724251367451,list1,metal,materialStaircase,metal,3
participant088,1724251370285,list1,wood,materialStaircase,wood,2
participant088,1724251372396,list1,metal,materialStaircase,metal,4
participant088,1724251376335,list1,wood,materialStaircase,wood,2
participant088,1724251379536,list1,metal,materialStaircase,metal,4
participant088,1724251381561,list1,metal,materialStaircase,metal,5
participant088,1724251387501,list1,metal,materialStaircase,metal,5
participant088,1724251393920,list1,metal,materialStaircase,wood,6
participant088,1724251398232,list1,metal,materialStaircase,metal,5
participant088,1724251400754,list1,metal,materialStaircase,metal,5
participant088,1724251402331,list1,wood,materialStaircase,wood,3
participant088,1724251403678,list1,wood,materialStaircase,wood,3
participant088,1724251405127,list1,wood,materialStaircase,metal,4
participant088,1724251406395,list1,wood,materialStaircase,wood,3
participant088,1724251409309,list1,wood,materialStaircase,wood,3
participant089,1724280084311,list4,wood,materialStaircase,wood,0
participant089,1724280086048,list4,wood,materialStaircase,wood,0
participant089,1724280087651,list4,metal,materialStaircase,metal,0
participant089,1724280094391,list4,wood,materialStaircase,wood,1
participant089,1724280095841,list4,wood,materialStaircase,wood,1
participant089,1724280097899,list4,metal,materialStaircase,metal,0
participant089,1724280099418,list4,wood,materialStaircase,metal,2
participant089,1724280101516,list4,wood,materialStaircase,metal,1
participant089,1724280102813,list4,metal,materialStaircase,metal,1
participant089,1724280103864,list4,wood,materialStaircase,wood,0
participant089,1724280104972,list4,wood,materialStaircase,wood,0
participant089,1724280106079,list4,metal,materialStaircase,metal,1
participant089,1724280107549,list4,wood,materialStaircase,wood,1
participant089,1724280108623,list4,metal,materialStaircase,metal,2
participant089,1724280109630,list4,metal,materialStaircase,metal,2
participant089,1724280110961,list4,metal,materialStaircase,metal,3
participant089,1724280112068,list4,wood,materialStaircase,wood,1
participant089,1724280114042,list4,metal,materialStaircase,metal,3
participant089,1724280115442,list4,wood,materialStaircase,wood,2
participant089,1724280118091,list4,wood,materialStaircase,wood,2
participant089,1724280119425,list4,wood,materialStaircase,wood,3
participant089,1724280121414,list4,metal,materialStaircase,metal,4
participant089,1724280123068,list4,metal,materialStaircase,metal,4
participant089,1724280124213,list4,metal,materialStaircase,metal,5
participant089,1724280125210,list4,metal,materialStaircase,metal,5
participant089,1724280126821,list4,metal,materialStaircase,metal,6
participant089,1724280129786,list4,wood,materialStaircase,metal,3
participant089,1724280131085,list4,wood,materialStaircase,wood,2
participant089,1724280137806,list4,wood,materialStaircase,metal,2
participant089,1724280139355,list4,wood,materialStaircase,wood,1
participant089,1724280141751,list4,metal,materialStaircase,wood,6
participant089,1724280142938,list4,metal,materialStaircase,metal,5
participant089,1724280143994,list4,metal,materialStaircase,metal,5
participant089,1724280145490,list4,metal,materialStaircase,metal,6
participant089,1724280146582,list4,metal,materialStaircase,metal,6
participant089,1724280147989,list4,metal,materialStaircase,metal,7
participant089,1724280149493,list4,metal,materialStaircase,metal,7
participant089,1724280150886,list4,metal,materialStaircase,wood,8
participant089,1724280152565,list4,metal,materialStaircase,wood,7
participant089,1724280154194,list4,metal,materialStaircase,metal,6
participant089,1724280159836,list4,metal,materialStaircase,metal,6
participant091,1724246460117,list1,wood,materialStaircase,wood,0
participant091,1724246463337,list1,metal,materialStaircase,metal,0
participant091,1724246479777,list1,wood,materialStaircase,wood,0
participant091,1724246487314,list1,wood,materialStaircase,wood,1
participant091,1724246492092,list1,wood,materialStaircase,wood,1
participant091,1724246497360,list1,wood,materialStaircase,wood,2
participant091,1724246507328,list1,wood,materialStaircase,wood,2
participant091,1724246515578,list1,wood,materialStaircase,metal,3
participant091,1724246518384,list1,metal,materialStaircase,metal,0
participant091,1724246520380,list1,metal,materialStaircase,metal,1
participant091,1724246523934,list1,wood,materialStaircase,wood,2
participant091,1724246526218,list1,wood,materialStaircase,wood,2
participant091,1724246528050,list1,metal,materialStaircase,metal,1
participant091,1724246531888,list1,wood,materialStaircase,metal,3
participant091,1724246534254,list1,metal,materialStaircase,metal,2
participant091,1724246539943,list1,wood,materialStaircase,wood,2
participant091,1724246542626,list1,wood,materialStaircase,wood,2
participant091,1724246544352,list1,metal,materialStaircase,metal,2
participant091,1724246546283,list1,metal,materialStaircase,metal,3
participant091,1724246548102,list1,metal,materialStaircase,metal,3
participant091,1724246550755,list1,metal,materialStaircase,metal,4
participant091,1724246552579,list1,metal,materialStaircase,metal,4
participant091,1724246554612,list1,metal,materialStaircase,metal,5
participant091,1724246557479,list1,metal,materialStaircase,metal,5
participant091,1724246560709,list1,metal,materialStaircase,metal,6
participant091,1724246563548,list1,metal,materialStaircase,metal,6
participant091,1724246588363,list1,metal,materialStaircase,wood,7
participant091,1724246591465,list1,metal,materialStaircase,metal,6
participant091,1724246593526,list1,metal,materialStaircase,metal,6
participant091,1724246598174,list1,metal,materialStaircase,metal,7
participant091,1724246602272,list1,metal,materialStaircase,metal,7
participant091,1724246604049,list1,metal,materialStaircase,wood,8
participant091,1724246608448,list1,metal,materialStaircase,wood,7
participant091,1724246612331,list1,metal,materialStaircase,metal,6
participant091,1724246615491,list1,metal,materialStaircase,metal,6
participant092,1724260603217,list3,wood,materialStaircase,wood,0
participant092,1724260604541,list3,metal,materialStaircase,metal,0
participant092,1724260605971,list3,metal,materialStaircase,metal,0
participant092,1724260607238,list3,metal,materialStaircase,metal,1
participant092,1724260608329,list3,wood,materialStaircase,wood,0
participant092,1724260609443,list3,metal,materialStaircase,metal,1
participant092,1724260610612,list3,metal,materialStaircase,metal,2
participant092,1724260611785,list3,wood,materialStaircase,wood,1
participant092,1724260612878,list3,metal,materialStaircase,metal,2
participant092,1724260613954,list3,metal,materialStaircase,metal,3
participant092,1724260615044,list3,wood,materialStaircase,wood,1
participant092,1724260616244,list3,wood,materialStaircase,wood,2
participant092,1724260617360,list3,wood,materialStaircase,wood,2
participant092,1724260618440,list3,wood,materialStaircase,wood,3
participant092,1724260619498,list3,metal,materialStaircase,metal,3
participant092,1724260620692,list3,wood,materialStaircase,wood,3
participant092,1724260621949,list3,metal,materialStaircase,wood,4
participant092,1724260623432,list3,metal,materialStaircase,wood,3
participant092,1724260624319,list3,metal,materialStaircase,metal,2
participant092,1724260625362,list3,wood,materialStaircase,wood,4
participant092,1724260626425,list3,wood,materialStaircase,wood,4
participant092,1724260627564,list3,wood,materialStaircase,wood,5
participant092,1724260628689,list3,wood,materialStaircase,wood,5
participant092,1724260629531,list3,wood,materialStaircase,metal,6
participant092,1724260630757,list3,wood,materialStaircase,wood,5
participant092,1724260632267,list3,wood,materialStaircase,wood,5
participant092,1724260633373,list3,metal,materialStaircase,metal,2
participant092,1724260634516,list3,metal,materialStaircase,metal,3
participant092,1724260635520,list3,metal,materialStaircase,metal,3
participant092,1724260636535,list3,metal,materialStaircase,wood,4
participant092,1724260637702,list3,metal,materialStaircase,metal,3
participant092,1724260638856,list3,wood,materialStaircase,metal,6
participant092,1724260639939,list3,metal,materialStaircase,metal,3
participant092,1724260641063,list3,wood,materialStaircase,wood,5
participant092,1724260642343,list3,wood,materialStaircase,wood,5
participant093,1724280229124,list4,metal,materialStaircase,metal,0
participant093,1724280230537,list4,wood,materialStaircase,wood,0
participant093,1724280231833,list4,wood,materialStaircase,wood,0
participant093,1724280233380,list4,wood,materialStaircase,wood,1
participant093,1724280234513,list4,wood,materialStaircase,wood,1
participant093,1724280235505,list4,metal,materialStaircase,metal,0
participant093,1724280237613,list4,metal,materialStaircase,metal,1
participant093,1724280238667,list4,metal,materialStaircase,metal,1
participant093,1724280239816,list4,wood,materialStaircase,wood,2
participant093,1724280240776,list4,metal,materialStaircase,metal,2
participant093,1724280241927,list4,metal,materialStaircase,metal,2
participant093,1724280243124,list4,wood,materialStaircase,wood,2
participant093,1724280244064,list4,metal,materialStaircase,metal,3
participant093,1724280246492,list4,wood,materialStaircase,metal,3
participant093,1724280247796,list4,wood,materialStaircase,wood,2
participant093,1724280248991,list4,wood,materialStaircase,wood,2
participant093,1724280250067,list4,metal,materialStaircase,metal,3
participant093,1724280252146,list4,wood,materialStaircase,metal,3
participant093,1724280253386,list4,metal,materialStaircase,metal,4
participant093,1724280254350,list4,metal,materialStaircase,metal,4
participant093,1724280255267,list4,wood,materialStaircase,metal,2
participant093,1724280256627,list4,wood,materialStaircase,wood,1
participant093,1724280257634,list4,metal,materialStaircase,metal,5
participant093,1724280258603,list4,metal,materialStaircase,metal,5
participant093,1724280260075,list4,metal,materialStaircase,metal,6
participant093,1724280261035,list4,metal,materialStaircase,metal,6
participant093,1724280262075,list4,wood,materialStaircase,wood,1
participant093,1724280263357,list4,metal,materialStaircase,wood,7
participant093,1724280264482,list4,metal,materialStaircase,metal,6
participant093,1724280265805,list4,metal,materialStaircase,metal,6
participant093,1724280266842,list4,metal,materialStaircase,metal,7
participant093,1724280267785,list4,metal,materialStaircase,metal,7
participant093,1724280268814,list4,metal,materialStaircase,wood,8
participant093,1724280270266,list4,metal,materialStaircase,wood,7
participant093,1724280271145,list4,metal,materialStaircase,metal,6
participant093,1724280272306,list4,metal,materialStaircase,metal,6
participant094,1724247758209,list1,wood,materialStaircase,metal,0
participant094,1724247759784,list1,metal,materialStaircase,metal,0
participant094,1724247760871,list1,metal,materialStaircase,metal,0
participant094,1724247762071,list1,wood,materialStaircase,wood,0
participant094,1724247763267,list1,wood,materialStaircase,wood,0
participant094,1724247764309,list1,metal,materialStaircase,metal,1
participant094,1724247765557,list1,wood,materialStaircase,wood,1
participant094,1724247766621,list1,metal,materialStaircase,metal,1
participant094,1724247768166,list1,wood,materialStaircase,wood,1
participant094,1724247769237,list1,wood,materialStaircase,wood,2
participant094,1724247770123,list1,wood,materialStaircase,wood,2
participant094,1724247771232,list1,metal,materialStaircase,metal,2
participant094,1724247772386,list1,metal,materialStaircase,metal,2
participant094,1724247774069,list1,wood,materialStaircase,wood,3
participant094,1724247775516,list1,metal,materialStaircase,metal,3
participant094,1724247776561,list1,wood,materialStaircase,metal,3
participant094,1724247778316,list1,wood,materialStaircase,metal,2
participant094,1724247779470,list1,metal,materialStaircase,metal,3
participant094,1724247780507,list1,wood,materialStaircase,wood,1
participant094,1724247781479,list1,wood,materialStaircase,wood,1
participant094,1724247783331,list1,metal,materialStaircase,wood,4
participant094,1724247784531,list1,metal,materialStaircase,wood,3
participant094,1724247785528,list1,wood,materialStaircase,wood,2
participant094,1724247786502,list1,metal,materialStaircase,wood,2
participant094,1724247788596,list1,metal,materialStaircase,metal,1
participant094,1724247789606,list1,metal,materialStaircase,metal,1
participant094,1724247790643,list1,metal,materialStaircase,metal,2
participant094,1724247791839,list1,metal,materialStaircase,metal,2
participant094,1724247792994,list1,metal,materialStaircase,metal,3
participant094,1724247794185,list1,metal,materialStaircase,metal,3
participant094,1724247795511,list1,metal,materialStaircase,metal,4
participant094,1724247796501,list1,metal,materialStaircase,wood,4
participant094,1724247798962,list1,metal,materialStaircase,metal,3
participant094,1724247799862,list1,metal,materialStaircase,metal,3
participant095,1724255897516,list2,wood,materialStaircase,metal,0
participant095,1724255901436,list2,metal,materialStaircase,metal,0
participant095,1724255903092,list2,metal,materialStaircase,metal,0
participant095,1724255904804,list2,metal,materialStaircase,metal,1
participant095,1724255906692,list2,wood,materialStaircase,wood,0
participant095,1724255908323,list2,metal,materialStaircase,metal,1
participant095,1724255910108,list2,metal,materialStaircase,metal,2
participant095,1724255911579,list2,wood,materialStaircase,wood,0
participant095,1724255913090,list2,metal,materialStaircase,metal,2
participant095,1724255914869,list2,wood,materialStaircase,wood,1
participant095,1724255916434,list2,metal,materialStaircase,metal,3
participant095,1724255918033,list2,metal,materialStaircase,metal,3
participant095,1724255919604,list2,wood,materialStaircase,wood,1
participant095,1724255921204,list2,wood,materialStaircase,wood,2
participant095,1724255922628,list2,metal,materialStaircase,metal,4
participant095,1724255924382,list2,metal,materialStaircase,metal,4
participant095,1724255926299,list2,wood,materialStaircase,wood,2
participant095,1724255928123,list2,metal,materialStaircase,wood,5
participant095,1724255929806,list2,metal,materialStaircase,metal,4
participant095,1724255932084,list2,wood,materialStaircase,wood,3
participant095,1724255933500,list2,metal,materialStaircase,metal,4
participant095,1724255935082,list2,metal,materialStaircase,metal,5
participant095,1724255936590,list2,metal,materialStaircase,metal,5
participant095,1724255938813,list2,metal,materialStaircase,wood,6
participant095,1724255940468,list2,wood,materialStaircase,wood,3
participant095,1724255942189,list2,metal,materialStaircase,metal,5
participant095,1724255944051,list2,metal,materialStaircase,metal,5
participant095,1724255945523,list2,wood,materialStaircase,metal,4
participant095,1724255947552,list2,wood,materialStaircase,wood,3
participant095,1724255949420,list2,wood,materialStaircase,wood,3
participant095,1724255951350,list2,wood,materialStaircase,metal,4
participant095,1724255953752,list2,wood,materialStaircase,wood,3
participant096,1724280136996,list4,metal,materialStaircase,metal,0
participant096,1724280138315,list4,metal,materialStaircase,metal,0
participant096,1724280139500,list4,wood,materialStaircase,wood,0
participant096,1724280140748,list4,wood,materialStaircase,wood,0
participant096,1724280142092,list4,metal,materialStaircase,metal,1
participant096,1724280143356,list4,metal,materialStaircase,metal,1
participant096,1724280144523,list4,wood,materialStaircase,wood,1
participant096,1724280145788,list4,wood,materialStaircase,wood,1
participant096,1724280147355,list4,metal,materialStaircase,metal,2
participant096,1724280149468,list4,metal,materialStaircase,metal,2
participant096,1724280150715,list4,wood,materialStaircase,wood,2
participant096,1724280152691,list4,metal,materialStaircase,wood,3
participant096,1724280154476,list4,metal,materialStaircase,metal,2
participant096,1724280155964,list4,wood,materialStaircase,wood,2
participant096,1724280157131,list4,wood,materialStaircase,wood,3
participant096,1724280158675,list4,metal,materialStaircase,metal,2
participant096,1724280160098,list4,metal,materialStaircase,metal,3
participant096,1724280161339,list4,metal,materialStaircase,metal,3
participant096,1724280162739,list4,wood,materialStaircase,wood,3
participant096,1724280164130,list4,wood,materialStaircase,wood,4
participant096,1724280165418,list4,metal,materialStaircase,wood,4
participant096,1724280166403,list4,wood,materialStaircase,wood,4
participant096,1724280168130,list4,metal,materialStaircase,metal,3
participant096,1724280170331,list4,wood,materialStaircase,metal,5
participant096,1724280171570,list4,metal,materialStaircase,metal,3
participant096,1724280172834,list4,wood,materialStaircase,metal,4
participant096,1724280174282,list4,wood,materialStaircase,metal,3
participant096,1724280175658,list4,wood,materialStaircase,metal,2
participant096,1724280177050,list4,wood,materialStaircase,wood,1
participant096,1724280178074,list4,wood,materialStaircase,wood,1
participant096,1724280178850,list4,wood,materialStaircase,wood,2
participant096,1724280179691,list4,wood,materialStaircase,wood,2
participant096,1724280180690,list4,wood,materialStaircase,wood,3
participant096,1724280181618,list4,wood,materialStaircase,wood,3
participant096,1724280182642,list4,wood,materialStaircase,wood,4
participant096,1724280183602,list4,wood,materialStaircase,wood,4
participant096,1724280184682,list4,wood,materialStaircase,wood,5
participant096,1724280185666,list4,wood,materialStaircase,wood,5
participant096,1724280187002,list4,wood,materialStaircase,wood,6
participant096,1724280188930,list4,wood,materialStaircase,wood,6
participant096,1724280190386,list4,wood,materialStaircase,metal,7
participant096,1724280191706,list4,wood,materialStaircase,metal,6
participant096,1724280192898,list4,wood,materialStaircase,metal,5
participant096,1724280194386,list4,wood,materialStaircase,wood,4
participant096,1724280195729,list4,wood,materialStaircase,wood,4
participant101,1724279962486,list4,wood,materialStaircase,wood,0
participant101,1724279963382,list4,metal,materialStaircase,metal,0
participant101,1724279964301,list4,metal,materialStaircase,metal,0
participant101,1724279965416,list4,metal,materialStaircase,metal,1
participant101,1724279966314,list4,metal,materialStaircase,metal,1
participant101,1724279967238,list4,metal,materialStaircase,metal,2
participant101,1724279968230,list4,wood,materialStaircase,wood,0
participant101,1724279969243,list4,wood,materialStaircase,wood,1
participant101,1724279970236,list4,metal,materialStaircase,metal,2
participant101,1724279971201,list4,metal,materialStaircase,metal,3
participant101,1724279972280,list4,wood,materialStaircase,wood,1
participant101,1724279973209,list4,metal,materialStaircase,metal,3
participant101,1724279974187,list4,metal,materialStaircase,metal,4
participant101,1724279975360,list4,wood,materialStaircase,wood,2
participant101,1724279976563,list4,metal,materialStaircase,metal,4
participant101,1724279977666,list4,metal,materialStaircase,metal,5
participant101,1724279978563,list4,metal,materialStaircase,metal,5
participant101,1724279979921,list4,wood,materialStaircase,wood,2
participant101,1724279981453,list4,metal,materialStaircase,wood,6
participant101,1724279982495,list4,wood,materialStaircase,wood,3
participant101,1724279983531,list4,wood,materialStaircase,wood,3
participant101,1724279985141,list4,wood,materialStaircase,wood,4
participant101,1724279986260,list4,wood,materialStaircase,wood,4
participant101,1724279987550,list4,metal,materialStaircase,wood,5
participant101,1724279989601,list4,wood,materialStaircase,wood,5
participant101,1724279991758,list4,wood,materialStaircase,wood,5
participant101,1724279993291,list4,metal,materialStaircase,metal,4
participant101,1724279994562,list4,metal,materialStaircase,wood,4
participant101,1724279996142,list4,wood,materialStaircase,wood,6
participant101,1724279997404,list4,metal,materialStaircase,wood,3
participant101,1724279998643,list4,metal,materialStaircase,metal,2
participant101,1724279999850,list4,wood,materialStaircase,wood,6
participant101,1724280000793,list4,wood,materialStaircase,metal,7
participant101,1724280001712,list4,metal,materialStaircase,metal,2
participant101,1724280003725,list4,wood,materialStaircase,wood,6
participant101,1724280005060,list4,wood,materialStaircase,wood,6
participant101,1724280006128,list4,wood,materialStaircase,metal,7
participant101,1724280007485,list4,wood,materialStaircase,wood,6
participant101,1724280009086,list4,wood,materialStaircase,wood,6
participant101,1724280010295,list4,metal,materialStaircase,metal,3
participant101,1724280011595,list4,metal,materialStaircase,wood,3
participant101,1724280014325,list4,metal,materialStaircase,metal,2
participant103,1724248996580,list1,metal,materialStaircase,metal,0
participant103,1724248998932,list1,wood,materialStaircase,wood,0
participant103,1724249001099,list1,metal,materialStaircase,metal,0
participant103,1724249002814,list1,metal,materialStaircase,metal,1
participant103,1724249004213,list1,wood,materialStaircase,wood,0
participant103,1724249005978,list1,wood,materialStaircase,wood,1
participant103,1724249007401,list1,wood,materialStaircase,wood,1
participant103,1724249009350,list1,wood,materialStaircase,wood,2
participant103,1724249010849,list1,wood,materialStaircase,wood,2
participant103,1724249012250,list1,wood,materialStaircase,wood,3
participant103,1724249013994,list1,wood,materialStaircase,wood,3
participant103,1724249015478,list1,metal,materialStaircase,metal,1
participant103,1724249017658,list1,wood,materialStaircase,metal,4
participant103,1724249019750,list1,wood,materialStaircase,wood,3
participant103,1724249020730,list1,wood,materialStaircase,wood,3
participant103,1724249021946,list1,wood,materialStaircase,wood,4
participant103,1724249023549,list1,metal,materialStaircase,metal,2
participant103,1724249024478,list1,metal,materialStaircase,metal,2
participant103,1724249026438,list1,wood,materialStaircase,wood,4
participant103,1724249027594,list1,wood,materialStaircase,wood,5
participant103,1724249029229,list1,metal,materialStaircase,metal,3
participant103,1724249030750,list1,wood,materialStaircase,wood,5
participant103,1724249031841,list1,metal,materialStaircase,metal,3
participant103,1724249032974,list1,metal,materialStaircase,wood,4
participant103,1724249033858,list1,metal,materialStaircase,metal,3
participant103,1724249035382,list1,wood,materialStaircase,metal,6
participant103,1724249036877,list1,metal,materialStaircase,metal,3
participant103,1724249038454,list1,wood,materialStaircase,wood,5
participant103,1724249039678,list1,wood,materialStaircase,wood,5
participant103,1724249040733,list1,metal,materialStaircase,wood,4
participant103,1724249042094,list1,metal,materialStaircase,metal,3
participant103,1724249043414,list1,metal,materialStaircase,metal,3
participant104,1724260288613,list3,metal,materialStaircase,metal,0
participant104,1724260289714,list3,metal,materialStaircase,metal,0
participant104,1724260290621,list3,wood,materialStaircase,wood,0
participant104,1724260292184,list3,metal,materialStaircase,metal,1
participant104,1724260293286,list3,wood,materialStaircase,wood,0
participant104,1724260294448,list3,metal,materialStaircase,metal,1
participant104,1724260295727,list3,metal,materialStaircase,metal,2
participant104,1724260296858,list3,wood,materialStaircase,wood,1
participant104,1724260298015,list3,wood,materialStaircase,wood,1
participant104,1724260299172,list3,metal,materialStaircase,metal,2
participant104,1724260300378,list3,wood,materialStaircase,wood,2
participant104,1724260302062,list3,wood,materialStaircase,wood,2
participant104,1724260303293,list3,wood,materialStaircase,wood,3
participant104,1724260305084,list3,metal,materialStaircase,metal,3
participant104,1724260306183,list3,wood,materialStaircase,wood,3
participant104,1724260309173,list3,wood,materialStaircase,wood,4
participant104,1724260310219,list3,wood,materialStaircase,wood,4
participant104,1724260311898,list3,wood,materialStaircase,metal,5
participant104,1724260313070,list3,metal,materialStaircase,metal,3
participant104,1724260314105,list3,wood,materialStaircase,wood,4
participant104,1724260316415,list3,metal,materialStaircase,metal,4
participant104,1724260317765,list3,metal,materialStaircase,metal,4
participant104,1724260319035,list3,metal,materialStaircase,wood,5
participant104,1724260319920,list3,wood,materialStaircase,wood,4
participant104,1724260320997,list3,metal,materialStaircase,metal,4
participant104,1724260321983,list3,wood,materialStaircase,metal,5
participant104,1724260323394,list3,wood,materialStaircase,wood,4
participant104,1724260324208,list3,wood,materialStaircase,wood,4
participant104,1724260325442,list3,metal,materialStaircase,metal,4
participant104,1724260326303,list3,metal,materialStaircase,wood,5
participant104,1724260327084,list3,metal,materialStaircase,metal,4
participant104,1724260328099,list3,metal,materialStaircase,metal,4
participant105,1724256103597,list2,metal,materialStaircase,wood,0
participant105,1724256103932,list2,metal,materialStaircase,metal,0
participant105,1724256104974,list2,wood,materialStaircase,metal,0
participant105,1724256106030,list2,wood,materialStaircase,wood,0
participant105,1724256109631,list2,metal,materialStaircase,metal,0
participant105,1724256111025,list2,metal,materialStaircase,metal,1
participant105,1724256112038,list2,wood,materialStaircase,wood,0
participant105,1724256113081,list2,metal,materialStaircase,wood,1
participant105,1724256116412,list2,metal,materialStaircase,metal,0
participant105,1724256117507,list2,wood,materialStaircase,wood,1
participant105,1724256118652,list2,wood,materialStaircase,wood,1
participant105,1724256119888,list2,wood,materialStaircase,wood,2
participant105,1724256120941,list2,wood,materialStaircase,wood,2
participant105,1724256121972,list2,wood,materialStaircase,wood,3
participant105,1724256123539,list2,metal,materialStaircase,metal,0
participant105,1724256124634,list2,metal,materialStaircase,metal,1
participant105,1724256125788,list2,wood,materialStaircase,wood,3
participant105,1724256126936,list2,wood,materialStaircase,metal,4
participant105,1724256128227,list2,wood,materialStaircase,wood,3
participant105,1724256129199,list2,wood,materialStaircase,wood,3
participant105,1724256130212,list2,wood,materialStaircase,wood,4
participant106,1724280066536,list4,metal,materialStaircase,metal,0
participant106,1724280068626,list4,wood,materialStaircase,wood,0
participant106,1724280069797,list4,wood,materialStaircase,wood,0
participant106,1724280070750,list4,metal,materialStaircase,metal,0
participant106,1724280072216,list4,wood,materialStaircase,wood,1
participant106,1724280073181,list4,wood,materialStaircase,wood,1
participant106,1724280074650,list4,metal,materialStaircase,metal,1
participant106,1724280075600,list4,metal,materialStaircase,metal,1
participant106,1724280077848,list4,wood,materialStaircase,wood,2
participant106,1724280078844,list4,wood,materialStaircase,wood,2
participant106,1724280079864,list4,metal,materialStaircase,metal,2
participant106,1724280080720,list4,metal,materialStaircase,metal,2
participant106,1724280081707,list4,wood,materialStaircase,wood,3
participant106,1724280084304,list4,metal,materialStaircase,metal,3
participant106,1724280085321,list4,metal,materialStaircase,metal,3
participant106,1724280086597,list4,wood,materialStaircase,wood,3
participant106,1724280087695,list4,wood,materialStaircase,wood,4
participant106,1724280088580,list4,wood,materialStaircase,wood,4
participant106,1724280089688,list4,metal,materialStaircase,wood,4
participant106,1724280090629,list4,metal,materialStaircase,metal,3
participant106,1724280092273,list4,metal,materialStaircase,metal,3
participant106,1724280093948,list4,metal,materialStaircase,metal,4
participant106,1724280095622,list4,wood,materialStaircase,wood,5
participant106,1724280096535,list4,metal,materialStaircase,wood,4
participant106,1724280097774,list4,wood,materialStaircase,metal,5
participant106,1724280099289,list4,wood,materialStaircase,metal,4
participant106,1724280101025,list4,metal,materialStaircase,metal,3
participant106,1724280102083,list4,wood,materialStaircase,wood,3
participant106,1724280102977,list4,wood,materialStaircase,wood,3
participant106,1724280103948,list4,metal,materialStaircase,metal,3
participant106,1724280105855,list4,wood,materialStaircase,metal,4
participant106,1724280106793,list4,wood,materialStaircase,wood,3
participant106,1724280107925,list4,wood,materialStaircase,wood,3
participant107,1724260220913,list3,metal,materialStaircase,metal,0
participant107,1724260221927,list3,wood,materialStaircase,wood,0
participant107,1724260222873,list3,wood,materialStaircase,wood,0
participant107,1724260223872,list3,wood,materialStaircase,metal,1
participant107,1724260224965,list3,metal,materialStaircase,metal,0
participant107,1724260226001,list3,metal,materialStaircase,metal,1
participant107,1724260227150,list3,wood,materialStaircase,wood,0
participant107,1724260228155,list3,metal,materialStaircase,metal,1
participant107,1724260229100,list3,metal,materialStaircase,metal,2
participant107,1724260230092,list3,wood,materialStaircase,wood,0
participant107,1724260231005,list3,metal,materialStaircase,metal,2
participant107,1724260231925,list3,wood,materialStaircase,wood,1
participant107,1724260233290,list3,metal,materialStaircase,metal,3
participant107,1724260234516,list3,wood,materialStaircase,wood,1
participant107,1724260235805,list3,metal,materialStaircase,metal,3
participant107,1724260237620,list3,metal,materialStaircase,metal,4
participant107,1724260239607,list3,wood,materialStaircase,metal,2
participant107,1724260240612,list3,wood,materialStaircase,wood,1
participant107,1724260241810,list3,metal,materialStaircase,metal,4
participant107,1724260243103,list3,metal,materialStaircase,metal,5
participant107,1724260244278,list3,wood,materialStaircase,wood,1
participant107,1724260245775,list3,metal,materialStaircase,metal,5
participant107,1724260246963,list3,metal,materialStaircase,metal,6
participant107,1724260248140,list3,metal,materialStaircase,metal,6
participant107,1724260249130,list3,metal,materialStaircase,wood,7
participant107,1724260251132,list3,metal,materialStaircase,metal,6
participant107,1724260253640,list3,metal,materialStaircase,metal,6
participant107,1724260255453,list3,metal,materialStaircase,wood,7
participant107,1724260256592,list3,metal,materialStaircase,wood,6
participant107,1724260257635,list3,metal,materialStaircase,metal,5
participant107,1724260258685,list3,metal,materialStaircase,metal,5
participant108,1724251231603,list1,metal,materialStaircase,metal,0
participant108,1724251232598,list1,metal,materialStaircase,metal,0
participant108,1724251233467,list1,wood,materialStaircase,wood,0
participant108,1724251234394,list1,metal,materialStaircase,metal,1
participant108,1724251235282,list1,wood,materialStaircase,wood,0
participant108,1724251236193,list1,metal,materialStaircase,metal,1
participant108,1724251237065,list1,metal,materialStaircase,metal,2
participant108,1724251237855,list1,wood,materialStaircase,metal,1
participant108,1724251238856,list1,metal,materialStaircase,metal,2
participant108,1724251239659,list1,metal,materialStaircase,metal,3
participant108,1724251240502,list1,wood,materialStaircase,wood,0
participant108,1724251241382,list1,metal,materialStaircase,metal,3
participant108,1724251242638,list1,metal,materialStaircase,wood,4
participant108,1724251243769,list1,wood,materialStaircase,wood,0
participant108,1724251244963,list1,metal,materialStaircase,metal,3
participant108,1724251246049,list1,wood,materialStaircase,wood,1
participant108,1724251246997,list1,wood,materialStaircase,wood,1
participant108,1724251247836,list1,wood,materialStaircase,wood,2
participant108,1724251248708,list1,metal,materialStaircase,metal,3
participant108,1724251249708,list1,wood,materialStaircase,wood,2
participant108,1724251250621,list1,metal,materialStaircase,wood,4
participant108,1724251251640,list1,metal,materialStaircase,wood,3
participant108,1724251252609,list1,wood,materialStaircase,wood,3
participant108,1724251253561,list1,wood,materialStaircase,wood,3
participant108,1724251254500,list1,wood,materialStaircase,wood,4
participant108,1724251255272,list1,metal,materialStaircase,metal,2
participant108,1724251256493,list1,wood,materialStaircase,wood,4
participant108,1724251257666,list1,wood,materialStaircase,metal,5
participant108,1724251258720,list1,wood,materialStaircase,wood,4
participant108,1724251259661,list1,metal,materialStaircase,metal,2
participant108,1724251260899,list1,wood,materialStaircase,wood,4
participant111,1724280324530,list4,wood,materialStaircase,wood,0
participant111,1724280325808,list4,metal,materialStaircase,metal,0
participant111,1724280326798,list4,metal,materialStaircase,metal,0
participant111,1724280327732,list4,wood,materialStaircase,wood,0
participant111,1724280329675,list4,metal,materialStaircase,metal,1
participant111,1724280330901,list4,wood,materialStaircase,wood,1
participant111,1724280332129,list4,wood,materialStaircase,wood,1
participant111,1724280333248,list4,wood,materialStaircase,wood,2
participant111,1724280334263,list4,metal,materialStaircase,metal,1
participant111,1724280335853,list4,metal,materialStaircase,metal,2
participant111,1724280336866,list4,wood,materialStaircase,wood,2
participant111,1724280338212,list4,wood,materialStaircase,wood,3
participant111,1724280339254,list4,metal,materialStaircase,metal,2
participant111,1724280340353,list4,metal,materialStaircase,metal,3
participant111,1724280343362,list4,wood,materialStaircase,wood,3
participant111,1724280344652,list4,metal,materialStaircase,metal,3
participant111,1724280348412,list4,wood,materialStaircase,metal,4
participant111,1724280351638,list4,metal,materialStaircase,metal,4
participant111,1724280352673,list4,wood,materialStaircase,wood,3
participant111,1724280353539,list4,wood,materialStaircase,wood,3
participant111,1724280354841,list4,wood,materialStaircase,wood,4
participant111,1724280355848,list4,wood,materialStaircase,wood,4
participant111,1724280358158,list4,metal,materialStaircase,wood,4
participant111,1724280359647,list4,wood,materialStaircase,metal,5
participant111,1724280360931,list4,metal,materialStaircase,metal,3
participant111,1724280362426,list4,metal,materialStaircase,metal,3
participant111,1724280365549,list4,wood,materialStaircase,wood,4
participant111,1724280367387,list4,wood,materialStaircase,wood,4
participant111,1724280368553,list4,metal,materialStaircase,metal,4
participant111,1724280370172,list4,metal,materialStaircase,metal,4
participant111,1724280372723,list4,metal,materialStaircase,metal,5
participant111,1724280374626,list4,metal,materialStaircase,metal,5
participant111,1724280375644,list4,metal,materialStaircase,wood,6
participant111,1724280376645,list4,metal,materialStaircase,wood,5
participant111,1724280378867,list4,metal,materialStaircase,wood,4
participant111,1724280379783,list4,metal,materialStaircase,metal,3
participant111,1724280381332,list4,metal,materialStaircase,metal,3
participant112,1724255802587,list2,metal,materialStaircase,metal,0
participant112,1724255804400,list2,metal,materialStaircase,metal,0
participant112,1724255805903,list2,metal,materialStaircase,metal,1
participant112,1724255806976,list2,wood,materialStaircase,wood,0
participant112,1724255807811,list2,wood,materialStaircase,wood,0
participant112,1724255809164,list2,metal,materialStaircase,metal,1
participant112,1724255810973,list2,metal,materialStaircase,metal,2
participant112,1724255811978,list2,wood,materialStaircase,wood,1
participant112,1724255812963,list2,metal,materialStaircase,metal,2
participant112,1724255814306,list2,metal,materialStaircase,metal,3
participant112,1724255815428,list2,metal,materialStaircase,metal,3
participant112,1724255816290,list2,wood,materialStaircase,wood,1
participant112,1724255817435,list2,metal,materialStaircase,metal,4
participant112,1724255818494,list2,wood,materialStaircase,wood,2
participant112,1724255821622,list2,metal,materialStaircase,metal,4
participant112,1724255822563,list2,wood,materialStaircase,wood,2
participant112,1724255823445,list2,wood,materialStaircase,wood,3
participant112,1724255824255,list2,wood,materialStaircase,wood,3
participant112,1724255825083,list2,wood,materialStaircase,wood,4
participant112,1724255825878,list2,wood,materialStaircase,wood,4
participant112,1724255826631,list2,wood,materialStaircase,wood,5
participant112,1724255827803,list2,metal,materialStaircase,wood,5
participant112,1724255829472,list2,wood,materialStaircase,wood,5
participant112,1724255830871,list2,wood,materialStaircase,wood,6
participant112,1724255831708,list2,metal,materialStaircase,wood,4
participant112,1724255832519,list2,wood,materialStaircase,wood,6
participant112,1724255833597,list2,wood,materialStaircase,metal,7
participant112,1724255839540,list2,wood,materialStaircase,metal,6
participant112,1724255840487,list2,metal,materialStaircase,metal,3
participant112,1724255842662,list2,wood,materialStaircase,wood,5
participant112,1724255844122,list2,wood,materialStaircase,metal,5
participant112,1724255845770,list2,wood,materialStaircase,wood,4
participant112,1724255846944,list2,wood,materialStaircase,wood,4
participant112,1724255851155,list2,wood,materialStaircase,metal,5
participant112,1724255852317,list2,wood,materialStaircase,wood,4
participant112,1724255853559,list2,metal,materialStaircase,metal,3
participant112,1724255855106,list2,metal,materialStaircase,metal,4
participant112,1724255860609,list2,metal,materialStaircase,wood,4
participant112,1724255864152,list2,metal,materialStaircase,metal,3
participant112,1724255865643,list2,metal,materialStaircase,wood,3
participant112,1724255868001,list2,metal,materialStaircase,metal,2
participant113,1724245971249,list1,metal,materialStaircase,metal,0
participant113,1724245973009,list1,wood,materialStaircase,wood,0
participant113,1724245975013,list1,metal,materialStaircase,metal,0
participant113,1724245977099,list1,wood,materialStaircase,wood,0
participant113,1724245978959,list1,wood,materialStaircase,wood,1
participant113,1724245979934,list1,wood,materialStaircase,wood,1
participant113,1724245981023,list1,wood,materialStaircase,wood,2
participant113,1724245982029,list1,wood,materialStaircase,wood,2
participant113,1724245983277,list1,wood,materialStaircase,wood,3
participant113,1724245984483,list1,wood,materialStaircase,wood,3
participant113,1724245985743,list1,wood,materialStaircase,wood,4
participant113,1724245986772,list1,metal,materialStaircase,metal,1
participant113,1724245987927,list1,wood,materialStaircase,wood,4
participant113,1724245989993,list1,wood,materialStaircase,wood,5
participant113,1724245991554,list1,metal,materialStaircase,metal,1
participant113,1724245992953,list1,metal,materialStaircase,metal,2
participant113,1724245994421,list1,metal,materialStaircase,metal,2
participant113,1724245995822,list1,metal,materialStaircase,metal,3
participant113,1724245998924,list1,wood,materialStaircase,metal,5
participant113,1724246001795,list1,metal,materialStaircase,wood,3
participant113,1724246003799,list1,wood,materialStaircase,wood,4
participant113,1724246004788,list1,wood,materialStaircase,wood,4
participant113,1724246005894,list1,metal,materialStaircase,metal,2
participant113,1724246006900,list1,metal,materialStaircase,metal,2
participant113,1724246009829,list1,wood,materialStaircase,metal,5
participant113,1724246011089,list1,metal,materialStaircase,wood,3
participant113,1724246012478,list1,wood,materialStaircase,metal,4
participant113,1724246014683,list1,wood,materialStaircase,metal,3
participant113,1724246016475,list1,wood,materialStaircase,metal,2
participant113,1724246017553,list1,metal,materialStaircase,metal,2
participant113,1724246018598,list1,wood,materialStaircase,wood,1
participant113,1724246019486,list1,wood,materialStaircase,wood,1
participant113,1724246020443,list1,metal,materialStaircase,metal,2
participant114,1724245173187,list1,metal,materialStaircase,metal,0
participant114,1724245176350,list1,wood,materialStaircase,wood,0
participant114,1724245178446,list1,wood,materialStaircase,wood,0
participant114,1724245180187,list1,metal,materialStaircase,metal,0
participant114,1724245181339,list1,metal,materialStaircase,metal,1
participant114,1724245182219,list1,metal,materialStaircase,metal,1
participant114,1724245183219,list1,wood,materialStaircase,wood,1
participant114,1724245184539,list1,metal,materialStaircase,metal,2
participant114,1724245185751,list1,wood,materialStaircase,wood,1
participant114,1724245186695,list1,metal,materialStaircase,metal,2
participant114,1724245188735,list1,wood,materialStaircase,metal,2
participant114,1724245190379,list1,wood,materialStaircase,metal,1
participant114,1724245191535,list1,wood,materialStaircase,wood,0
participant114,1724245192971,list1,metal,materialStaircase,metal,3
participant114,1724245195211,list1,wood,materialStaircase,wood,0
participant114,1724245196367,list1,wood,materialStaircase,wood,1
participant114,1724245197499,list1,metal,materialStaircase,metal,3
participant114,1724245198427,list1,wood,materialStaircase,wood,1
participant114,1724245200223,list1,metal,materialStaircase,wood,4
participant114,1724245201851,list1,wood,materialStaircase,wood,2
participant114,1724245202943,list1,wood,materialStaircase,wood,2
participant114,1724245204183,list1,wood,materialStaircase,metal,3
participant114,1724245205331,list1,metal,materialStaircase,metal,3
participant114,1724245207531,list1,wood,materialStaircase,wood,2
participant114,1724245208775,list1,metal,materialStaircase,metal,3
participant114,1724245210599,list1,wood,materialStaircase,wood,2
participant114,1724245212123,list1,metal,materialStaircase,wood,4
participant114,1724245213407,list1,metal,materialStaircase,metal,3
participant114,1724245214479,list1,metal,materialStaircase,metal,3
participant115,1724279924375,list4,wood,materialStaircase,wood,0
participant115,1724279925629,list4,wood,materialStaircase,wood,0
participant115,1724279926733,list4,metal,materialStaircase,metal,0
participant115,1724279928021,list4,wood,materialStaircase,wood,1
participant115,1724279929108,list4,wood,materialStaircase,wood,1
participant115,1724279930557,list4,wood,materialStaircase,wood,2
participant115,1724279931570,list4,metal,materialStaircase,metal,0
participant115,1724279932547,list4,metal,materialStaircase,metal,1
participant115,1724279933492,list4,metal,materialStaircase,metal,1
participant115,1724279934516,list4,wood,materialStaircase,wood,2
participant115,1724279935597,list4,wood,materialStaircase,wood,3
participant115,1724279936531,list4,wood,materialStaircase,wood,3
participant115,1724279937424,list4,metal,materialStaircase,metal,2
participant115,1724279939824,list4,wood,materialStaircase,wood,4
participant115,1724279942334,list4,wood,materialStaircase,wood,4
participant115,1724279943293,list4,metal,materialStaircase,metal,2
participant115,1724279944161,list4,metal,materialStaircase,metal,3
participant115,1724279945012,list4,metal,materialStaircase,metal,3
participant115,1724279945956,list4,metal,materialStaircase,metal,4
participant115,1724279946903,list4,metal,materialStaircase,metal,4
participant115,1724279947768,list4,wood,materialStaircase,metal,5
participant115,1724279948802,list4,wood,materialStaircase,metal,4
participant115,1724279949733,list4,metal,materialStaircase,metal,5
participant115,1724279950621,list4,wood,materialStaircase,metal,3
participant115,1724279951492,list4,wood,materialStaircase,metal,2
participant115,1724279952601,list4,metal,materialStaircase,metal,5
participant115,1724279953715,list4,wood,materialStaircase,wood,1
participant115,1724279955161,list4,metal,materialStaircase,wood,6
participant115,1724279956308,list4,metal,materialStaircase,metal,5
participant115,1724279957171,list4,metal,materialStaircase,metal,5
participant115,1724279958653,list4,metal,materialStaircase,wood,6
participant115,1724279959374,list4,metal,materialStaircase,wood,5
participant115,1724279960464,list4,wood,materialStaircase,wood,1
participant115,1724279961330,list4,wood,materialStaircase,wood,2
participant115,1724279962393,list4,metal,materialStaircase,metal,4
participant115,1724279963248,list4,metal,materialStaircase,metal,4
participant115,1724279964313,list4,wood,materialStaircase,wood,2
participant115,1724279965871,list4,wood,materialStaircase,wood,3
participant115,1724279966967,list4,wood,materialStaircase,wood,3
participant115,1724279968155,list4,wood,materialStaircase,wood,4
participant115,1724279969094,list4,wood,materialStaircase,metal,4
participant115,1724279969844,list4,wood,materialStaircase,metal,3
participant115,1724279973873,list4,wood,materialStaircase,metal,2
participant115,1724279975197,list4,wood,materialStaircase,wood,1
participant115,1724279976422,list4,wood,materialStaircase,wood,1
participant116,1724260308403,list3,metal,materialStaircase,metal,0
participant116,1724260309977,list3,metal,materialStaircase,metal,0
participant116,1724260310938,list3,wood,materialStaircase,wood,0
participant116,1724260312127,list3,metal,materialStaircase,metal,1
participant116,1724260313143,list3,wood,materialStaircase,wood,0
participant116,1724260314069,list3,metal,materialStaircase,metal,1
participant116,1724260314979,list3,wood,materialStaircase,wood,1
participant116,1724260315850,list3,wood,materialStaircase,wood,1
participant116,1724260316843,list3,metal,materialStaircase,metal,2
participant116,1724260317757,list3,metal,materialStaircase,metal,2
participant116,1724260318691,list3,wood,materialStaircase,wood,2
participant116,1724260319865,list3,metal,materialStaircase,metal,3
participant116,1724260320870,list3,metal,materialStaircase,metal,3
participant116,1724260322176,list3,metal,materialStaircase,metal,4
participant116,1724260323158,list3,wood,materialStaircase,wood,2
participant116,1724260324914,list3,metal,materialStaircase,wood,4
participant116,1724260326607,list3,wood,materialStaircase,wood,3
participant116,1724260327685,list3,wood,materialStaircase,wood,3
participant116,1724260328671,list3,metal,materialStaircase,metal,3
participant116,1724260329761,list3,wood,materialStaircase,wood,4
participant116,1724260330822,list3,metal,materialStaircase,metal,3
participant116,1724260331877,list3,metal,materialStaircase,metal,4
participant116,1724260332933,list3,wood,materialStaircase,metal,4
participant116,1724260333956,list3,metal,materialStaircase,metal,4
participant116,1724260335189,list3,wood,materialStaircase,metal,3
participant116,1724260336315,list3,metal,materialStaircase,metal,5
participant116,1724260338131,list3,metal,materialStaircase,wood,5
participant116,1724260339318,list3,metal,materialStaircase,metal,4
participant116,1724260340346,list3,wood,materialStaircase,wood,2
participant116,1724260341665,list3,metal,materialStaircase,metal,4
participant116,1724260343294,list3,wood,materialStaircase,wood,2
participant116,1724260344378,list3,wood,materialStaircase,wood,3
participant116,1724260345396,list3,wood,materialStaircase,wood,3
participant116,1724260346458,list3,wood,materialStaircase,metal,4
participant116,1724260347448,list3,wood,materialStaircase,wood,3
participant116,1724260348350,list3,wood,materialStaircase,wood,3
participant117,1724260406572,list3,metal,materialStaircase,metal,0
participant117,1724260407589,list3,wood,materialStaircase,wood,0
participant117,1724260408468,list3,wood,materialStaircase,wood,0
participant117,1724260409391,list3,metal,materialStaircase,metal,0
participant117,1724260410528,list3,wood,materialStaircase,wood,1
participant117,1724260411620,list3,wood,materialStaircase,wood,1
participant117,1724260412794,list3,metal,materialStaircase,metal,1
participant117,1724260414089,list3,wood,materialStaircase,wood,2
participant117,1724260415129,list3,wood,materialStaircase,wood,2
participant117,1724260416229,list3,wood,materialStaircase,metal,3
participant117,1724260417277,list3,wood,materialStaircase,wood,2
participant117,1724260418210,list3,metal,materialStaircase,metal,1
participant117,1724260419338,list3,metal,materialStaircase,metal,2
participant117,1724260420297,list3,wood,materialStaircase,wood,2
participant117,1724260421444,list3,wood,materialStaircase,wood,3
participant117,1724260422325,list3,metal,materialStaircase,metal,2
participant117,1724260423556,list3,wood,materialStaircase,wood,3
participant117,1724260424880,list3,wood,materialStaircase,wood,4
participant117,1724260426000,list3,metal,materialStaircase,metal,3
participant117,1724260427009,list3,metal,materialStaircase,metal,3
participant117,1724260427956,list3,wood,materialStaircase,wood,4
participant117,1724260429200,list3,metal,materialStaircase,wood,4
participant117,1724260430213,list3,metal,materialStaircase,metal,3
participant117,1724260432902,list3,wood,materialStaircase,wood,5
participant117,1724260434374,list3,metal,materialStaircase,metal,3
participant117,1724260435323,list3,wood,materialStaircase,wood,5
participant117,1724260436173,list3,wood,materialStaircase,metal,6
participant117,1724260437124,list3,metal,materialStaircase,wood,4
participant117,1724260437965,list3,metal,materialStaircase,metal,3
participant117,1724260438805,list3,wood,materialStaircase,wood,5
participant117,1724260439732,list3,metal,materialStaircase,metal,3
participant117,1724260440586,list3,wood,materialStaircase,wood,5
participant118,1724279935965,list4,wood,materialStaircase,wood,0
participant118,1724279937106,list4,wood,materialStaircase,wood,0
participant118,1724279938128,list4,metal,materialStaircase,metal,0
participant118,1724279939698,list4,wood,materialStaircase,wood,1
participant118,1724279940745,list4,wood,materialStaircase,wood,1
participant118,1724279941651,list4,metal,materialStaircase,metal,0
participant118,1724279942924,list4,wood,materialStaircase,wood,2
participant118,1724279944640,list4,metal,materialStaircase,metal,1
participant118,1724279946200,list4,wood,materialStaircase,wood,2
participant118,1724279947639,list4,metal,materialStaircase,metal,1
participant118,1724279949874,list4,wood,materialStaircase,wood,3
participant118,1724279952099,list4,metal,materialStaircase,metal,2
participant118,1724279953975,list4,wood,materialStaircase,metal,3
participant118,1724279955153,list4,wood,materialStaircase,wood,2
participant118,1724279956288,list4,wood,materialStaircase,wood,2
participant118,1724279957174,list4,wood,materialStaircase,wood,3
participant118,1724279958110,list4,wood,materialStaircase,wood,3
participant118,1724279958961,list4,metal,materialStaircase,metal,2
participant118,1724279959907,list4,wood,materialStaircase,wood,4
participant118,1724279960798,list4,wood,materialStaircase,wood,4
participant118,1724279961769,list4,metal,materialStaircase,metal,3
participant118,1724279962629,list4,metal,materialStaircase,metal,3
participant118,1724279963666,list4,wood,materialStaircase,metal,5
participant118,1724279964522,list4,metal,materialStaircase,metal,4
participant118,1724279965347,list4,metal,materialStaircase,metal,4
participant118,1724279966806,list4,metal,materialStaircase,metal,5
participant118,1724279967662,list4,wood,materialStaircase,metal,4
participant118,1724279968704,list4,metal,materialStaircase,metal,5
participant118,1724279970839,list4,wood,materialStaircase,metal,3
participant118,1724279971759,list4,metal,materialStaircase,metal,6
participant118,1724279972937,list4,metal,materialStaircase,metal,6
participant118,1724279974139,list4,metal,materialStaircase,wood,7
participant118,1724279975070,list4,wood,materialStaircase,wood,2
participant118,1724279976173,list4,metal,materialStaircase,wood,6
participant118,1724279978321,list4,wood,materialStaircase,metal,2
participant118,1724279980323,list4,metal,materialStaircase,wood,5
participant118,1724279981421,list4,metal,materialStaircase,metal,4
participant118,1724279982423,list4,wood,materialStaircase,wood,1
participant118,1724279983274,list4,metal,materialStaircase,metal,4
participant118,1724279984340,list4,metal,materialStaircase,metal,5
participant118,1724279985291,list4,metal,materialStaircase,metal,5
participant118,1724279986312,list4,metal,materialStaircase,metal,6
participant118,1724279987129,list4,metal,materialStaircase,metal,6
participant118,1724279988210,list4,metal,materialStaircase,metal,7
participant118,1724279989167,list4,metal,materialStaircase,metal,7
participant118,1724279990158,list4,metal,materialStaircase,wood,8
participant118,1724279991079,list4,metal,materialStaircase,metal,7
participant118,1724279992976,list4,metal,materialStaircase,metal,7
participant120,1724260356145,list3,wood,materialStaircase,metal,0
participant120,1724260358809,list3,metal,materialStaircase,metal,0
participant120,1724260360072,list3,metal,materialStaircase,metal,0
participant120,1724260362144,list3,metal,materialStaircase,metal,1
participant120,1724260364664,list3,metal,materialStaircase,metal,1
participant120,1724260367271,list3,wood,materialStaircase,wood,0
participant120,1724260369624,list3,metal,materialStaircase,metal,2
participant120,1724260371129,list3,wood,materialStaircase,wood,0
participant120,1724260372964,list3,wood,materialStaircase,wood,1
participant120,1724260374501,list3,wood,materialStaircase,wood,1
participant120,1724260376588,list3,metal,materialStaircase,metal,2
participant120,1724260378526,list3,metal,materialStaircase,metal,3
participant120,1724260380517,list3,wood,materialStaircase,wood,2
participant120,1724260382077,list3,wood,materialStaircase,wood,2
participant120,1724260383766,list3,metal,materialStaircase,metal,3
participant120,1724260387644,list3,metal,materialStaircase,metal,4
participant120,1724260390237,list3,wood,materialStaircase,wood,3
participant120,1724260391933,list3,metal,materialStaircase,wood,4
participant120,1724260393693,list3,metal,materialStaircase,metal,3
participant120,1724260395405,list3,metal,materialStaircase,metal,3
participant120,1724260397205,list3,wood,materialStaircase,wood,3
participant120,1724260398933,list3,metal,materialStaircase,wood,4
participant120,1724260400381,list3,wood,materialStaircase,wood,4
participant120,1724260401997,list3,metal,materialStaircase,metal,3
participant120,1724260403557,list3,metal,materialStaircase,metal,3
participant120,1724260405733,list3,wood,materialStaircase,wood,4
participant120,1724260408484,list3,wood,materialStaircase,wood,5
participant120,1724260409869,list3,wood,materialStaircase,wood,5
participant120,1724260411604,list3,wood,materialStaircase,metal,6
participant120,1724260413373,list3,wood,materialStaircase,wood,5
participant120,1724260415333,list3,wood,materialStaircase,wood,5
participant120,1724260416941,list3,wood,materialStaircase,metal,6
participant120,1724260419133,list3,wood,materialStaircase,metal,5
participant120,1724260420869,list3,wood,materialStaircase,wood,4
