participant,list,discriminability,phase,relevance,response,sufficient,hex,trial,matCode,matLabel,colLabel,accurate,non_filler_count,overdescription,adjective,dimOfOverDescription
participant001,list2,high,description,relevant,yellow metal bat,color,#f8dc4f,filler,metal_wood_00,metal,yellow,TRUE,2,TRUE,color & material,material
participant001,list2,low,description,irrelevant,metal bat,sound,#fab450,critical,metal_wood_00,metal,orange,TRUE,1,FALSE,material,NA
participant001,list2,low,description,irrelevant,yellow bat,color,#f8dc4f,critical,metal_wood_07,wood,yellow,TRUE,1,FALSE,color,NA
participant001,list2,low,description,relevant,wood bat,sound,#f8884f,critical,metal_wood_07,wood,orange,TRUE,1,FALSE,material,NA
participant001,list2,high,description,base,wood orange bat,color,#f8884f,critical,metal_wood_08,wood,orange,TRUE,2,TRUE,color & material,material
participant001,list2,low,description,relevant,wood orange,sound,#f8884f,critical,metal_wood_05,metal,orange,FALSE,2,TRUE,color & material,color
participant001,list2,low,description,relevant,yellow metal bat,sound,#f8dc4f,critical,metal_wood_07,wood,yellow,FALSE,2,TRUE,color & material,color
participant001,list2,low,description,irrelevant,orange bat,color,#f8884f,critical,metal_wood_05,metal,orange,TRUE,1,FALSE,color,NA
participant001,list2,low,description,relevant,yellow metal bat,sound,#f8dc4f,critical,metal_wood_05,metal,yellow,TRUE,2,TRUE,color & material,color
participant001,list2,low,description,relevant,orange wood bat,sound,#f8884f,critical,metal_wood_07,wood,orange,TRUE,2,TRUE,color & material,color
participant001,list2,low,description,irrelevant,metal bat,sound,#fab450,critical,metal_wood_00,metal,orange,TRUE,1,FALSE,material,NA
participant001,list2,high,description,base,orange bat,color,#f8884f,critical,metal_wood_00,metal,orange,TRUE,1,FALSE,color,NA
participant001,list2,high,description,relevant,metal bat,sound,#f8dc4f,filler,metal_wood_01,metal,yellow,TRUE,1,FALSE,material,NA
participant001,list2,high,description,base,metal bat,sound,#f8dc4f,critical,metal_wood_01,metal,yellow,TRUE,1,FALSE,material,NA
participant001,list2,high,description,base,wood bat,sound,#f8884f,critical,metal_wood_08,wood,orange,TRUE,1,FALSE,material,NA
participant001,list2,low,description,irrelevant,metal bat,sound,#fab950,critical,metal_wood_00,metal,yellow,TRUE,1,FALSE,material,NA
participant001,list2,high,description,relevant,metal bat,sound,#f8dc4f,filler,metal_wood_00,metal,yellow,TRUE,1,FALSE,material,NA
participant001,list2,low,description,irrelevant,orange bat,color,#f8884f,critical,metal_wood_05,metal,orange,TRUE,1,FALSE,color,NA
participant001,list2,low,description,relevant,orange metal bat,color,#fab950,critical,metal_wood_00,metal,yellow,FALSE,2,TRUE,color & material,material
participant001,list2,low,description,relevant,orange wood bat,color,#fab950,critical,metal_wood_08,wood,yellow,FALSE,2,TRUE,color & material,material
participant001,list2,high,description,base,orange wood,sound,#f8884f,critical,metal_wood_09,wood,orange,TRUE,2,TRUE,color & material,color
participant001,list2,high,description,base,yellow wood,sound,#f8dc4f,critical,metal_wood_08,wood,yellow,TRUE,2,TRUE,color & material,color
participant001,list2,high,description,relevant,orange,color,#f8884f,filler,metal_wood_08,wood,orange,TRUE,1,FALSE,color,NA
participant001,list2,low,description,irrelevant,orange wood,color,#f8884f,critical,metal_wood_07,wood,orange,TRUE,2,TRUE,color & material,material
participant001,list2,low,description,relevant,orange,color,#fab450,critical,metal_wood_09,wood,orange,TRUE,1,FALSE,color,NA
participant001,list2,high,description,relevant,orange,color,#f8884f,filler,metal_wood_08,wood,orange,TRUE,1,FALSE,color,NA
participant001,list2,low,description,irrelevant,orange wood,sound,#fab450,critical,metal_wood_09,wood,orange,TRUE,2,TRUE,color & material,color
participant001,list2,low,description,relevant,orange wood,sound,#f8884f,critical,metal_wood_05,metal,orange,FALSE,2,TRUE,color & material,color
participant001,list2,high,description,base,metal,sound,#f8884f,critical,metal_wood_01,metal,orange,TRUE,1,FALSE,material,NA
participant001,list2,low,description,irrelevant,metal,sound,#fab950,critical,metal_wood_00,metal,yellow,TRUE,1,FALSE,material,NA
participant001,list2,low,description,relevant,wood,sound,#f8884f,critical,metal_wood_07,wood,orange,TRUE,1,FALSE,material,NA
participant001,list2,high,description,relevant,orange,color,#f8884f,filler,metal_wood_00,metal,orange,TRUE,1,FALSE,color,NA
participant001,list2,low,description,irrelevant,yellow,color,#f8dc4f,critical,metal_wood_07,wood,yellow,TRUE,1,FALSE,color,NA
participant001,list2,low,description,irrelevant,metal,sound,#fab950,critical,metal_wood_00,metal,yellow,TRUE,1,FALSE,material,NA
participant001,list2,low,description,irrelevant,metal,sound,#fab950,critical,metal_wood_00,metal,yellow,TRUE,1,FALSE,material,NA
participant001,list2,low,description,irrelevant,orange wood,color,#f8884f,critical,metal_wood_07,wood,orange,TRUE,2,TRUE,color & material,material
participant001,list2,high,description,relevant,wood,sound,#f8dc4f,filler,metal_wood_08,wood,yellow,TRUE,1,FALSE,material,NA
participant001,list2,high,description,base,yellow wood,color,#f8dc4f,critical,metal_wood_09,wood,yellow,TRUE,2,TRUE,color & material,material
participant001,list2,low,description,irrelevant,yellow wood,color,#f8dc4f,critical,metal_wood_05,metal,yellow,TRUE,2,TRUE,color & material,material
participant001,list2,high,description,base,orange,color,#f8884f,critical,metal_wood_08,wood,orange,TRUE,1,FALSE,color,NA
participant001,list2,low,description,relevant,orange metal,color,#fab450,critical,metal_wood_00,metal,orange,TRUE,2,TRUE,color & material,material
participant001,list2,high,description,base,yellow metal,sound,#f8dc4f,critical,metal_wood_00,metal,yellow,TRUE,2,TRUE,color & material,color
participant001,list2,high,description,relevant,wood,sound,#f8dc4f,filler,metal_wood_08,wood,yellow,TRUE,1,FALSE,material,NA
participant001,list2,low,description,relevant,orange,color,#fab450,critical,metal_wood_00,metal,orange,TRUE,1,FALSE,color,NA
participant001,list2,high,description,base,yellow,color,#f8dc4f,critical,metal_wood_00,metal,yellow,TRUE,1,FALSE,color,NA
participant001,list2,high,description,base,orange,color,#f8884f,critical,metal_wood_00,metal,orange,TRUE,1,FALSE,color,NA
participant001,list2,high,description,base,orange wood,sound,#f8884f,critical,metal_wood_08,wood,orange,TRUE,2,TRUE,color & material,color
participant001,list2,low,description,irrelevant,metal,sound,#fab450,critical,metal_wood_01,metal,orange,TRUE,1,FALSE,material,NA
participant001,list2,low,description,relevant,yellow,color,#fab950,critical,metal_wood_00,metal,yellow,TRUE,1,FALSE,color,NA
participant001,list2,low,description,relevant,yellow,color,#fab950,critical,metal_wood_08,wood,yellow,TRUE,1,FALSE,color,NA
participant001,list2,high,description,base,metal,sound,#f8884f,critical,metal_wood_00,metal,orange,TRUE,1,FALSE,material,NA
participant001,list2,high,description,relevant,wood,sound,#f8884f,filler,metal_wood_08,wood,orange,TRUE,1,FALSE,material,NA
participant001,list2,high,description,base,yellow,color,#f8dc4f,critical,metal_wood_09,wood,yellow,TRUE,1,FALSE,color,NA
participant001,list2,low,description,irrelevant,orange,color,#f8884f,critical,metal_wood_05,metal,orange,TRUE,1,FALSE,color,NA
participant001,list2,high,description,base,yellow,color,#f8dc4f,critical,metal_wood_01,metal,yellow,TRUE,1,FALSE,color,NA
participant001,list2,low,description,relevant,yellow metal,sound,#f8dc4f,critical,metal_wood_05,metal,yellow,TRUE,2,TRUE,color & material,color
participant001,list2,high,description,relevant,yellow,color,#f8dc4f,filler,metal_wood_09,wood,yellow,TRUE,1,FALSE,color,NA
participant005,list3,high,description,relevant,green wooden bat,color,#4ff889,filler,metal_wood_08,wood,green,TRUE,2,TRUE,color & material,material
participant005,list3,high,description,relevant,green metal bat,color,#4ff889,filler,metal_wood_00,metal,green,TRUE,2,TRUE,color & material,material
participant005,list3,low,description,irrelevant,metal bat,sound,#53e4e6,critical,metal_wood_00,metal,blue,TRUE,1,FALSE,material,NA
participant005,list3,low,description,relevant,blue metal bat,color,#52ebe3,critical,metal_wood_00,metal,green,FALSE,2,TRUE,color & material,material
participant005,list3,low,description,relevant,green metal bat,sound,#4ff889,critical,metal_wood_04,metal,green,TRUE,2,TRUE,color & material,color
participant005,list3,low,description,relevant,green wooden bat,color,#52ebe3,critical,metal_wood_08,wood,green,TRUE,2,TRUE,color & material,material
participant005,list3,low,description,irrelevant,green wooden bat,sound,#53e4e6,critical,metal_wood_09,wood,blue,TRUE,2,TRUE,color & material,color
participant005,list3,low,description,irrelevant,blue wooden bat,color,#4fc0f8,critical,metal_wood_05,wood,blue,TRUE,2,TRUE,color & material,material
participant005,list3,high,description,base,blue wooden,color,#4fc0f8,critical,metal_wood_08,wood,blue,TRUE,2,TRUE,color & material,material
participant005,list3,low,description,irrelevant,blue metal bat,sound,#53e4e6,critical,metal_wood_00,metal,blue,TRUE,2,TRUE,color & material,color
participant005,list3,low,description,irrelevant,green metal bat,color,#4ff889,critical,metal_wood_04,metal,green,TRUE,2,TRUE,color & material,material
participant005,list3,high,description,relevant,blue metal bat,color,#4fc0f8,filler,metal_wood_00,metal,blue,TRUE,2,TRUE,color & material,material
participant005,list3,low,description,relevant,green wooden,color,#52ebe3,critical,metal_wood_08,wood,green,TRUE,2,TRUE,color & material,material
participant005,list3,low,description,irrelevant,blue wooden,color,#4fc0f8,critical,metal_wood_05,wood,blue,TRUE,2,TRUE,color & material,material
participant005,list3,high,description,base,blue metal,sound,#4fc0f8,critical,metal_wood_00,metal,blue,TRUE,2,TRUE,color & material,color
participant005,list3,high,description,relevant,blue wooden,color,#4fc0f8,filler,metal_wood_09,wood,blue,TRUE,2,TRUE,color & material,material
participant005,list3,high,description,relevant,blue wooden,sound,#4fc0f8,filler,metal_wood_09,wood,blue,TRUE,2,TRUE,color & material,color
participant005,list3,low,description,relevant,blue metal,color,#53e4e6,critical,metal_wood_01,metal,blue,TRUE,2,TRUE,color & material,material
participant005,list3,high,description,base,blue wooden,color,#4fc0f8,critical,metal_wood_09,wood,blue,TRUE,2,TRUE,color & material,material
participant005,list3,low,description,relevant,blue metal,sound,#4fc0f8,critical,metal_wood_04,metal,blue,TRUE,2,TRUE,color & material,color
participant005,list3,high,description,relevant,green metal,sound,#4ff889,filler,metal_wood_00,metal,green,TRUE,2,TRUE,color & material,color
participant005,list3,high,description,base,green wooden,color,#4ff889,critical,metal_wood_09,wood,green,TRUE,2,TRUE,color & material,material
participant005,list3,low,description,irrelevant,blue wooden,sound,#52ebe3,critical,metal_wood_08,wood,green,TRUE,2,TRUE,color & material,color
participant005,list3,low,description,relevant,green wooden,sound,#4ff889,critical,metal_wood_04,metal,green,FALSE,2,TRUE,color & material,color
participant005,list3,high,description,relevant,blue metal,sound,#4fc0f8,filler,metal_wood_01,metal,blue,TRUE,2,TRUE,color & material,color
participant005,list3,low,description,irrelevant,green wood,color,#4fc0f8,critical,metal_wood_04,metal,blue,FALSE,2,TRUE,color & material,material
participant005,list3,high,description,relevant,green metal,sound,#4ff889,filler,metal_wood_01,metal,green,TRUE,2,TRUE,color & material,color
participant005,list3,high,description,base,green metal,sound,#4ff889,critical,metal_wood_00,metal,green,TRUE,2,TRUE,color & material,color
participant005,list3,low,description,relevant,blue wooden,color,#53e4e6,critical,metal_wood_09,wood,blue,TRUE,2,TRUE,color & material,material
participant005,list3,low,description,relevant,blue metal,sound,#4fc0f8,critical,metal_wood_04,metal,blue,TRUE,2,TRUE,color & material,color
participant005,list3,low,description,irrelevant,green wooden,color,#4ff889,critical,metal_wood_05,wood,green,TRUE,2,TRUE,color & material,material
participant005,list3,high,description,base,blue wooden,color,#4fc0f8,critical,metal_wood_08,wood,blue,TRUE,2,TRUE,color & material,material
participant005,list3,high,description,relevant,blue wooden,color,#4fc0f8,filler,metal_wood_08,wood,blue,TRUE,2,TRUE,color & material,material
participant005,list3,high,description,relevant,green wooden,color,#4ff889,filler,metal_wood_08,wood,green,TRUE,2,TRUE,color & material,material
participant005,list3,high,description,base,blue wooden,sound,#4fc0f8,critical,metal_wood_09,wood,blue,TRUE,2,TRUE,color & material,color
participant005,list3,low,description,irrelevant,blue wooden,color,#4fc0f8,critical,metal_wood_04,metal,blue,TRUE,2,TRUE,color & material,material
participant005,list3,low,description,relevant,blue wooden,sound,#4fc0f8,critical,metal_wood_05,wood,blue,TRUE,2,TRUE,color & material,color
participant005,list3,high,description,relevant,blue wooden,sound,#4fc0f8,filler,metal_wood_08,wood,blue,TRUE,2,TRUE,color & material,color
participant005,list3,low,description,irrelevant,green wooden,color,#4ff889,critical,metal_wood_05,wood,green,TRUE,2,TRUE,color & material,material
participant005,list3,low,description,irrelevant,blue wooden,sound,#52ebe3,critical,metal_wood_09,wood,green,TRUE,2,TRUE,color & material,color
participant005,list3,low,description,relevant,blue wooden,sound,#4fc0f8,critical,metal_wood_05,wood,blue,TRUE,2,TRUE,color & material,color
participant005,list3,low,description,relevant,blue wooden,color,#53e4e6,critical,metal_wood_08,wood,blue,TRUE,2,TRUE,color & material,material
participant005,list3,high,description,base,blue metal,color,#4fc0f8,critical,metal_wood_00,metal,blue,TRUE,2,TRUE,color & material,material
participant005,list3,low,description,irrelevant,blue wood,sound,#52ebe3,critical,metal_wood_09,wood,green,TRUE,2,TRUE,color & material,color
participant005,list3,high,description,relevant,green wooden,sound,#4ff889,filler,metal_wood_08,wood,green,TRUE,2,TRUE,color & material,color
participant005,list3,high,description,base,green wood,color,#4ff889,critical,metal_wood_09,wood,green,TRUE,2,TRUE,color & material,material
participant005,list3,low,description,relevant,green wooden,sound,#4fc0f8,critical,metal_wood_05,wood,blue,TRUE,2,TRUE,color & material,color
participant005,list3,low,description,irrelevant,blue wooden,sound,#53e4e6,critical,metal_wood_00,metal,blue,FALSE,2,TRUE,color & material,color
participant005,list3,high,description,base,green metal,color,#4ff889,critical,metal_wood_01,metal,green,TRUE,2,TRUE,color & material,material
participant005,list3,low,description,irrelevant,blue metal,color,#4fc0f8,critical,metal_wood_04,metal,blue,TRUE,2,TRUE,color & material,material
participant005,list3,low,description,irrelevant,blue metal,sound,#52ebe3,critical,metal_wood_01,metal,green,TRUE,2,TRUE,color & material,color
participant005,list3,low,description,relevant,green wooden,color,#52ebe3,critical,metal_wood_09,wood,green,TRUE,2,TRUE,color & material,material
participant005,list3,high,description,base,green metal,sound,#4ff889,critical,metal_wood_00,metal,green,TRUE,2,TRUE,color & material,color
participant005,list3,low,description,relevant,blue wooden,color,#53e4e6,critical,metal_wood_09,wood,blue,TRUE,2,TRUE,color & material,material
participant005,list3,high,description,base,blue wooden,sound,#4fc0f8,critical,metal_wood_09,wood,blue,TRUE,2,TRUE,color & material,color
participant005,list3,low,description,relevant,green wooden,sound,#4ff889,critical,metal_wood_05,wood,green,TRUE,2,TRUE,color & material,color
participant006,list2,high,description,relevant,the wooden bat,sound,#f8884f,filler,metal_wood_08,wood,orange,TRUE,1,FALSE,material,NA
participant006,list2,high,description,relevant,the yellow bat,color,#f8dc4f,filler,metal_wood_08,wood,yellow,TRUE,1,FALSE,color,NA
participant006,list2,low,description,irrelevant,the orange bat,color,#f8884f,critical,metal_wood_07,wood,orange,TRUE,1,FALSE,color,NA
participant006,list2,low,description,relevant,the yellow wooden bat,sound,#f8dc4f,critical,metal_wood_07,wood,yellow,TRUE,2,TRUE,color & material,color
participant006,list2,low,description,relevant,the yellow metal bat,color,#fab250,critical,metal_wood_00,metal,orange,FALSE,2,TRUE,color & material,material
participant006,list2,low,description,relevant,the orange wooden bat,sound,#f8884f,critical,metal_wood_06,wood,orange,TRUE,2,TRUE,color & material,color
participant006,list2,high,description,base,the metal bat,sound,#f8884f,critical,metal_wood_00,metal,orange,TRUE,1,FALSE,material,NA
participant006,list2,high,description,relevant,the wooden bat,sound,#f8dc4f,filler,metal_wood_09,wood,yellow,TRUE,1,FALSE,material,NA
participant006,list2,high,description,base,the orange metal bat,color,#f8884f,critical,metal_wood_01,metal,orange,TRUE,2,TRUE,color & material,material
participant006,list2,low,description,relevant,the orange metal bat,color,#fab250,critical,metal_wood_00,metal,orange,TRUE,2,TRUE,color & material,material
participant006,list2,high,description,relevant,the orange metal bat,sound,#f8884f,filler,metal_wood_01,metal,orange,TRUE,2,TRUE,color & material,color
participant006,list2,high,description,base,the yellow bat,color,#f8dc4f,critical,metal_wood_08,wood,yellow,TRUE,1,FALSE,color,NA
participant006,list2,high,description,relevant,yellow metal bat,color,#f8dc4f,filler,metal_wood_01,metal,yellow,TRUE,2,TRUE,color & material,material
participant006,list2,high,description,relevant,metal bat,sound,#f8884f,filler,metal_wood_00,metal,orange,TRUE,1,FALSE,material,NA
participant006,list2,high,description,base,orange bat,color,#f8884f,critical,metal_wood_09,wood,orange,TRUE,1,FALSE,color,NA
participant006,list2,low,description,irrelevant,yellow bat,color,#f8dc4f,critical,metal_wood_06,wood,yellow,TRUE,1,FALSE,color,NA
participant006,list2,low,description,relevant,yellow wooden bat,color,#fabd50,critical,metal_wood_08,wood,yellow,TRUE,2,TRUE,color & material,material
participant006,list2,low,description,irrelevant,orange bat,color,#f8884f,critical,metal_wood_06,wood,orange,TRUE,1,FALSE,color,NA
participant006,list2,low,description,relevant,orange metal bat,color,#fabd50,critical,metal_wood_08,wood,yellow,FALSE,2,TRUE,color & material,material
participant006,list2,high,description,base,orange metal bat,color,#f8884f,critical,metal_wood_01,metal,orange,TRUE,2,TRUE,color & material,material
participant006,list2,low,description,relevant,orange metal bat,color,#fab250,critical,metal_wood_08,wood,orange,TRUE,2,TRUE,color & material,material
participant006,list2,high,description,relevant,orange metal bat,sound,#f8884f,filler,metal_wood_01,metal,orange,TRUE,2,TRUE,color & material,color
participant006,list2,low,description,relevant,yellow metal bat,sound,#f8884f,critical,metal_wood_07,wood,orange,FALSE,2,TRUE,color & material,color
participant006,list2,low,description,irrelevant,wooden bat,sound,#fabd50,critical,metal_wood_09,wood,yellow,TRUE,1,FALSE,material,NA
participant006,list2,low,description,irrelevant,metal bat,sound,#fab250,critical,metal_wood_00,metal,orange,TRUE,1,FALSE,material,NA
participant006,list2,low,description,relevant,metal bat,sound,#f8dc4f,critical,metal_wood_07,wood,yellow,FALSE,1,FALSE,material,NA
participant006,list2,low,description,relevant,yellow metal bat,sound,#f8dc4f,critical,metal_wood_07,wood,yellow,FALSE,2,TRUE,color & material,color
participant006,list2,high,description,relevant,orange wooden bat,color,#f8884f,filler,metal_wood_09,wood,orange,TRUE,2,TRUE,color & material,material
participant006,list2,low,description,relevant,wooden bat,sound,#f8dc4f,critical,metal_wood_06,wood,yellow,TRUE,1,FALSE,material,NA
participant006,list2,high,description,base,yellow metal bat,color,#f8dc4f,critical,metal_wood_01,metal,yellow,TRUE,2,TRUE,color & material,material
participant006,list2,high,description,base,wooden bat,sound,#f8884f,critical,metal_wood_08,wood,orange,TRUE,1,FALSE,material,NA
participant006,list2,high,description,base,yellow wooden bat,color,#f8dc4f,critical,metal_wood_09,wood,yellow,TRUE,2,TRUE,color & material,material
participant006,list2,low,description,irrelevant,wooden bat,sound,#fab250,critical,metal_wood_00,metal,orange,FALSE,1,FALSE,material,NA
participant007,list4,high,description,relevant,the green metal bat.,sound,#4ff889,filler,metal_wood_00,metal,green,TRUE,3,TRUE,color & material,color
participant007,list4,high,description,relevant,the blue bat.,color,#4fc0f8,filler,metal_wood_00,metal,blue,TRUE,2,TRUE,color,material
participant007,list4,high,description,relevant,the green bat.,color,#4ff889,filler,metal_wood_09,wood,green,TRUE,2,TRUE,color,material
participant007,list4,high,description,relevant,th green bat,color,#4ff889,filler,metal_wood_01,metal,green,TRUE,2,TRUE,color,material
participant007,list4,low,description,relevant,the green wooden bast,color,#53e7e5,critical,metal_wood_08,wood,green,TRUE,3,TRUE,color & material,material
participant007,list4,high,description,base,the blue bat,color,#4fc0f8,critical,metal_wood_01,metal,blue,TRUE,1,FALSE,color,NA
participant007,list4,low,description,irrelevant,the green bay,color,#4ff889,critical,metal_wood_08,wood,green,TRUE,2,TRUE,color,material
participant007,list4,low,description,irrelevant,the blue bat,color,#4fc0f8,critical,metal_wood_06,NA,blue,TRUE,1,FALSE,color,NA
participant007,list4,high,description,relevant,the blue bat,color,#4fc0f8,filler,metal_wood_08,wood,blue,TRUE,1,FALSE,color,NA
participant007,list4,high,description,base,the green wooden bat,sound,#4ff889,critical,metal_wood_09,wood,green,TRUE,2,TRUE,color & material,color
participant007,list4,low,description,relevant,the green bat,color,#53e7e5,critical,metal_wood_09,wood,green,TRUE,1,FALSE,color,NA
participant007,list4,low,description,irrelevant,the green bat,color,#4ff889,critical,metal_wood_06,NA,green,TRUE,1,FALSE,color,NA
participant007,list4,low,description,relevant,the green and wooden bat,sound,#4ff889,critical,metal_wood_08,wood,green,TRUE,3,TRUE,color & material,color
participant007,list4,low,description,irrelevant,the green and metal bat,sound,#53e7e5,critical,metal_wood_01,metal,green,TRUE,3,TRUE,color & material,color
participant007,list4,high,description,base,the blue bat,color,#4fc0f8,critical,metal_wood_09,wood,blue,TRUE,1,FALSE,color,NA
participant007,list4,low,description,relevant,the blue and metal bat,sound,#4fc0f8,critical,metal_wood_06,NA,blue,TRUE,3,TRUE,color & material,color
participant007,list4,high,description,relevant,the green and wooden bat,sound,#4ff889,filler,metal_wood_09,wood,green,TRUE,3,TRUE,color & material,color
participant007,list4,high,description,base,the blue bat,color,#4fc0f8,critical,metal_wood_09,wood,blue,TRUE,1,FALSE,color,NA
participant007,list4,low,description,relevant,the green and wooden bat,sound,#4ff889,critical,metal_wood_08,wood,green,TRUE,3,TRUE,color & material,color
participant007,list4,low,description,irrelevant,the green bat,color,#4ff889,critical,metal_wood_06,NA,green,TRUE,1,FALSE,color,NA
participant007,list4,high,description,relevant,the wooden bat,sound,#4ff889,filler,metal_wood_09,wood,green,TRUE,1,FALSE,material,NA
participant007,list4,high,description,base,the green bat,color,#4ff889,critical,metal_wood_08,wood,green,TRUE,1,FALSE,color,NA
participant007,list4,high,description,base,the blue and metal bat,sound,#4fc0f8,critical,metal_wood_00,metal,blue,TRUE,3,TRUE,color & material,color
participant007,list4,high,description,base,the green bat,color,#4ff889,critical,metal_wood_08,wood,green,TRUE,1,FALSE,color,NA
participant007,list4,low,description,relevant,the blue and metal bat,color,#53e7e5,critical,metal_wood_01,metal,green,FALSE,3,TRUE,color & material,material
participant007,list4,low,description,relevant,the blue and metal bat,sound,#4fc0f8,critical,metal_wood_06,NA,blue,TRUE,3,TRUE,color & material,color
participant007,list4,high,description,relevant,the metal bat,sound,#4fc0f8,filler,metal_wood_01,metal,blue,TRUE,1,FALSE,material,NA
participant007,list4,low,description,relevant,the blue bat,color,#53e7e5,critical,metal_wood_09,wood,green,FALSE,1,FALSE,color,NA
participant007,list4,low,description,relevant,the green bat,color,#53e7e5,critical,metal_wood_00,metal,green,TRUE,1,FALSE,color,NA
participant007,list4,low,description,relevant,the blue and wooden bat,sound,#4fc0f8,critical,metal_wood_08,wood,blue,TRUE,3,TRUE,color & material,color
participant007,list4,low,description,irrelevant,the metal bat,sound,#53e7e5,critical,metal_wood_01,metal,green,TRUE,1,FALSE,material,NA
participant007,list4,high,description,base,the green bat,color,#4ff889,critical,metal_wood_00,metal,green,TRUE,1,FALSE,color,NA
participant007,list4,low,description,irrelevant,the metal bat,sound,#53e7e5,critical,metal_wood_00,metal,green,TRUE,1,FALSE,material,NA
participant007,list4,high,description,base,the blue and metal bat,sound,#4fc0f8,critical,metal_wood_01,metal,blue,TRUE,3,TRUE,color & material,color
participant007,list4,low,description,irrelevant,the metal bat,sound,#53e7e5,critical,metal_wood_00,metal,green,TRUE,1,FALSE,material,NA
participant007,list4,high,description,base,the metal bat,sound,#4fc0f8,critical,metal_wood_01,metal,blue,TRUE,1,FALSE,material,NA
participant007,list4,low,description,irrelevant,the blue bat,color,#4fc0f8,critical,metal_wood_08,wood,blue,TRUE,1,FALSE,color,NA
participant007,list4,low,description,relevant,the green and wooden bat,color,#53e7e5,critical,metal_wood_09,wood,green,TRUE,3,TRUE,color & material,material
participant007,list4,high,description,base,the green bat,color,#4ff889,critical,metal_wood_00,metal,green,TRUE,1,FALSE,color,NA
participant007,list4,low,description,irrelevant,the green bat,color,#4ff889,critical,metal_wood_08,wood,green,TRUE,1,FALSE,color,NA
participant007,list4,high,description,relevant,the blue bat,color,#4fc0f8,filler,metal_wood_00,metal,blue,TRUE,1,FALSE,color,NA
participant007,list4,high,description,relevant,the green bat,color,#4ff889,filler,metal_wood_09,wood,green,TRUE,1,FALSE,color,NA
participant007,list4,low,description,irrelevant,the wood bat,sound,#53e7e5,critical,metal_wood_08,wood,green,TRUE,1,FALSE,material,NA
participant007,list4,high,description,base,the blue bat,color,#4fc0f8,critical,metal_wood_09,wood,blue,TRUE,1,FALSE,color,NA
participant007,list4,low,description,relevant,the wooden bat,sound,#4fc0f8,critical,metal_wood_08,wood,blue,TRUE,1,FALSE,material,NA
participant007,list4,low,description,relevant,the blue and metal bat,sound,#4fc0f8,critical,metal_wood_06,NA,blue,TRUE,3,TRUE,color & material,color
participant007,list4,low,description,relevant,the green bat,color,#53e7e5,critical,metal_wood_00,metal,green,TRUE,1,FALSE,color,NA
participant007,list4,high,description,relevant,the wooden bat,sound,#4ff889,filler,metal_wood_08,wood,green,TRUE,1,FALSE,material,NA
participant007,list4,high,description,base,the wooden bat,sound,#4ff889,critical,metal_wood_08,wood,green,TRUE,1,FALSE,material,NA
participant007,list4,low,description,irrelevant,the metal bat,sound,#53e7e5,critical,metal_wood_01,metal,green,TRUE,1,FALSE,material,NA
participant007,list4,high,description,base,the wooden bat,sound,#4fc0f8,critical,metal_wood_08,wood,blue,TRUE,1,FALSE,material,NA
participant007,list4,low,description,relevant,the metal bat,sound,#4fc0f8,critical,metal_wood_06,NA,blue,TRUE,1,FALSE,material,NA
participant007,list4,low,description,irrelevant,the green bat,color,#4ff889,critical,metal_wood_06,NA,green,TRUE,1,FALSE,color,NA
participant007,list4,low,description,irrelevant,the wooden bat,sound,#53e7e5,critical,metal_wood_08,wood,green,TRUE,1,FALSE,material,NA
participant007,list4,high,description,relevant,the metal bat,sound,#4fc0f8,filler,metal_wood_01,metal,blue,TRUE,1,FALSE,material,NA
participant007,list4,low,description,irrelevant,the metal bat,sound,#53e7e5,critical,metal_wood_01,metal,green,TRUE,1,FALSE,material,NA
participant007,list4,high,description,base,the wooden bat,sound,#4fc0f8,critical,metal_wood_09,wood,blue,TRUE,1,FALSE,material,NA
participant009,list2,high,description,relevant,the orange bat,color,#f8884f,filler,metal_wood_00,metal,orange,TRUE,1,FALSE,color,NA
participant009,list2,high,description,relevant,the yellow bat,color,#f8dc4f,filler,metal_wood_00,metal,yellow,TRUE,1,FALSE,color,NA
participant009,list2,high,description,relevant,the metal bat,sound,#f8884f,filler,metal_wood_00,metal,orange,TRUE,1,FALSE,material,NA
participant009,list2,high,description,base,the wood bat,sound,#f8884f,critical,metal_wood_09,wood,orange,TRUE,1,FALSE,material,NA
participant009,list2,low,description,irrelevant,the metal bat,sound,#faaf50,critical,metal_wood_01,metal,orange,TRUE,1,FALSE,material,NA
participant009,list2,low,description,irrelevant,the orange bat,color,#f8884f,critical,metal_wood_05,metal,orange,TRUE,1,FALSE,color,NA
participant009,list2,high,description,base,the orange bat,color,#f8884f,critical,metal_wood_09,wood,orange,TRUE,1,FALSE,color,NA
participant009,list2,low,description,relevant,the wood bat,sound,#f8884f,critical,metal_wood_06,wood,orange,TRUE,1,FALSE,material,NA
participant009,list2,low,description,relevant,the yellow metal bat,color,#fab650,critical,metal_wood_01,metal,yellow,TRUE,2,TRUE,color & material,material
participant009,list2,low,description,relevant,the orange bat,color,#faaf50,critical,metal_wood_08,wood,orange,TRUE,1,FALSE,color,NA
participant009,list2,low,description,relevant,the wood bat,sound,#f8884f,critical,metal_wood_06,wood,orange,TRUE,1,FALSE,material,NA
participant009,list2,high,description,base,the orange bat,color,#f8884f,critical,metal_wood_00,metal,orange,TRUE,1,FALSE,color,NA
participant009,list2,low,description,relevant,the yellow bat,color,#fab650,critical,metal_wood_08,wood,yellow,TRUE,1,FALSE,color,NA
participant009,list2,low,description,relevant,the orange bat,color,#faaf50,critical,metal_wood_08,wood,orange,TRUE,1,FALSE,color,NA
participant009,list2,low,description,irrelevant,the orange bat,color,#f8884f,critical,metal_wood_05,metal,orange,TRUE,1,FALSE,color,NA
participant009,list2,high,description,base,the wood bat,sound,#f8884f,critical,metal_wood_09,wood,orange,TRUE,1,FALSE,material,NA
participant009,list2,high,description,base,the metal bat,sound,#f8dc4f,critical,metal_wood_00,metal,yellow,TRUE,1,FALSE,material,NA
participant009,list2,high,description,base,the metal bat,sound,#f8dc4f,critical,metal_wood_01,metal,yellow,TRUE,1,FALSE,material,NA
participant009,list2,low,description,irrelevant,the orange bat,color,#f8884f,critical,metal_wood_06,wood,orange,TRUE,1,FALSE,color,NA
participant009,list2,low,description,irrelevant,the metal bat,sound,#fab650,critical,metal_wood_00,metal,yellow,TRUE,1,FALSE,material,NA
participant009,list2,low,description,relevant,the yellow wood bat,sound,#f8dc4f,critical,metal_wood_05,metal,yellow,FALSE,2,TRUE,color & material,color
participant009,list2,low,description,relevant,the metal orange bat,sound,#f8884f,critical,metal_wood_05,metal,orange,TRUE,2,TRUE,color & material,color
participant009,list2,high,description,relevant,the yellow bat,color,#f8dc4f,filler,metal_wood_01,metal,yellow,TRUE,1,FALSE,color,NA
participant009,list2,high,description,relevant,the yellow bat,color,#f8dc4f,filler,metal_wood_00,metal,yellow,TRUE,1,FALSE,color,NA
participant009,list2,low,description,irrelevant,the metal bat,sound,#faaf50,critical,metal_wood_01,metal,orange,TRUE,1,FALSE,material,NA
participant009,list2,high,description,relevant,the wood bat,sound,#f8dc4f,filler,metal_wood_09,wood,yellow,TRUE,1,FALSE,material,NA
participant009,list2,low,description,irrelevant,the orange bat,color,#f8884f,critical,metal_wood_05,metal,orange,TRUE,1,FALSE,color,NA
participant009,list2,low,description,relevant,the orange bat,color,#faaf50,critical,metal_wood_09,wood,orange,TRUE,1,FALSE,color,NA
participant009,list2,high,description,relevant,the metal bat,sound,#f8dc4f,filler,metal_wood_01,metal,yellow,TRUE,1,FALSE,material,NA
participant009,list2,low,description,relevant,the yellow metal bat,sound,#f8dc4f,critical,metal_wood_05,metal,yellow,TRUE,2,TRUE,color & material,color
participant009,list2,low,description,irrelevant,the yellow bat,color,#f8dc4f,critical,metal_wood_05,metal,yellow,TRUE,1,FALSE,color,NA
participant009,list2,low,description,irrelevant,the wood bat,sound,#fab650,critical,metal_wood_09,wood,yellow,TRUE,1,FALSE,material,NA
participant009,list2,low,description,relevant,the yellow metal bat,color,#fab650,critical,metal_wood_00,metal,yellow,TRUE,2,TRUE,color & material,material
participant009,list2,low,description,irrelevant,the metal bat,sound,#fab650,critical,metal_wood_00,metal,yellow,TRUE,1,FALSE,material,NA
participant009,list2,high,description,base,the wood bat,sound,#f8884f,critical,metal_wood_09,wood,orange,TRUE,1,FALSE,material,NA
participant009,list2,low,description,irrelevant,the metal bat,sound,#faaf50,critical,metal_wood_01,metal,orange,TRUE,1,FALSE,material,NA
participant009,list2,high,description,base,the orange bat,color,#f8884f,critical,metal_wood_08,wood,orange,TRUE,1,FALSE,color,NA
participant009,list2,low,description,irrelevant,the orange bat,color,#f8884f,critical,metal_wood_06,wood,orange,TRUE,1,FALSE,color,NA
participant009,list2,high,description,relevant,the wood bat,sound,#f8884f,filler,metal_wood_09,wood,orange,TRUE,1,FALSE,material,NA
participant009,list2,low,description,irrelevant,the orange bat,color,#f8884f,critical,metal_wood_06,wood,orange,TRUE,1,FALSE,color,NA
participant009,list2,high,description,base,the yellow bat,color,#f8dc4f,critical,metal_wood_08,wood,yellow,TRUE,1,FALSE,color,NA
participant009,list2,high,description,relevant,the orange bat,color,#f8884f,filler,metal_wood_09,wood,orange,TRUE,1,FALSE,color,NA
participant009,list2,high,description,base,the yellow metal bat,sound,#f8dc4f,critical,metal_wood_00,metal,yellow,TRUE,2,TRUE,color & material,color
participant009,list2,high,description,base,the yellow bat,color,#f8dc4f,critical,metal_wood_01,metal,yellow,TRUE,1,FALSE,color,NA
participant009,list2,high,description,base,the orange wood bat,sound,#f8884f,critical,metal_wood_08,wood,orange,TRUE,2,TRUE,color & material,color
participant009,list2,high,description,base,the yellow bat,color,#f8dc4f,critical,metal_wood_01,metal,yellow,TRUE,1,FALSE,color,NA
participant009,list2,high,description,relevant,the metal bat,sound,#f8dc4f,filler,metal_wood_01,metal,yellow,TRUE,1,FALSE,material,NA
participant009,list2,low,description,irrelevant,the yellow bat,color,#f8dc4f,critical,metal_wood_06,wood,yellow,TRUE,1,FALSE,color,NA
participant009,list2,high,description,base,the yellow bat,color,#f8dc4f,critical,metal_wood_09,wood,yellow,TRUE,1,FALSE,color,NA
participant009,list2,low,description,irrelevant,the wood bat,sound,#faaf50,critical,metal_wood_08,wood,orange,TRUE,1,FALSE,material,NA
participant009,list2,low,description,relevant,the yellow metal bat,sound,#f8dc4f,critical,metal_wood_05,metal,yellow,TRUE,2,TRUE,color & material,color
participant009,list2,high,description,relevant,the orange bat,color,#f8884f,filler,metal_wood_00,metal,orange,TRUE,1,FALSE,color,NA
participant009,list2,high,description,base,the orange bat,color,#f8884f,critical,metal_wood_08,wood,orange,TRUE,1,FALSE,color,NA
participant009,list2,high,description,relevant,the wood bat,sound,#f8dc4f,filler,metal_wood_08,wood,yellow,TRUE,1,FALSE,material,NA
participant009,list2,low,description,relevant,the yellow wood bat,color,#fab650,critical,metal_wood_08,wood,yellow,TRUE,2,TRUE,color & material,material
participant009,list2,low,description,relevant,the orange wood bat,sound,#f8884f,critical,metal_wood_06,wood,orange,TRUE,2,TRUE,color & material,color
participant009,list2,low,description,irrelevant,the wood bat,sound,#fab650,critical,metal_wood_08,wood,yellow,TRUE,1,FALSE,material,NA
participant009,list2,low,description,relevant,the orange wood bat,sound,#f8884f,critical,metal_wood_06,wood,orange,TRUE,2,TRUE,color & material,color
participant010,list2,high,description,relevant,the metal bat,sound,#f8dc4f,filler,metal_wood_01,metal,yellow,TRUE,1,FALSE,material,NA
participant010,list2,high,description,relevant,the yellow bat,color,#f8dc4f,filler,metal_wood_01,metal,yellow,TRUE,1,FALSE,color,NA
participant010,list2,low,description,relevant,the yellow bat,color,#fabe50,critical,metal_wood_00,metal,NA,TRUE,1,FALSE,color,NA
participant010,list2,high,description,base,the orange bat,color,#f8884f,critical,metal_wood_01,metal,orange,TRUE,1,FALSE,color,NA
participant010,list2,low,description,irrelevant,the yellow bat,color,#f8dc4f,critical,metal_wood_07,wood,yellow,TRUE,1,FALSE,color,NA
participant010,list2,high,description,base,the orange bat,color,#f8884f,critical,metal_wood_00,metal,orange,TRUE,1,FALSE,color,NA
participant010,list2,high,description,base,the yellow bat,color,#f8dc4f,critical,metal_wood_01,metal,yellow,TRUE,1,FALSE,color,NA
participant010,list2,high,description,relevant,the yellow wood bat,sound,#f8dc4f,filler,metal_wood_09,wood,yellow,TRUE,2,TRUE,color & material,color
participant010,list2,low,description,irrelevant,the orange bat,color,#f8884f,critical,metal_wood_07,wood,orange,TRUE,1,FALSE,color,NA
participant010,list2,low,description,irrelevant,the yellow wood bat,sound,#fabb50,critical,metal_wood_09,wood,orange,TRUE,2,TRUE,color & material,color
participant010,list2,high,description,relevant,the orange bat,color,#f8884f,filler,metal_wood_09,wood,orange,TRUE,1,FALSE,color,NA
participant010,list2,low,description,relevant,the yellow bat,color,#fabe50,critical,metal_wood_09,wood,NA,TRUE,1,FALSE,color,NA
participant010,list2,low,description,irrelevant,the yellow wood bat,sound,#fabe50,critical,metal_wood_09,wood,NA,TRUE,2,TRUE,color & material,color
participant010,list2,high,description,base,the orange metal bat,sound,#f8884f,critical,metal_wood_01,metal,orange,TRUE,2,TRUE,color & material,color
participant010,list2,high,description,base,the yellow bat,color,#f8dc4f,critical,metal_wood_08,wood,yellow,TRUE,1,FALSE,color,NA
participant010,list2,low,description,relevant,the yellow bat,color,#fabe50,critical,metal_wood_01,metal,NA,TRUE,1,FALSE,color,NA
participant010,list2,low,description,irrelevant,the yellow wood bat,sound,#fabb50,critical,metal_wood_01,metal,orange,FALSE,2,TRUE,color & material,color
participant010,list2,low,description,relevant,the orange metal bat,sound,#f8884f,critical,metal_wood_03,metal,orange,TRUE,2,TRUE,color & material,color
participant010,list2,low,description,relevant,the orange metal bat,sound,#f8884f,critical,metal_wood_03,metal,orange,TRUE,2,TRUE,color & material,color
participant010,list2,high,description,relevant,the yellow wood bat,sound,#f8dc4f,filler,metal_wood_09,wood,yellow,TRUE,2,TRUE,color & material,color
participant010,list2,high,description,base,the orange bat,color,#f8884f,critical,metal_wood_00,metal,orange,TRUE,1,FALSE,color,NA
participant010,list2,low,description,irrelevant,the yellow wood bat,sound,#fabe50,critical,metal_wood_08,wood,NA,TRUE,2,TRUE,color & material,color
participant010,list2,low,description,irrelevant,the yellow bat,color,#f8dc4f,critical,metal_wood_07,wood,yellow,TRUE,1,FALSE,color,NA
participant010,list2,low,description,relevant,the orange metal bat,color,#fabb50,critical,metal_wood_00,metal,orange,TRUE,2,TRUE,color & material,material
participant010,list2,low,description,relevant,the yellow metal bat,sound,#f8dc4f,critical,metal_wood_03,metal,yellow,TRUE,2,TRUE,color & material,color
participant010,list2,low,description,irrelevant,the yellow bat,color,#f8dc4f,critical,metal_wood_07,wood,yellow,TRUE,1,FALSE,color,NA
participant010,list2,high,description,base,the orange bat,color,#f8884f,critical,metal_wood_09,wood,orange,TRUE,1,FALSE,color,NA
participant010,list2,high,description,relevant,the yellow bat,color,#f8dc4f,filler,metal_wood_09,wood,yellow,TRUE,1,FALSE,color,NA
participant010,list2,low,description,relevant,the orange wood bat,sound,#f8884f,critical,metal_wood_07,wood,orange,TRUE,2,TRUE,color & material,color
participant010,list2,high,description,relevant,the orange wood bat,sound,#f8884f,filler,metal_wood_08,wood,orange,TRUE,2,TRUE,color & material,color
participant010,list2,low,description,relevant,the yellow bat,color,#fabe50,critical,metal_wood_08,wood,NA,TRUE,1,FALSE,color,NA
participant010,list2,low,description,irrelevant,the orange metal bat,sound,#fabb50,critical,metal_wood_01,metal,orange,TRUE,2,TRUE,color & material,color
participant010,list2,low,description,relevant,the orange bat,color,#fabb50,critical,metal_wood_01,metal,orange,TRUE,1,FALSE,color,NA
participant010,list2,high,description,relevant,the metal bat,sound,#f8884f,filler,metal_wood_01,metal,orange,TRUE,1,FALSE,material,NA
participant010,list2,low,description,relevant,the wood bat,sound,#f8884f,critical,metal_wood_07,wood,orange,TRUE,1,FALSE,material,NA
participant010,list2,low,description,irrelevant,the yellow bat,color,#f8dc4f,critical,metal_wood_03,metal,yellow,TRUE,1,FALSE,color,NA
participant010,list2,high,description,base,the metal bat,sound,#f8dc4f,critical,metal_wood_01,metal,yellow,TRUE,1,FALSE,material,NA
participant010,list2,low,description,irrelevant,the wood bat,sound,#fabe50,critical,metal_wood_08,wood,NA,TRUE,1,FALSE,material,NA
participant010,list2,high,description,base,the yellow bat,color,#f8dc4f,critical,metal_wood_09,wood,yellow,TRUE,1,FALSE,color,NA
participant010,list2,high,description,base,the orange wood bat,sound,#f8884f,critical,metal_wood_09,wood,orange,TRUE,2,TRUE,color & material,color
participant010,list2,high,description,base,the wood bat,sound,#f8884f,critical,metal_wood_08,wood,orange,TRUE,1,FALSE,material,NA
participant010,list2,low,description,irrelevant,the orange bat,color,#f8884f,critical,metal_wood_03,metal,orange,TRUE,1,FALSE,color,NA
participant010,list2,low,description,relevant,the orange metal bat,color,#fabb50,critical,metal_wood_00,metal,orange,TRUE,2,TRUE,color & material,material
participant010,list2,low,description,irrelevant,the orange bat,color,#f8884f,critical,metal_wood_03,metal,orange,TRUE,1,FALSE,color,NA
participant010,list2,low,description,relevant,the wood bat,sound,#f8884f,critical,metal_wood_07,wood,orange,TRUE,1,FALSE,material,NA
participant010,list2,low,description,irrelevant,the yellow bat,color,#f8dc4f,critical,metal_wood_03,metal,yellow,TRUE,1,FALSE,color,NA
participant010,list2,low,description,relevant,the orange metal bat,sound,#f8884f,critical,metal_wood_07,wood,orange,FALSE,2,TRUE,color & material,color
participant010,list2,low,description,irrelevant,the orange metal bat,sound,#fabe50,critical,metal_wood_00,metal,NA,TRUE,2,TRUE,color & material,color
participant010,list2,high,description,relevant,the yellow bat,color,#f8dc4f,filler,metal_wood_09,wood,yellow,TRUE,1,FALSE,color,NA
participant010,list2,low,description,relevant,the orange wood bat,color,#fabb50,critical,metal_wood_08,wood,orange,TRUE,2,TRUE,color & material,material
participant010,list2,high,description,relevant,the orange bat,color,#f8884f,filler,metal_wood_01,metal,orange,TRUE,1,FALSE,color,NA
participant010,list2,high,description,relevant,the metal bat,sound,#f8dc4f,filler,metal_wood_01,metal,yellow,TRUE,1,FALSE,material,NA
participant010,list2,high,description,relevant,the orange bat,color,#f8884f,filler,metal_wood_00,metal,orange,TRUE,1,FALSE,color,NA
participant010,list2,high,description,base,the yellow metal bat,color,#f8dc4f,critical,metal_wood_01,metal,yellow,TRUE,2,TRUE,color & material,material
participant010,list2,low,description,relevant,the metal bat,sound,#f8dc4f,critical,metal_wood_03,metal,yellow,TRUE,1,FALSE,material,NA
participant010,list2,low,description,irrelevant,the wood bat,sound,#fabb50,critical,metal_wood_09,wood,orange,TRUE,1,FALSE,material,NA
participant010,list2,high,description,base,the orange wood bat,sound,#f8884f,critical,metal_wood_09,wood,orange,TRUE,2,TRUE,color & material,color
participant011,list2,high,description,relevant,wooden bat,sound,#f8dc4f,filler,metal_wood_09,wood,yellow,TRUE,1,FALSE,material,NA
participant011,list2,high,description,relevant,wooden bat,sound,#f8884f,filler,metal_wood_09,wood,orange,TRUE,1,FALSE,material,NA
participant011,list2,low,description,irrelevant,yellow bat,color,#f8dc4f,critical,metal_wood_08,metal,yellow,TRUE,1,FALSE,color,NA
participant011,list2,high,description,base,metal bat,sound,#f8dc4f,critical,metal_wood_00,metal,yellow,TRUE,1,FALSE,material,NA
participant011,list2,low,description,relevant,yellow bat,color,#f9c550,critical,metal_wood_00,metal,orange,FALSE,1,FALSE,color,NA
participant011,list2,high,description,base,metal bat,sound,#f8884f,critical,metal_wood_01,metal,orange,TRUE,1,FALSE,material,NA
participant011,list2,low,description,relevant,yellow metal,sound,#f8dc4f,critical,metal_wood_08,metal,yellow,TRUE,2,TRUE,color & material,color
participant011,list2,high,description,base,orange bat,color,#f8884f,critical,metal_wood_00,metal,orange,TRUE,1,FALSE,color,NA
participant011,list2,low,description,irrelevant,yellow bat,color,#f8dc4f,critical,metal_wood_08,metal,yellow,TRUE,1,FALSE,color,NA
participant011,list2,high,description,relevant,metal bat,sound,#f8dc4f,filler,metal_wood_01,metal,yellow,TRUE,1,FALSE,material,NA
participant011,list2,high,description,base,yellow bat,color,#f8dc4f,critical,metal_wood_09,wood,yellow,TRUE,1,FALSE,color,NA
participant011,list2,high,description,relevant,yellow bat,color,#f8dc4f,filler,metal_wood_00,metal,yellow,TRUE,1,FALSE,color,NA
participant011,list2,low,description,irrelevant,yellow bat,color,#f8dc4f,critical,metal_wood_08,metal,yellow,TRUE,1,FALSE,color,NA
participant011,list2,low,description,irrelevant,metal bat,sound,#f9c550,critical,metal_wood_01,metal,orange,TRUE,1,FALSE,material,NA
participant011,list2,high,description,base,wooden bat,sound,#f8dc4f,critical,metal_wood_09,wood,yellow,TRUE,1,FALSE,material,NA
participant011,list2,high,description,relevant,metal bat,sound,#f8884f,filler,metal_wood_00,metal,orange,TRUE,1,FALSE,material,NA
participant011,list2,low,description,relevant,wooden bat,sound,#f8884f,critical,metal_wood_08,metal,orange,FALSE,1,FALSE,material,NA
participant011,list2,low,description,relevant,orange metal bat,sound,#f8884f,critical,metal_wood_08,metal,orange,TRUE,2,TRUE,color & material,color
participant011,list2,high,description,base,metal bat,sound,#f8dc4f,critical,metal_wood_01,metal,yellow,TRUE,1,FALSE,material,NA
participant011,list2,high,description,base,wooden bat,sound,#f8dc4f,critical,metal_wood_09,wood,yellow,TRUE,1,FALSE,material,NA
participant011,list2,low,description,irrelevant,orange bat,color,#f8884f,critical,metal_wood_08,metal,orange,TRUE,1,FALSE,color,NA
participant011,list2,high,description,base,orange bat,color,#f8884f,critical,metal_wood_09,wood,orange,TRUE,1,FALSE,color,NA
participant011,list2,low,description,irrelevant,yellow bat,color,#f8dc4f,critical,metal_wood_08,metal,yellow,TRUE,1,FALSE,color,NA
participant011,list2,low,description,irrelevant,yellow bat,color,#f8dc4f,critical,metal_wood_08,metal,yellow,TRUE,1,FALSE,color,NA
participant011,list2,high,description,base,wooden bat,sound,#f8884f,critical,metal_wood_09,wood,orange,TRUE,1,FALSE,material,NA
participant011,list2,low,description,relevant,wooden bat,sound,#f8dc4f,critical,metal_wood_08,metal,yellow,FALSE,1,FALSE,material,NA
participant011,list2,high,description,base,orange bat,color,#f8884f,critical,metal_wood_09,wood,orange,TRUE,1,FALSE,color,NA
participant011,list2,high,description,base,yellow bat,color,#f8dc4f,critical,metal_wood_00,metal,yellow,TRUE,1,FALSE,color,NA
participant011,list2,low,description,relevant,yellow metal bat,sound,#f8dc4f,critical,metal_wood_08,metal,yellow,TRUE,2,TRUE,color & material,color
participant011,list2,low,description,irrelevant,wooden bat,sound,#f9c550,critical,metal_wood_09,wood,orange,TRUE,1,FALSE,material,NA
participant011,list2,high,description,relevant,orange bat,color,#f8884f,filler,metal_wood_01,metal,orange,TRUE,1,FALSE,color,NA
participant011,list2,low,description,relevant,orange metal bat,color,#f9c550,critical,metal_wood_01,metal,orange,TRUE,2,TRUE,color & material,material
participant011,list2,low,description,relevant,orange metal bat,color,#f9c550,critical,metal_wood_01,metal,orange,TRUE,2,TRUE,color & material,material
participant011,list2,low,description,irrelevant,yellow metal bat,sound,#f9c550,critical,metal_wood_01,metal,orange,TRUE,2,TRUE,color & material,color
participant011,list2,low,description,irrelevant,yellow bat,color,#f8dc4f,critical,metal_wood_08,metal,yellow,TRUE,1,FALSE,color,NA
participant011,list2,low,description,relevant,orange wood bat,color,#f9c550,critical,metal_wood_09,wood,orange,TRUE,2,TRUE,color & material,material
participant011,list2,high,description,base,orange bat,color,#f8884f,critical,metal_wood_09,wood,orange,TRUE,1,FALSE,color,NA
participant011,list2,high,description,relevant,orange bat,color,#f8884f,filler,metal_wood_01,metal,orange,TRUE,1,FALSE,color,NA
participant011,list2,low,description,irrelevant,wooden bat,sound,#f9c550,critical,metal_wood_09,wood,orange,TRUE,1,FALSE,material,NA
participant011,list2,low,description,relevant,orange bat,color,#f9c550,critical,metal_wood_00,metal,orange,TRUE,1,FALSE,color,NA
participant011,list2,low,description,irrelevant,wooden bat,sound,#f9c550,critical,metal_wood_09,wood,orange,TRUE,1,FALSE,material,NA
participant011,list2,low,description,relevant,orange bat,color,#f9c550,critical,metal_wood_09,wood,orange,TRUE,1,FALSE,color,NA
participant011,list2,low,description,relevant,orange bat,color,#f9c550,critical,metal_wood_09,wood,orange,TRUE,1,FALSE,color,NA
participant011,list2,low,description,irrelevant,metal bat,sound,#f9c550,critical,metal_wood_01,metal,orange,TRUE,1,FALSE,material,NA
participant011,list2,high,description,relevant,orange bat,color,#f8884f,filler,metal_wood_09,wood,orange,TRUE,1,FALSE,color,NA
participant011,list2,high,description,relevant,yellow bat,color,#f8dc4f,filler,metal_wood_01,metal,yellow,TRUE,1,FALSE,color,NA
participant011,list2,low,description,relevant,wooden bat,sound,#f8dc4f,critical,metal_wood_08,metal,yellow,FALSE,1,FALSE,material,NA
participant011,list2,low,description,irrelevant,metal bat,sound,#f9c550,critical,metal_wood_01,metal,orange,TRUE,1,FALSE,material,NA
participant011,list2,high,description,base,metal bat,sound,#f8dc4f,critical,metal_wood_00,metal,yellow,TRUE,1,FALSE,material,NA
participant011,list2,low,description,irrelevant,wooden bat,sound,#f9c550,critical,metal_wood_09,wood,orange,TRUE,1,FALSE,material,NA
participant011,list2,high,description,relevant,wooden bat,sound,#f8dc4f,filler,metal_wood_09,wood,yellow,TRUE,1,FALSE,material,NA
participant011,list2,high,description,relevant,metal bat,sound,#f8884f,filler,metal_wood_00,metal,orange,TRUE,1,FALSE,material,NA
participant011,list2,high,description,base,yellow bat,color,#f8dc4f,critical,metal_wood_01,metal,yellow,TRUE,1,FALSE,color,NA
participant011,list2,low,description,relevant,yellow bat,color,#f9c550,critical,metal_wood_09,wood,orange,FALSE,1,FALSE,color,NA
participant011,list2,high,description,relevant,yellow bat,color,#f8dc4f,filler,metal_wood_09,wood,yellow,TRUE,1,FALSE,color,NA
participant011,list2,low,description,irrelevant,orange bat,color,#f8884f,critical,metal_wood_08,metal,orange,TRUE,1,FALSE,color,NA
participant011,list2,high,description,base,yellow wooden bat,sound,#f8dc4f,critical,metal_wood_09,wood,yellow,TRUE,2,TRUE,color & material,color
participant011,list2,high,description,base,yellow bat,color,#f8dc4f,critical,metal_wood_01,metal,yellow,TRUE,1,FALSE,color,NA
participant011,list2,low,description,relevant,yellow wooden bat,sound,#f8dc4f,critical,metal_wood_08,metal,yellow,FALSE,2,TRUE,color & material,color
participant012,list1,high,description,relevant,the metal yellow bat,color,#f8dc4f,filler,metal_wood_00,metal,yellow,TRUE,2,TRUE,color & material,material
participant012,list1,low,description,relevant,the orange wooden bat,sound,#f8884f,critical,metal_wood_04,wood,orange,TRUE,2,TRUE,color & material,color
participant012,list1,high,description,relevant,the orange wooden bat,color,#f8884f,filler,metal_wood_09,wood,orange,TRUE,2,TRUE,color & material,material
participant012,list1,low,description,irrelevant,the orange metal bat,color,#f8884f,critical,metal_wood_04,wood,orange,TRUE,2,TRUE,color & material,material
participant012,list1,low,description,relevant,the orange metal bat,sound,#f8dc4f,critical,metal_wood_04,wood,yellow,FALSE,2,TRUE,color & material,color
participant012,list1,low,description,irrelevant,the orange wooden bat,sound,#faa850,critical,metal_wood_08,wood,orange,TRUE,2,TRUE,color & material,color
participant012,list1,low,description,relevant,the orange wooden bat,color,#fab450,critical,metal_wood_01,metal,yellow,FALSE,2,TRUE,color & material,material
participant012,list1,low,description,relevant,the yellow metal bat,color,#faa850,critical,metal_wood_00,metal,orange,FALSE,2,TRUE,color & material,material
participant012,list1,low,description,relevant,the orange metal bat,sound,#f8884f,critical,metal_wood_03,metal,orange,TRUE,2,TRUE,color & material,color
participant012,list1,high,description,base,the yellow wooden bat,color,#f8dc4f,critical,metal_wood_08,wood,yellow,TRUE,2,TRUE,color & material,material
participant012,list1,low,description,relevant,the yellow wooden bat,color,#fab450,critical,metal_wood_08,wood,yellow,TRUE,2,TRUE,color & material,material
participant012,list1,low,description,relevant,the orange wooden map,color,#faa850,critical,metal_wood_09,wood,orange,TRUE,3,TRUE,color & material,material
participant012,list1,low,description,irrelevant,the orange metal map,color,#f8884f,critical,metal_wood_03,metal,orange,TRUE,3,TRUE,color & material,material
participant012,list1,low,description,relevant,the yellow metal bat,color,#fab450,critical,metal_wood_01,metal,yellow,TRUE,2,TRUE,color & material,material
participant012,list1,high,description,relevant,the orange metal bat,sound,#f8884f,filler,metal_wood_00,metal,orange,TRUE,2,TRUE,color & material,color
participant012,list1,high,description,base,the yellow metal bat,color,#f8dc4f,critical,metal_wood_01,metal,yellow,TRUE,2,TRUE,color & material,material
participant012,list1,high,description,base,the yellow metal bat,color,#f8dc4f,critical,metal_wood_01,metal,yellow,TRUE,2,TRUE,color & material,material
participant012,list1,high,description,base,the orange metal bat,color,#f8884f,critical,metal_wood_01,metal,orange,TRUE,2,TRUE,color & material,material
participant012,list1,low,description,irrelevant,the yellow metal bat,sound,#faa850,critical,metal_wood_09,wood,orange,FALSE,2,TRUE,color & material,color
participant012,list1,low,description,irrelevant,the orange wooden bat,sound,#fab450,critical,metal_wood_01,metal,yellow,FALSE,2,TRUE,color & material,color
participant012,list1,low,description,irrelevant,the orange metal bat,color,#f8884f,critical,metal_wood_03,metal,orange,TRUE,2,TRUE,color & material,material
participant012,list1,low,description,irrelevant,the orange metal bat,sound,#fab450,critical,metal_wood_01,metal,yellow,TRUE,2,TRUE,color & material,color
participant012,list1,high,description,relevant,the yellow metal bat,sound,#f8dc4f,filler,metal_wood_01,metal,yellow,TRUE,2,TRUE,color & material,color
participant012,list1,low,description,relevant,the orange wooden bat,sound,#f8dc4f,critical,metal_wood_03,metal,yellow,FALSE,2,TRUE,color & material,color
participant013,list3,high,description,relevant,the blue and metal bat,sound,#4fc0f8,filler,metal_wood_01,metal,blue,TRUE,3,TRUE,color & material,color
participant013,list3,high,description,relevant,the green bat,color,#4ff889,filler,metal_wood_00,metal,green,TRUE,1,FALSE,color,NA
participant013,list3,low,description,irrelevant,the green and wooden bat,sound,#4ff7dd,critical,metal_wood_08,wood,blue,TRUE,3,TRUE,color & material,color
participant013,list3,high,description,relevant,the green and wooden bat,sound,#4ff889,filler,metal_wood_09,wood,green,TRUE,3,TRUE,color & material,color
participant013,list3,high,description,relevant,the metal bat,sound,#4fc0f8,filler,metal_wood_01,metal,blue,TRUE,1,FALSE,material,NA
participant013,list3,low,description,irrelevant,the metal bat,sound,#50f8d5,critical,metal_wood_01,metal,green,TRUE,1,FALSE,material,NA
participant013,list3,low,description,relevant,the green and metal bat,color,#50f8d5,critical,metal_wood_00,metal,green,TRUE,3,TRUE,color & material,material
participant013,list3,high,description,relevant,the blue bat,color,#4fc0f8,filler,metal_wood_09,wood,blue,TRUE,1,FALSE,color,NA
participant013,list3,low,description,irrelevant,the green bat,color,#4ff889,critical,metal_wood_04,wood,green,TRUE,1,FALSE,color,NA
participant013,list3,high,description,base,the metal bat,sound,#4ff889,critical,metal_wood_00,metal,green,TRUE,1,FALSE,material,NA
participant013,list3,high,description,base,the blue bat,color,#4fc0f8,critical,metal_wood_09,wood,blue,TRUE,1,FALSE,color,NA
participant013,list3,high,description,relevant,the blue bat,color,#4fc0f8,filler,metal_wood_08,wood,blue,TRUE,1,FALSE,color,NA
participant013,list3,low,description,relevant,the blue bat,color,#4ff7dd,critical,metal_wood_00,metal,blue,TRUE,1,FALSE,color,NA
participant013,list3,high,description,relevant,the metal bat,sound,#4fc0f8,filler,metal_wood_01,metal,blue,TRUE,1,FALSE,material,NA
participant013,list3,low,description,irrelevant,the blue bat,color,#4fc0f8,critical,metal_wood_03,metal,blue,TRUE,1,FALSE,color,NA
participant013,list3,high,description,base,the blue bat,color,#4fc0f8,critical,metal_wood_00,metal,blue,TRUE,1,FALSE,color,NA
participant013,list3,low,description,relevant,the metal bat,sound,#4ff889,critical,metal_wood_03,metal,green,TRUE,1,FALSE,material,NA
participant013,list3,low,description,relevant,the metal bat,sound,#4fc0f8,critical,metal_wood_03,metal,blue,TRUE,1,FALSE,material,NA
participant013,list3,high,description,relevant,the wooden bat,sound,#4ff889,filler,metal_wood_08,wood,green,TRUE,1,FALSE,material,NA
participant013,list3,low,description,relevant,the blue and metal bat,color,#50f8d5,critical,metal_wood_00,metal,green,FALSE,3,TRUE,color & material,material
participant013,list3,high,description,base,the blue bat,color,#4fc0f8,critical,metal_wood_00,metal,blue,TRUE,1,FALSE,color,NA
participant013,list3,low,description,relevant,the green and wooden bat,color,#4ff7dd,critical,metal_wood_08,wood,blue,FALSE,3,TRUE,color & material,material
participant013,list3,low,description,relevant,the metal bat,sound,#4ff889,critical,metal_wood_03,metal,green,TRUE,1,FALSE,material,NA
participant013,list3,low,description,irrelevant,the metal bat,sound,#50f8d5,critical,metal_wood_01,metal,green,TRUE,1,FALSE,material,NA
participant013,list3,high,description,relevant,the green bat,color,#4ff889,filler,metal_wood_01,metal,green,TRUE,1,FALSE,color,NA
participant013,list3,high,description,base,the wooden bat,sound,#4ff889,critical,metal_wood_09,wood,green,TRUE,1,FALSE,material,NA
participant013,list3,low,description,relevant,the blue and metal bat,color,#50f8d5,critical,metal_wood_01,metal,green,FALSE,3,TRUE,color & material,material
participant013,list3,high,description,base,the green bat,color,#4ff889,critical,metal_wood_00,metal,green,TRUE,1,FALSE,color,NA
participant013,list3,low,description,relevant,the blue bat,color,#4ff7dd,critical,metal_wood_00,metal,blue,TRUE,1,FALSE,color,NA
participant013,list3,high,description,relevant,the wooden bat,sound,#4ff889,filler,metal_wood_09,wood,green,TRUE,1,FALSE,material,NA
participant013,list3,low,description,relevant,the blue and wooden bat,sound,#4fc0f8,critical,metal_wood_04,wood,blue,TRUE,3,TRUE,color & material,color
participant013,list3,high,description,relevant,the green bat,color,#4ff889,filler,metal_wood_09,wood,green,TRUE,1,FALSE,color,NA
participant013,list3,high,description,relevant,the blue bat,color,#4fc0f8,filler,metal_wood_00,metal,blue,TRUE,1,FALSE,color,NA
participant013,list3,high,description,base,the green bat,color,#4ff889,critical,metal_wood_00,metal,green,TRUE,1,FALSE,color,NA
participant013,list3,low,description,irrelevant,the wooden bat,sound,#50f8d5,critical,metal_wood_09,wood,green,TRUE,1,FALSE,material,NA
participant013,list3,low,description,relevant,the green bat,color,#50f8d5,critical,metal_wood_09,wood,green,TRUE,1,FALSE,color,NA
participant013,list3,low,description,irrelevant,the green bat,color,#4ff889,critical,metal_wood_04,wood,green,TRUE,1,FALSE,color,NA
participant013,list3,high,description,base,the blue bat,color,#4fc0f8,critical,metal_wood_08,wood,blue,TRUE,1,FALSE,color,NA
participant013,list3,high,description,base,the wooden bat,sound,#4fc0f8,critical,metal_wood_08,wood,blue,TRUE,1,FALSE,material,NA
participant013,list3,high,description,base,the metal bat,sound,#4fc0f8,critical,metal_wood_00,metal,blue,TRUE,1,FALSE,material,NA
participant013,list3,high,description,base,the wooden bat,sound,#4ff889,critical,metal_wood_09,wood,green,TRUE,1,FALSE,material,NA
participant013,list3,low,description,irrelevant,the green bat,color,#4ff889,critical,metal_wood_03,metal,green,TRUE,1,FALSE,color,NA
participant013,list3,low,description,irrelevant,the metal bat,sound,#4ff7dd,critical,metal_wood_00,metal,blue,TRUE,1,FALSE,material,NA
participant013,list3,low,description,relevant,the wooden bat,sound,#4ff889,critical,metal_wood_04,wood,green,TRUE,1,FALSE,material,NA
participant013,list3,low,description,irrelevant,the blue bat,color,#4fc0f8,critical,metal_wood_04,wood,blue,TRUE,1,FALSE,color,NA
participant013,list3,low,description,irrelevant,the wooden bat,sound,#4ff7dd,critical,metal_wood_08,wood,blue,TRUE,1,FALSE,material,NA
participant013,list3,low,description,irrelevant,the metal bat,sound,#50f8d5,critical,metal_wood_01,metal,green,TRUE,1,FALSE,material,NA
participant013,list3,low,description,relevant,the wooden bat,sound,#4ff889,critical,metal_wood_04,wood,green,TRUE,1,FALSE,material,NA
participant013,list3,low,description,irrelevant,the metal bat,sound,#4ff7dd,critical,metal_wood_00,metal,blue,TRUE,1,FALSE,material,NA
participant013,list3,low,description,irrelevant,the green and metal bat,color,#4fc0f8,critical,metal_wood_03,metal,blue,FALSE,3,TRUE,color & material,material
participant013,list3,low,description,relevant,the blue and metal bat,color,#4ff7dd,critical,metal_wood_08,wood,blue,TRUE,3,TRUE,color & material,material
participant013,list3,low,description,irrelevant,the green bat,color,#4ff889,critical,metal_wood_03,metal,green,TRUE,1,FALSE,color,NA
participant013,list3,high,description,base,the metal bat,sound,#4ff889,critical,metal_wood_00,metal,green,TRUE,1,FALSE,material,NA
participant013,list3,high,description,base,the green bat,color,#4ff889,critical,metal_wood_00,metal,green,TRUE,1,FALSE,color,NA
participant013,list3,low,description,irrelevant,the green bat,color,#4ff889,critical,metal_wood_04,wood,green,TRUE,1,FALSE,color,NA
participant013,list3,high,description,base,the wooden bat,sound,#4fc0f8,critical,metal_wood_08,wood,blue,TRUE,1,FALSE,material,NA
participant013,list3,high,description,base,the green bat,color,#4ff889,critical,metal_wood_08,wood,green,TRUE,1,FALSE,color,NA
participant013,list3,low,description,relevant,the wooden bat,sound,#4fc0f8,critical,metal_wood_04,wood,blue,TRUE,1,FALSE,material,NA
participant013,list3,low,description,relevant,the metal bat,sound,#4ff889,critical,metal_wood_03,metal,green,TRUE,1,FALSE,material,NA
participant017,list1,high,description,relevant,orange wooden,sound,#f8884f,filler,metal_wood_08,wood,orange,TRUE,2,TRUE,color & material,color
participant017,list1,low,description,relevant,metal,sound,#f8dc4f,critical,metal_wood_04,metal,yellow,TRUE,1,FALSE,material,NA
participant017,list1,high,description,base,wooden,sound,#f8dc4f,critical,metal_wood_09,wood,yellow,TRUE,1,FALSE,material,NA
participant017,list1,low,description,relevant,orange. wooden,sound,#f8884f,critical,metal_wood_05,wood,orange,TRUE,2,TRUE,color & material,color
participant017,list1,low,description,relevant,"yellow, wooden",sound,#f8884f,critical,metal_wood_05,wood,orange,TRUE,2,TRUE,color & material,color
participant017,list1,low,description,relevant,"yellow, wooden",color,#f9c550,critical,metal_wood_00,metal,yellow,TRUE,2,TRUE,color & material,material
participant017,list1,low,description,irrelevant,"yellow, wooden",color,#f8dc4f,critical,metal_wood_05,wood,yellow,TRUE,2,TRUE,color & material,material
participant017,list1,low,description,irrelevant,metal,sound,#f9c550,critical,metal_wood_00,metal,yellow,TRUE,1,FALSE,material,NA
participant017,list1,high,description,base,"orange, wooden",color,#f8884f,critical,metal_wood_08,wood,orange,TRUE,2,TRUE,color & material,material
participant017,list1,high,description,relevant,"orange, metal",sound,#f8884f,filler,metal_wood_00,metal,orange,TRUE,2,TRUE,color & material,color
participant017,list1,low,description,irrelevant,"yellow, metal",sound,#f9c550,critical,metal_wood_00,metal,yellow,TRUE,2,TRUE,color & material,color
participant017,list1,low,description,relevant,"orange, metal",color,#fac050,critical,metal_wood_00,metal,orange,TRUE,2,TRUE,color & material,material
participant017,list1,high,description,base,"orange, wooden",sound,#f8884f,critical,metal_wood_08,wood,orange,TRUE,2,TRUE,color & material,color
participant017,list1,high,description,relevant,"yellow, wooden",color,#f8dc4f,filler,metal_wood_09,wood,yellow,TRUE,2,TRUE,color & material,material
participant017,list1,low,description,irrelevant,"orange, wooden",color,#f8884f,critical,metal_wood_05,wood,orange,TRUE,2,TRUE,color & material,material
participant017,list1,high,description,base,wooden,sound,#f8dc4f,critical,metal_wood_08,wood,yellow,TRUE,1,FALSE,material,NA
participant017,list1,low,description,irrelevant,wooden,sound,#fac050,critical,metal_wood_08,wood,orange,TRUE,1,FALSE,material,NA
participant017,list1,high,description,relevant,"orange, metal",sound,#f8884f,filler,metal_wood_00,metal,orange,TRUE,2,TRUE,color & material,color
participant017,list1,high,description,base,"orange, metal",color,#f8884f,critical,metal_wood_00,metal,orange,TRUE,2,TRUE,color & material,material
participant017,list1,high,description,base,"yellow, metal",sound,#f8dc4f,critical,metal_wood_00,metal,yellow,TRUE,2,TRUE,color & material,color
participant017,list1,low,description,irrelevant,yellow,color,#f8dc4f,critical,metal_wood_04,metal,yellow,TRUE,1,FALSE,color,NA
participant017,list1,high,description,relevant,"orange, metal",color,#f8884f,filler,metal_wood_00,metal,orange,TRUE,2,TRUE,color & material,material
participant017,list1,low,description,irrelevant,metal,sound,#fac050,critical,metal_wood_00,metal,orange,TRUE,1,FALSE,material,NA
participant017,list1,high,description,base,yellow,color,#f8dc4f,critical,metal_wood_09,wood,yellow,TRUE,1,FALSE,color,NA
participant017,list1,high,description,relevant,"yellow, ",color,#f8dc4f,filler,metal_wood_09,wood,yellow,TRUE,1,FALSE,color,NA
participant017,list1,low,description,irrelevant,metal,sound,#fac050,critical,metal_wood_00,metal,orange,TRUE,1,FALSE,material,NA
participant017,list1,low,description,irrelevant,wooden,sound,#f9c550,critical,metal_wood_08,wood,yellow,TRUE,1,FALSE,material,NA
participant017,list1,high,description,relevant,"orange, metal",sound,#f8884f,filler,metal_wood_00,metal,orange,TRUE,2,TRUE,color & material,color
participant017,list1,low,description,relevant,"yellow, metal",color,#f9c550,critical,metal_wood_00,metal,yellow,TRUE,2,TRUE,color & material,material
participant017,list1,high,description,base,"orange, ",color,#f8884f,critical,metal_wood_00,metal,orange,TRUE,1,FALSE,color,NA
participant017,list1,high,description,base,"yellow, metal",color,#f8dc4f,critical,metal_wood_00,metal,yellow,TRUE,2,TRUE,color & material,material
participant017,list1,low,description,relevant,wooden,sound,#f8dc4f,critical,metal_wood_05,wood,yellow,TRUE,1,FALSE,material,NA
participant017,list1,high,description,base,"yellow, metal",sound,#f8dc4f,critical,metal_wood_00,metal,yellow,TRUE,2,TRUE,color & material,color
participant017,list1,low,description,irrelevant,metal,sound,#f9c550,critical,metal_wood_00,metal,yellow,TRUE,1,FALSE,material,NA
participant017,list1,high,description,relevant,"yellow, metal",color,#f8dc4f,filler,metal_wood_09,wood,yellow,TRUE,2,TRUE,color & material,material
participant017,list1,low,description,irrelevant,"yellow, metal",sound,#fac050,critical,metal_wood_00,metal,orange,TRUE,2,TRUE,color & material,color
participant017,list1,low,description,irrelevant,"yellow, ",color,#f8dc4f,critical,metal_wood_05,wood,yellow,TRUE,1,FALSE,color,NA
participant017,list1,low,description,irrelevant,"orange, wooden",color,#f8884f,critical,metal_wood_04,metal,orange,TRUE,2,TRUE,color & material,material
participant017,list1,high,description,relevant,"orange, wood",sound,#f8884f,filler,metal_wood_09,wood,orange,TRUE,2,TRUE,color & material,color
participant017,list1,low,description,relevant,"yellow, wooden",color,#f9c550,critical,metal_wood_09,wood,yellow,TRUE,2,TRUE,color & material,material
participant019,list2,high,description,relevant,the orange wood bat,color,#f8884f,filler,metal_wood_09,wood,orange,TRUE,2,TRUE,color & material,material
participant019,list2,high,description,relevant,the yellow wood bat,color,#f8dc4f,filler,metal_wood_09,wood,yellow,TRUE,2,TRUE,color & material,material
participant019,list2,high,description,base,yellow and wood bat,sound,#f8dc4f,critical,metal_wood_09,wood,yellow,TRUE,3,TRUE,color & material,color
participant019,list2,low,description,relevant,orange and wood bat,sound,#f8884f,critical,metal_wood_06,wood,orange,TRUE,3,TRUE,color & material,color
participant019,list2,high,description,relevant,orange and metal bat,sound,#f8884f,filler,metal_wood_00,metal,orange,TRUE,3,TRUE,color & material,color
participant019,list2,low,description,relevant,yellow and wood bat,color,#fabb50,critical,metal_wood_08,wood,yellow,TRUE,3,TRUE,color & material,material
participant019,list2,low,description,irrelevant,yellow and metal bat,color,#f8dc4f,critical,metal_wood_04,metal,yellow,TRUE,3,TRUE,color & material,material
participant019,list2,low,description,irrelevant,yellow bat,color,#f8dc4f,critical,metal_wood_06,wood,yellow,TRUE,1,FALSE,color,NA
participant019,list2,low,description,irrelevant,orange bat,color,#f8884f,critical,metal_wood_04,metal,orange,TRUE,1,FALSE,color,NA
participant019,list2,low,description,irrelevant,wood bat,sound,#fabe50,critical,metal_wood_09,wood,yellow,TRUE,1,FALSE,material,NA
participant019,list2,low,description,relevant,yellow and metal bat,sound,#f8dc4f,critical,metal_wood_04,metal,yellow,TRUE,3,TRUE,color & material,color
participant019,list2,low,description,irrelevant,metal bat,sound,#fabb50,critical,metal_wood_01,metal,yellow,TRUE,1,FALSE,material,NA
participant019,list2,high,description,base,metal bat,sound,#f8dc4f,critical,metal_wood_01,metal,yellow,TRUE,1,FALSE,material,NA
participant019,list2,high,description,relevant,wood bat,sound,#f8dc4f,filler,metal_wood_08,wood,yellow,TRUE,1,FALSE,material,NA
participant019,list2,low,description,irrelevant,metal bat,sound,#fabb50,critical,metal_wood_01,metal,yellow,TRUE,1,FALSE,material,NA
participant019,list2,low,description,irrelevant,yellow bat,color,#f8dc4f,critical,metal_wood_06,wood,yellow,TRUE,1,FALSE,color,NA
participant019,list2,low,description,relevant,wood bat,sound,#f8884f,critical,metal_wood_06,wood,orange,TRUE,1,FALSE,material,NA
participant019,list2,high,description,base,wood bat,sound,#f8884f,critical,metal_wood_09,wood,orange,TRUE,1,FALSE,material,NA
participant019,list2,high,description,base,yellow bat,color,#f8dc4f,critical,metal_wood_01,metal,yellow,TRUE,1,FALSE,color,NA
participant019,list2,high,description,base,orange bat,color,#f8884f,critical,metal_wood_08,wood,orange,TRUE,1,FALSE,color,NA
participant019,list2,low,description,relevant,metal bat,sound,#f8dc4f,critical,metal_wood_04,metal,yellow,TRUE,1,FALSE,material,NA
participant019,list2,low,description,relevant,wood bat,sound,#f8dc4f,critical,metal_wood_06,wood,yellow,TRUE,1,FALSE,material,NA
participant019,list2,low,description,relevant,orange bat,color,#fabb50,critical,metal_wood_01,metal,yellow,FALSE,1,FALSE,color,NA
participant019,list2,high,description,relevant,orange bat,color,#f8884f,filler,metal_wood_01,metal,orange,TRUE,1,FALSE,color,NA
participant019,list2,high,description,relevant,yellow bat,color,#f8dc4f,filler,metal_wood_01,metal,yellow,TRUE,1,FALSE,color,NA
participant019,list2,low,description,irrelevant,wood bat,sound,#fabb50,critical,metal_wood_09,wood,yellow,TRUE,1,FALSE,material,NA
participant019,list2,high,description,base,wood bat,sound,#f8884f,critical,metal_wood_08,wood,orange,TRUE,1,FALSE,material,NA
participant019,list2,low,description,relevant,metal bat,sound,#f8dc4f,critical,metal_wood_04,metal,yellow,TRUE,1,FALSE,material,NA
participant019,list2,low,description,relevant,wood bat,sound,#f8884f,critical,metal_wood_06,wood,orange,TRUE,1,FALSE,material,NA
participant019,list2,low,description,irrelevant,yellow bat,color,#f8dc4f,critical,metal_wood_04,metal,yellow,TRUE,1,FALSE,color,NA
participant019,list2,low,description,irrelevant,wood bat,sound,#fabb50,critical,metal_wood_09,wood,yellow,TRUE,1,FALSE,material,NA
participant019,list2,high,description,base,wood bat,sound,#f8884f,critical,metal_wood_09,wood,orange,TRUE,1,FALSE,material,NA
participant019,list2,low,description,relevant,orange bat,color,#fabb50,critical,metal_wood_08,wood,yellow,FALSE,1,FALSE,color,NA
participant019,list2,low,description,irrelevant,wood bat,sound,#fabe50,critical,metal_wood_09,wood,yellow,TRUE,1,FALSE,material,NA
participant019,list2,high,description,base,orange bat,color,#f8884f,critical,metal_wood_01,metal,orange,TRUE,1,FALSE,color,NA
participant019,list2,low,description,relevant,yellow bat,color,#fabe50,critical,metal_wood_00,metal,yellow,TRUE,1,FALSE,color,NA
participant019,list2,low,description,irrelevant,yellow bat,color,#f8dc4f,critical,metal_wood_06,wood,yellow,TRUE,1,FALSE,color,NA
participant019,list2,high,description,relevant,wood bat,sound,#f8884f,filler,metal_wood_09,wood,orange,TRUE,1,FALSE,material,NA
participant019,list2,high,description,base,yellow and metal bat,color,#f8dc4f,critical,metal_wood_01,metal,yellow,TRUE,3,TRUE,color & material,material
participant019,list2,high,description,base,yellow bat,color,#f8dc4f,critical,metal_wood_09,wood,yellow,TRUE,1,FALSE,color,NA
participant019,list2,high,description,base,metal bat,sound,#f8dc4f,critical,metal_wood_01,metal,yellow,TRUE,1,FALSE,material,NA
participant019,list2,low,description,irrelevant,orange bat,color,#f8884f,critical,metal_wood_04,metal,orange,TRUE,1,FALSE,color,NA
participant019,list2,low,description,relevant,metal bat,sound,#f8884f,critical,metal_wood_04,metal,orange,TRUE,1,FALSE,material,NA
participant019,list2,high,description,base,orange and metal bat,color,#f8884f,critical,metal_wood_08,wood,orange,TRUE,3,TRUE,color & material,material
participant019,list2,low,description,relevant,yellow bat,color,#fabe50,critical,metal_wood_01,metal,yellow,TRUE,1,FALSE,color,NA
participant019,list2,low,description,relevant,yellow and metal bat,color,#fabe50,critical,metal_wood_01,metal,yellow,TRUE,3,TRUE,color & material,material
participant019,list2,high,description,relevant,orange and wood bat,color,#f8884f,filler,metal_wood_09,wood,orange,TRUE,3,TRUE,color & material,material
participant019,list2,high,description,relevant,yellow bat,color,#f8dc4f,filler,metal_wood_01,metal,yellow,TRUE,1,FALSE,color,NA
participant019,list2,high,description,base,yellow and metal bat,color,#f8dc4f,critical,metal_wood_01,metal,yellow,TRUE,3,TRUE,color & material,material
participant019,list2,high,description,base,yellow and metal bat,sound,#f8dc4f,critical,metal_wood_00,metal,yellow,TRUE,3,TRUE,color & material,color
participant019,list2,high,description,relevant,wood bat,sound,#f8884f,filler,metal_wood_08,wood,orange,TRUE,1,FALSE,material,NA
participant019,list2,low,description,irrelevant,wood bat,sound,#fabe50,critical,metal_wood_08,wood,yellow,TRUE,1,FALSE,material,NA
participant019,list2,high,description,base,metal bat,sound,#f8884f,critical,metal_wood_00,metal,orange,TRUE,1,FALSE,material,NA
participant019,list2,low,description,irrelevant,metal bat,sound,#fabe50,critical,metal_wood_01,metal,yellow,TRUE,1,FALSE,material,NA
participant019,list2,low,description,irrelevant,yellow bat,color,#f8dc4f,critical,metal_wood_06,wood,yellow,TRUE,1,FALSE,color,NA
participant020,list1,high,description,relevant,the orange bat,color,#f8884f,filler,metal_wood_00,metal,orange,TRUE,1,FALSE,color,NA
participant020,list1,high,description,relevant,the wooden bat,sound,#f8dc4f,filler,metal_wood_08,wood,yellow,TRUE,1,FALSE,material,NA
participant020,list1,low,description,relevant,the orange bat,color,#fac050,critical,metal_wood_09,wood,orange,TRUE,1,FALSE,color,NA
participant020,list1,low,description,relevant,the orange metal bat,sound,#f8884f,critical,metal_wood_05,wood,orange,FALSE,2,TRUE,color & material,color
participant020,list1,low,description,relevant,the yellow bat,color,#fac250,critical,metal_wood_01,metal,orange,FALSE,1,FALSE,color,NA
participant020,list1,high,description,base,the yellow bat,color,#f8dc4f,critical,metal_wood_01,metal,yellow,TRUE,1,FALSE,color,NA
participant020,list1,high,description,base,the orange bat,color,#f8884f,critical,metal_wood_09,wood,orange,TRUE,1,FALSE,color,NA
participant020,list1,low,description,irrelevant,the orange wood bat,sound,#fac050,critical,metal_wood_09,wood,orange,TRUE,2,TRUE,color & material,color
participant020,list1,low,description,irrelevant,the yellow bat,color,#f8dc4f,critical,metal_wood_05,wood,yellow,TRUE,1,FALSE,color,NA
participant020,list1,high,description,relevant,the orange bat,color,#f8884f,filler,metal_wood_08,wood,orange,TRUE,1,FALSE,color,NA
participant020,list1,low,description,irrelevant,yellow bat,color,#f8dc4f,critical,metal_wood_03,metal,yellow,TRUE,1,FALSE,color,NA
participant020,list1,high,description,base,yellow bat,color,#f8dc4f,critical,metal_wood_09,wood,yellow,TRUE,1,FALSE,color,NA
participant020,list1,high,description,base,orange metal bat,sound,#f8884f,critical,metal_wood_01,metal,orange,TRUE,2,TRUE,color & material,color
participant020,list1,low,description,irrelevant,yellow bat,color,#f8dc4f,critical,metal_wood_05,wood,yellow,TRUE,1,FALSE,color,NA
participant020,list1,high,description,base,orange wood,sound,#f8884f,critical,metal_wood_09,wood,orange,TRUE,2,TRUE,color & material,color
participant020,list1,low,description,irrelevant,yellow bat,color,#f8dc4f,critical,metal_wood_05,wood,yellow,TRUE,1,FALSE,color,NA
participant020,list1,low,description,relevant,orange wood,sound,#f8884f,critical,metal_wood_05,wood,orange,TRUE,2,TRUE,color & material,color
participant020,list1,low,description,irrelevant,orange bat,color,#f8884f,critical,metal_wood_03,metal,orange,TRUE,1,FALSE,color,NA
participant020,list1,high,description,base,yellow metal,sound,#f8dc4f,critical,metal_wood_01,metal,yellow,TRUE,2,TRUE,color & material,color
participant020,list1,low,description,irrelevant,orange metal,sound,#fac050,critical,metal_wood_00,metal,orange,TRUE,2,TRUE,color & material,color
participant020,list1,low,description,irrelevant,orange metal,sound,#fac250,critical,metal_wood_00,metal,orange,TRUE,2,TRUE,color & material,color
participant020,list1,high,description,base,yellow metal,sound,#f8dc4f,critical,metal_wood_01,metal,yellow,TRUE,2,TRUE,color & material,color
participant020,list1,high,description,relevant,yellow bat,color,#f8dc4f,filler,metal_wood_08,wood,yellow,TRUE,1,FALSE,color,NA
participant020,list1,high,description,base,orange bat,color,#f8884f,critical,metal_wood_00,metal,orange,TRUE,1,FALSE,color,NA
participant020,list1,low,description,irrelevant,orange metal,sound,#fac250,critical,metal_wood_01,metal,orange,TRUE,2,TRUE,color & material,color
participant020,list1,low,description,relevant,orange metal,sound,#f8dc4f,critical,metal_wood_05,wood,yellow,FALSE,2,TRUE,color & material,color
participant020,list1,low,description,relevant,yellow metal,sound,#f8dc4f,critical,metal_wood_03,metal,yellow,TRUE,2,TRUE,color & material,color
participant020,list1,low,description,relevant,yellow wood,color,#fac250,critical,metal_wood_09,wood,orange,FALSE,2,TRUE,color & material,material
participant020,list1,high,description,base,orange bat,color,#f8884f,critical,metal_wood_00,metal,orange,TRUE,1,FALSE,color,NA
participant020,list1,low,description,relevant,yellow metal,sound,#f8dc4f,critical,metal_wood_03,metal,yellow,TRUE,2,TRUE,color & material,color
participant020,list1,high,description,base,yellow wood,sound,#f8dc4f,critical,metal_wood_08,wood,yellow,TRUE,2,TRUE,color & material,color
participant020,list1,high,description,base,orange ,color,#f8884f,critical,metal_wood_01,metal,orange,TRUE,1,FALSE,color,NA
participant020,list1,low,description,relevant,yellow,color,#fac250,critical,metal_wood_09,wood,orange,FALSE,1,FALSE,color,NA
participant020,list1,low,description,irrelevant,yellow,color,#f8dc4f,critical,metal_wood_03,metal,yellow,TRUE,1,FALSE,color,NA
participant020,list1,high,description,base,yellow wood,sound,#f8dc4f,critical,metal_wood_09,wood,yellow,TRUE,2,TRUE,color & material,color
participant020,list1,low,description,irrelevant,yellow metal,sound,#fac050,critical,metal_wood_01,metal,orange,TRUE,2,TRUE,color & material,color
participant020,list1,high,description,relevant,yellow,color,#f8dc4f,filler,metal_wood_09,wood,yellow,TRUE,1,FALSE,color,NA
participant020,list1,low,description,irrelevant,yellow metal,sound,#fac250,critical,metal_wood_01,metal,orange,TRUE,2,TRUE,color & material,color
participant020,list1,low,description,relevant,yellow,color,#fac250,critical,metal_wood_00,metal,orange,FALSE,1,FALSE,color,NA
participant020,list1,high,description,relevant,metal,sound,#f8884f,filler,metal_wood_01,metal,orange,TRUE,1,FALSE,material,NA
participant020,list1,high,description,relevant,orange,color,#f8884f,filler,metal_wood_09,wood,orange,TRUE,1,FALSE,color,NA
participant020,list1,low,description,relevant,yellow metal,sound,#f8dc4f,critical,metal_wood_03,metal,yellow,TRUE,2,TRUE,color & material,color
participant020,list1,high,description,relevant,wood,sound,#f8dc4f,filler,metal_wood_08,wood,yellow,TRUE,1,FALSE,material,NA
participant020,list1,high,description,base,orange wood,sound,#f8884f,critical,metal_wood_09,wood,orange,TRUE,2,TRUE,color & material,color
participant020,list1,high,description,base,yellow metal,sound,#f8dc4f,critical,metal_wood_00,metal,yellow,TRUE,2,TRUE,color & material,color
participant020,list1,high,description,base,yellow,color,#f8dc4f,critical,metal_wood_09,wood,yellow,TRUE,1,FALSE,color,NA
participant020,list1,low,description,irrelevant,yellow,color,#f8dc4f,critical,metal_wood_03,metal,yellow,TRUE,1,FALSE,color,NA
participant020,list1,high,description,relevant,metal,sound,#f8dc4f,filler,metal_wood_01,metal,yellow,TRUE,1,FALSE,material,NA
participant020,list1,high,description,relevant,metal,sound,#f8884f,filler,metal_wood_01,metal,orange,TRUE,1,FALSE,material,NA
participant020,list1,high,description,relevant,yellow,color,#f8dc4f,filler,metal_wood_01,metal,yellow,TRUE,1,FALSE,color,NA
participant020,list1,low,description,irrelevant,orange,color,#f8884f,critical,metal_wood_05,wood,orange,TRUE,1,FALSE,color,NA
participant020,list1,low,description,irrelevant,metal,sound,#fac050,critical,metal_wood_01,metal,orange,TRUE,1,FALSE,material,NA
participant020,list1,high,description,base,yellow,color,#f8dc4f,critical,metal_wood_01,metal,yellow,TRUE,1,FALSE,color,NA
participant020,list1,low,description,relevant,orange,color,#fac050,critical,metal_wood_01,metal,orange,TRUE,1,FALSE,color,NA
participant020,list1,low,description,relevant,orange metal,sound,#f8884f,critical,metal_wood_03,metal,orange,TRUE,2,TRUE,color & material,color
participant020,list1,low,description,irrelevant,orange wood,sound,#fac250,critical,metal_wood_08,wood,orange,TRUE,2,TRUE,color & material,color
participant024,list4,high,description,relevant,blue bat,color,#4fc0f8,filler,metal_wood_01,metal,blue,TRUE,1,FALSE,color,NA
participant024,list4,high,description,relevant,green bat,color,#4ff889,filler,metal_wood_08,wood,green,TRUE,1,FALSE,color,NA
participant024,list4,high,description,base,green metal,color,#4ff889,critical,metal_wood_00,metal,green,TRUE,2,TRUE,color & material,material
participant024,list4,low,description,relevant,green metal,color,#52ebe3,critical,metal_wood_00,metal,green,TRUE,2,TRUE,color & material,material
participant024,list4,high,description,relevant,green metal,sound,#4ff889,filler,metal_wood_00,metal,green,TRUE,2,TRUE,color & material,color
participant024,list4,high,description,relevant,green metal,sound,#4ff889,filler,metal_wood_00,metal,green,TRUE,2,TRUE,color & material,color
participant024,list4,high,description,base,green metal,sound,#4ff889,critical,metal_wood_01,metal,green,TRUE,2,TRUE,color & material,color
participant024,list4,low,description,irrelevant,green metal,color,#4ff889,critical,metal_wood_06,wood,green,TRUE,2,TRUE,color & material,material
participant024,list4,low,description,irrelevant,green wood,color,#4ff889,critical,metal_wood_06,wood,green,TRUE,2,TRUE,color & material,material
participant024,list4,low,description,irrelevant,green wood,sound,#52ebe3,critical,metal_wood_08,wood,green,TRUE,2,TRUE,color & material,color
participant024,list4,low,description,irrelevant,blue metal,color,#4fc0f8,critical,metal_wood_05,metal,blue,TRUE,2,TRUE,color & material,material
participant024,list4,low,description,relevant,blue metal,sound,#4fc0f8,critical,metal_wood_06,wood,blue,FALSE,2,TRUE,color & material,color
participant024,list4,high,description,relevant,blue metal,color,#4fc0f8,filler,metal_wood_00,metal,blue,TRUE,2,TRUE,color & material,material
participant024,list4,high,description,relevant,blue wood,sound,#4ff889,filler,metal_wood_08,wood,green,TRUE,2,TRUE,color & material,color
participant024,list4,low,description,relevant,green metal,sound,#4ff889,critical,metal_wood_06,wood,green,FALSE,2,TRUE,color & material,color
participant024,list4,low,description,irrelevant,blue wood,sound,#53e2e7,critical,metal_wood_08,wood,blue,TRUE,2,TRUE,color & material,color
participant024,list4,low,description,relevant,blue metal,sound,#4fc0f8,critical,metal_wood_05,metal,blue,TRUE,2,TRUE,color & material,color
participant024,list4,high,description,base,blue metal,sound,#4fc0f8,critical,metal_wood_01,metal,blue,TRUE,2,TRUE,color & material,color
participant024,list4,low,description,relevant,green metal,sound,#4ff889,critical,metal_wood_05,metal,green,TRUE,2,TRUE,color & material,color
participant024,list4,high,description,relevant,green wood,sound,#4ff889,filler,metal_wood_08,wood,green,TRUE,2,TRUE,color & material,color
participant024,list4,low,description,relevant,green metal,sound,#4ff889,critical,metal_wood_06,wood,green,FALSE,2,TRUE,color & material,color
participant024,list4,high,description,base,blue wood,sound,#4fc0f8,critical,metal_wood_08,wood,blue,TRUE,2,TRUE,color & material,color
participant024,list4,high,description,base,blue wood,color,#4fc0f8,critical,metal_wood_09,wood,blue,TRUE,2,TRUE,color & material,material
participant024,list4,high,description,relevant,green metal,color,#4ff889,filler,metal_wood_01,metal,green,TRUE,2,TRUE,color & material,material
participant024,list4,high,description,relevant,geen wood,sound,#4ff889,filler,metal_wood_09,wood,green,TRUE,2,TRUE,color & material,color
participant024,list4,low,description,irrelevant,blue wood,color,#4ff889,critical,metal_wood_05,metal,green,FALSE,2,TRUE,color & material,material
participant024,list4,low,description,relevant,blue metal,color,#53e2e7,critical,metal_wood_00,metal,blue,TRUE,2,TRUE,color & material,material
participant024,list4,low,description,relevant,blue wood,color,#53e2e7,critical,metal_wood_01,metal,blue,TRUE,2,TRUE,color & material,material
participant024,list4,low,description,irrelevant,blue metal,sound,#53e2e7,critical,metal_wood_01,metal,blue,TRUE,2,TRUE,color & material,color
participant024,list4,high,description,base,green metal,color,#4ff889,critical,metal_wood_00,metal,green,TRUE,2,TRUE,color & material,material
participant024,list4,low,description,relevant,green metal,color,#52ebe3,critical,metal_wood_01,metal,green,TRUE,2,TRUE,color & material,material
participant024,list4,high,description,base,green metal,color,#4ff889,critical,metal_wood_01,metal,green,TRUE,2,TRUE,color & material,material
participant024,list4,high,description,base,green wood,color,#4ff889,critical,metal_wood_01,metal,green,TRUE,2,TRUE,color & material,material
participant024,list4,high,description,base,blue wood,color,#4fc0f8,critical,metal_wood_00,metal,blue,TRUE,2,TRUE,color & material,material
participant024,list4,high,description,base,blue metal,color,#4fc0f8,critical,metal_wood_00,metal,blue,TRUE,2,TRUE,color & material,material
participant024,list4,low,description,irrelevant,green metal,sound,#52ebe3,critical,metal_wood_01,metal,green,TRUE,2,TRUE,color & material,color
participant024,list4,low,description,irrelevant,blue metal,sound,#52ebe3,critical,metal_wood_00,metal,green,TRUE,2,TRUE,color & material,color
participant024,list4,low,description,irrelevant,green metal,sound,#52ebe3,critical,metal_wood_00,metal,green,TRUE,2,TRUE,color & material,color
participant024,list4,low,description,irrelevant,green wood,color,#4ff889,critical,metal_wood_05,metal,green,TRUE,2,TRUE,color & material,material
participant024,list4,low,description,irrelevant,blue wood,sound,#53e2e7,critical,metal_wood_01,metal,blue,FALSE,2,TRUE,color & material,color
participant024,list4,low,description,relevant,green metal,sound,#4ff889,critical,metal_wood_05,metal,green,TRUE,2,TRUE,color & material,color
participant024,list4,low,description,relevant,green metal,color,#52ebe3,critical,metal_wood_01,metal,green,TRUE,2,TRUE,color & material,material
participant024,list4,high,description,base,green metal,sound,#4ff889,critical,metal_wood_00,metal,green,TRUE,2,TRUE,color & material,color
participant024,list4,high,description,relevant,green metal,sound,#4ff889,filler,metal_wood_01,metal,green,TRUE,2,TRUE,color & material,color
participant024,list4,low,description,irrelevant,blue metal,color,#4fc0f8,critical,metal_wood_05,metal,blue,TRUE,2,TRUE,color & material,material
participant024,list4,high,description,relevant,green wood,color,#4ff889,filler,metal_wood_08,wood,green,TRUE,2,TRUE,color & material,material
participant024,list4,high,description,base,green wood,sound,#4ff889,critical,metal_wood_09,wood,green,TRUE,2,TRUE,color & material,color
participant024,list4,low,description,relevant,blue wood,color,#53e2e7,critical,metal_wood_00,metal,blue,TRUE,2,TRUE,color & material,material
participant024,list4,low,description,relevant,geen wood,sound,#4ff889,critical,metal_wood_06,wood,green,TRUE,2,TRUE,color & material,color
participant024,list4,low,description,irrelevant,blue metal,sound,#53e2e7,critical,metal_wood_00,metal,blue,TRUE,2,TRUE,color & material,color
participant024,list4,high,description,base,blue metal,color,#4fc0f8,critical,metal_wood_00,metal,blue,TRUE,2,TRUE,color & material,material
participant024,list4,low,description,relevant,green wood,color,#52ebe3,critical,metal_wood_01,metal,green,TRUE,2,TRUE,color & material,material
participant024,list4,high,description,base,green metal,sound,#4ff889,critical,metal_wood_00,metal,green,TRUE,2,TRUE,color & material,color
participant024,list4,high,description,relevant,blue metal,color,#4fc0f8,filler,metal_wood_00,metal,blue,TRUE,2,TRUE,color & material,material
participant024,list4,high,description,base,green wood,sound,#4ff889,critical,metal_wood_08,wood,green,TRUE,2,TRUE,color & material,color
participant024,list4,low,description,irrelevant,green metal,color,#4ff889,critical,metal_wood_06,wood,green,TRUE,2,TRUE,color & material,material
participant024,list4,low,description,relevant,green metal,sound,#4ff889,critical,metal_wood_05,metal,green,TRUE,2,TRUE,color & material,color
participant024,list4,low,description,irrelevant,blue wood,color,#4fc0f8,critical,metal_wood_06,wood,blue,TRUE,2,TRUE,color & material,material
participant024,list4,high,description,base,green wood,sound,#4ff889,critical,metal_wood_09,wood,green,TRUE,2,TRUE,color & material,color
participant027,list3,high,description,relevant,the wooden bat,sound,#4fc0f8,filler,metal_wood_09,wood,blue,TRUE,1,FALSE,material,NA
participant027,list3,low,description,relevant,the wooden bat,sound,#4fc0f8,critical,metal_wood_07,wood,blue,TRUE,1,FALSE,material,NA
participant027,list3,low,description,irrelevant,the metal bat,sound,#53e9e4,critical,metal_wood_00,metal,NA,TRUE,1,FALSE,material,NA
participant027,list3,low,description,irrelevant,the green bat,color,#4ff889,critical,metal_wood_04,metal,green,TRUE,1,FALSE,color,NA
participant027,list3,high,description,base,the blue bat,color,#4fc0f8,critical,metal_wood_09,wood,blue,TRUE,1,FALSE,color,NA
participant027,list3,high,description,relevant,the wooden blue bat,sound,#4fc0f8,filler,metal_wood_09,wood,blue,TRUE,2,TRUE,color & material,color
participant027,list3,low,description,irrelevant,the metal bat,sound,#52f8c8,critical,metal_wood_01,metal,green,TRUE,1,FALSE,material,NA
participant027,list3,high,description,base,the blue bat,color,#4fc0f8,critical,metal_wood_01,metal,blue,TRUE,1,FALSE,color,NA
participant027,list3,low,description,relevant,the blue bat,color,#53e9e4,critical,metal_wood_09,wood,NA,TRUE,1,FALSE,color,NA
participant027,list3,low,description,irrelevant,the blue bat,color,#4fc0f8,critical,metal_wood_07,wood,blue,TRUE,1,FALSE,color,NA
participant027,list3,low,description,relevant,the blue bat,color,#53e9e4,critical,metal_wood_01,metal,NA,TRUE,1,FALSE,color,NA
participant027,list3,low,description,relevant,the blue bat,color,#53e9e4,critical,metal_wood_09,wood,NA,TRUE,1,FALSE,color,NA
participant027,list3,high,description,base,the blue metal bat,sound,#4fc0f8,critical,metal_wood_00,metal,blue,TRUE,2,TRUE,color & material,color
participant027,list3,high,description,relevant,the green metal bat,sound,#4ff889,filler,metal_wood_00,metal,green,TRUE,2,TRUE,color & material,color
participant027,list3,low,description,irrelevant,the blue bat,color,#4fc0f8,critical,metal_wood_04,metal,blue,TRUE,1,FALSE,color,NA
participant027,list3,low,description,irrelevant,the blue bat,color,#4fc0f8,critical,metal_wood_07,wood,blue,TRUE,1,FALSE,color,NA
participant027,list3,high,description,relevant,the green bat,color,#4ff889,filler,metal_wood_01,metal,green,TRUE,1,FALSE,color,NA
participant027,list3,low,description,relevant,the green bat,color,#52f8c8,critical,metal_wood_01,metal,green,TRUE,1,FALSE,color,NA
participant027,list3,low,description,irrelevant,the blue wooden bat,sound,#52f8c8,critical,metal_wood_00,metal,green,FALSE,2,TRUE,color & material,color
participant027,list3,high,description,relevant,the green bat,color,#4ff889,filler,metal_wood_09,wood,green,TRUE,1,FALSE,color,NA
participant027,list3,high,description,base,the blue bat,color,#4fc0f8,critical,metal_wood_00,metal,blue,TRUE,1,FALSE,color,NA
participant027,list3,low,description,relevant,the wooden blue bat,color,#52f8c8,critical,metal_wood_09,wood,green,FALSE,2,TRUE,color & material,material
participant027,list3,low,description,relevant,the green wooden bat,sound,#4ff889,critical,metal_wood_07,wood,green,TRUE,2,TRUE,color & material,color
participant027,list3,low,description,relevant,the blue wooden bat,sound,#4fc0f8,critical,metal_wood_04,metal,blue,FALSE,2,TRUE,color & material,color
participant027,list3,low,description,irrelevant,the green metal bat,sound,#52f8c8,critical,metal_wood_00,metal,green,TRUE,2,TRUE,color & material,color
participant027,list3,high,description,base,the blue wooden bat,sound,#4fc0f8,critical,metal_wood_09,wood,blue,TRUE,2,TRUE,color & material,color
participant027,list3,low,description,irrelevant,the green metal bat,color,#4ff889,critical,metal_wood_07,wood,green,TRUE,2,TRUE,color & material,material
participant027,list3,high,description,relevant,the green metal bat,sound,#4ff889,filler,metal_wood_01,metal,green,TRUE,2,TRUE,color & material,color
participant027,list3,low,description,relevant,the blue bat,color,#53e9e4,critical,metal_wood_00,metal,NA,TRUE,1,FALSE,color,NA
participant027,list3,high,description,relevant,the blue bat,color,#4fc0f8,filler,metal_wood_08,wood,blue,TRUE,1,FALSE,color,NA
participant027,list3,low,description,relevant,the blue metal bat,sound,#4fc0f8,critical,metal_wood_04,metal,blue,TRUE,2,TRUE,color & material,color
participant027,list3,high,description,base,the blue wooden bat,sound,#4fc0f8,critical,metal_wood_08,wood,blue,TRUE,2,TRUE,color & material,color
participant027,list3,high,description,base,the green bat,color,#4ff889,critical,metal_wood_09,wood,green,TRUE,1,FALSE,color,NA
participant027,list3,low,description,irrelevant,the green bat,color,#4ff889,critical,metal_wood_04,metal,green,TRUE,1,FALSE,color,NA
participant027,list3,high,description,base,the green wooden bat,sound,#4ff889,critical,metal_wood_09,wood,green,TRUE,2,TRUE,color & material,color
participant027,list3,low,description,relevant,the green bat,color,#52f8c8,critical,metal_wood_00,metal,green,TRUE,1,FALSE,color,NA
participant027,list3,low,description,irrelevant,the green wooden bat,sound,#52f8c8,critical,metal_wood_09,wood,green,TRUE,2,TRUE,color & material,color
participant027,list3,high,description,relevant,the blue bat,color,#4fc0f8,filler,metal_wood_09,wood,blue,TRUE,1,FALSE,color,NA
participant027,list3,high,description,base,the green bat,color,#4ff889,critical,metal_wood_09,wood,green,TRUE,1,FALSE,color,NA
participant027,list3,low,description,irrelevant,the green bat,color,#4ff889,critical,metal_wood_04,metal,green,TRUE,1,FALSE,color,NA
participant027,list3,high,description,relevant,the green bat,color,#4ff889,filler,metal_wood_08,wood,green,TRUE,1,FALSE,color,NA
participant027,list3,low,description,irrelevant,the blue wooden bat,sound,#53e9e4,critical,metal_wood_09,wood,NA,TRUE,2,TRUE,color & material,color
participant027,list3,low,description,relevant,the green bat,color,#52f8c8,critical,metal_wood_09,wood,green,TRUE,1,FALSE,color,NA
participant027,list3,high,description,base,the blue metal bat,sound,#4fc0f8,critical,metal_wood_01,metal,blue,TRUE,2,TRUE,color & material,color
participant027,list3,high,description,relevant,the green wooden bat,sound,#4ff889,filler,metal_wood_08,wood,green,TRUE,2,TRUE,color & material,color
participant027,list3,low,description,irrelevant,the blue metal bat,sound,#53e9e4,critical,metal_wood_01,metal,NA,TRUE,2,TRUE,color & material,color
participant027,list3,low,description,relevant,the green wooden bat,sound,#4ff889,critical,metal_wood_07,wood,green,TRUE,2,TRUE,color & material,color
participant027,list3,high,description,base,the blue metal bat,sound,#4fc0f8,critical,metal_wood_00,metal,blue,TRUE,2,TRUE,color & material,color
participant027,list3,high,description,base,the green bat,color,#4ff889,critical,metal_wood_01,metal,green,TRUE,1,FALSE,color,NA
participant027,list3,high,description,relevant,the blue bat,color,#4fc0f8,filler,metal_wood_00,metal,blue,TRUE,1,FALSE,color,NA
participant027,list3,high,description,base,the green bat,color,#4ff889,critical,metal_wood_00,metal,green,TRUE,1,FALSE,color,NA
participant027,list3,low,description,irrelevant,the blue metal bat,sound,#53e9e4,critical,metal_wood_01,metal,NA,TRUE,2,TRUE,color & material,color
participant027,list3,high,description,base,the green metal bat,sound,#4ff889,critical,metal_wood_01,metal,green,TRUE,2,TRUE,color & material,color
participant027,list3,low,description,irrelevant,the green bat,color,#4ff889,critical,metal_wood_07,wood,green,TRUE,1,FALSE,color,NA
participant028,list3,high,description,relevant,the blue bat,color,#4fc0f8,filler,metal_wood_00,NA,blue,TRUE,1,FALSE,color,NA
participant028,list3,high,description,relevant,the metal bat,sound,#4ff889,filler,metal_wood_00,NA,green,TRUE,1,FALSE,material,NA
participant028,list3,high,description,base,the wood bat,sound,#4ff889,critical,metal_wood_09,NA,green,TRUE,1,FALSE,material,NA
participant028,list3,low,description,relevant,the wood bat,sound,#4fc0f8,critical,metal_wood_06,wood,blue,TRUE,1,FALSE,material,NA
participant028,list3,low,description,irrelevant,the wood bat,sound,#50f5de,critical,metal_wood_09,NA,blue,TRUE,1,FALSE,material,NA
participant028,list3,low,description,irrelevant,the green bat,color,#4ff889,critical,metal_wood_06,wood,green,TRUE,1,FALSE,color,NA
participant028,list3,high,description,base,the metal bat,sound,#4fc0f8,critical,metal_wood_00,NA,blue,TRUE,1,FALSE,material,NA
participant028,list3,high,description,base,the green bat,color,#4ff889,critical,metal_wood_09,NA,green,TRUE,1,FALSE,color,NA
participant028,list3,high,description,base,the wood green bat,sound,#4ff889,critical,metal_wood_09,NA,green,TRUE,2,TRUE,color & material,color
participant028,list3,low,description,relevant,the blue bat,color,#50f5de,critical,metal_wood_00,NA,blue,TRUE,1,FALSE,color,NA
participant028,list3,low,description,irrelevant,the blue bat,color,#4fc0f8,critical,metal_wood_03,metal,blue,TRUE,1,FALSE,color,NA
participant028,list3,low,description,relevant,the metal bat,sound,#4ff889,critical,metal_wood_03,metal,green,TRUE,1,FALSE,material,NA
participant028,list3,low,description,irrelevant,the green bat,color,#4ff889,critical,metal_wood_03,metal,green,TRUE,1,FALSE,color,NA
participant028,list3,high,description,base,the blue bat,color,#4fc0f8,critical,metal_wood_00,NA,blue,TRUE,1,FALSE,color,NA
participant028,list3,low,description,relevant,the wood bat,sound,#4ff889,critical,metal_wood_06,wood,green,TRUE,1,FALSE,material,NA
participant028,list3,low,description,relevant,the metal bat,sound,#4fc0f8,critical,metal_wood_03,metal,blue,TRUE,1,FALSE,material,NA
participant028,list3,low,description,irrelevant,the metal bat,sound,#50f5de,critical,metal_wood_00,NA,blue,TRUE,1,FALSE,material,NA
participant028,list3,low,description,relevant,the green bat,color,#50f8d5,critical,metal_wood_00,NA,green,TRUE,1,FALSE,color,NA
participant028,list3,high,description,base,the blue bat,color,#4fc0f8,critical,metal_wood_00,NA,blue,TRUE,1,FALSE,color,NA
participant028,list3,low,description,relevant,the wood bat,sound,#4ff889,critical,metal_wood_06,wood,green,TRUE,1,FALSE,material,NA
participant028,list3,high,description,relevant,the green bat,color,#4ff889,filler,metal_wood_00,NA,green,TRUE,1,FALSE,color,NA
participant028,list3,low,description,irrelevant,the wood bat,sound,#50f5de,critical,metal_wood_09,NA,blue,TRUE,1,FALSE,material,NA
participant028,list3,high,description,relevant,the metal bat,sound,#4ff889,filler,metal_wood_00,NA,green,TRUE,1,FALSE,material,NA
participant028,list3,high,description,relevant,the blue bat,color,#4fc0f8,filler,metal_wood_00,NA,blue,TRUE,1,FALSE,color,NA
participant028,list3,low,description,irrelevant,the wood bat,sound,#50f5de,critical,metal_wood_09,NA,blue,TRUE,1,FALSE,material,NA
participant028,list3,low,description,irrelevant,the blue bat,color,#4fc0f8,critical,metal_wood_03,metal,blue,TRUE,1,FALSE,color,NA
participant028,list3,high,description,base,the metal bat,sound,#4ff889,critical,metal_wood_00,NA,green,TRUE,1,FALSE,material,NA
participant028,list3,low,description,relevant,the green bat,color,#50f8d5,critical,metal_wood_00,NA,green,TRUE,1,FALSE,color,NA
participant028,list3,low,description,relevant,the green bat,color,#50f8d5,critical,metal_wood_09,NA,green,TRUE,1,FALSE,color,NA
participant028,list3,low,description,irrelevant,the wood bat,sound,#50f8d5,critical,metal_wood_09,NA,green,TRUE,1,FALSE,material,NA
participant028,list3,high,description,base,the metal bat,sound,#4fc0f8,critical,metal_wood_00,NA,blue,TRUE,1,FALSE,material,NA
participant028,list3,high,description,relevant,the green bat,color,#4ff889,filler,metal_wood_00,NA,green,TRUE,1,FALSE,color,NA
participant028,list3,low,description,relevant,the metal bat,sound,#4ff889,critical,metal_wood_03,metal,green,TRUE,1,FALSE,material,NA
participant028,list3,high,description,base,the blue bat,color,#4fc0f8,critical,metal_wood_00,NA,blue,TRUE,1,FALSE,color,NA
participant028,list3,low,description,relevant,the green bat,color,#50f8d5,critical,metal_wood_00,NA,green,TRUE,1,FALSE,color,NA
participant028,list3,high,description,relevant,the wood bat,sound,#4ff889,filler,metal_wood_09,NA,green,TRUE,1,FALSE,material,NA
participant028,list3,low,description,irrelevant,the metal bat,sound,#50f8d5,critical,metal_wood_00,NA,green,TRUE,1,FALSE,material,NA
participant028,list3,low,description,relevant,the metal bat,sound,#4fc0f8,critical,metal_wood_03,metal,blue,TRUE,1,FALSE,material,NA
participant028,list3,high,description,relevant,the blue bat,color,#4fc0f8,filler,metal_wood_00,NA,blue,TRUE,1,FALSE,color,NA
participant028,list3,high,description,relevant,the wood bat,sound,#4fc0f8,filler,metal_wood_09,NA,blue,TRUE,1,FALSE,material,NA
participant028,list3,high,description,relevant,the green bat,color,#4ff889,filler,metal_wood_09,NA,green,TRUE,1,FALSE,color,NA
participant028,list3,high,description,base,the blue bat,color,#4fc0f8,critical,metal_wood_09,NA,blue,TRUE,1,FALSE,color,NA
participant028,list3,low,description,irrelevant,the blue bat,color,#4fc0f8,critical,metal_wood_06,wood,blue,TRUE,1,FALSE,color,NA
participant028,list3,low,description,irrelevant,the green bat,color,#4ff889,critical,metal_wood_03,metal,green,TRUE,1,FALSE,color,NA
participant028,list3,high,description,base,the wood bat,sound,#4fc0f8,critical,metal_wood_09,NA,blue,TRUE,1,FALSE,material,NA
participant028,list3,high,description,base,the green bat,color,#4ff889,critical,metal_wood_00,NA,green,TRUE,1,FALSE,color,NA
participant028,list3,low,description,relevant,the wood bat,sound,#4ff889,critical,metal_wood_06,wood,green,TRUE,1,FALSE,material,NA
participant028,list3,high,description,relevant,the metal bat,sound,#4ff889,filler,metal_wood_00,NA,green,TRUE,1,FALSE,material,NA
participant028,list3,low,description,irrelevant,the wood bat,sound,#50f8d5,critical,metal_wood_09,NA,green,TRUE,1,FALSE,material,NA
participant028,list3,high,description,relevant,the wood bat,sound,#4fc0f8,filler,metal_wood_09,NA,blue,TRUE,1,FALSE,material,NA
participant028,list3,low,description,relevant,the blue bat,color,#50f5de,critical,metal_wood_09,NA,blue,TRUE,1,FALSE,color,NA
participant028,list3,low,description,irrelevant,the metal bat,sound,#50f8d5,critical,metal_wood_00,NA,green,TRUE,1,FALSE,material,NA
participant028,list3,low,description,relevant,the blue bat,color,#50f5de,critical,metal_wood_00,NA,blue,TRUE,1,FALSE,color,NA
participant028,list3,high,description,base,the wood bat,sound,#4ff889,critical,metal_wood_09,NA,green,TRUE,1,FALSE,material,NA
participant028,list3,low,description,relevant,the blue bat,color,#50f5de,critical,metal_wood_00,NA,blue,TRUE,1,FALSE,color,NA
participant028,list3,high,description,base,the green bat,color,#4ff889,critical,metal_wood_00,NA,green,TRUE,1,FALSE,color,NA
participant028,list3,low,description,irrelevant,the green bat,color,#4ff889,critical,metal_wood_06,wood,green,TRUE,1,FALSE,color,NA
participant028,list3,high,description,base,the green bat,color,#4ff889,critical,metal_wood_00,NA,green,TRUE,1,FALSE,color,NA
participant028,list3,high,description,base,the metal bat,sound,#4ff889,critical,metal_wood_00,NA,green,TRUE,1,FALSE,material,NA
participant029,list1,high,description,relevant,orange metal bat,sound,#f8884f,filler,metal_wood_01,metal,orange,TRUE,2,TRUE,color & material,color
participant029,list1,high,description,relevant,orange metal bat,sound,#f8884f,filler,metal_wood_01,metal,orange,TRUE,2,TRUE,color & material,color
participant029,list1,high,description,base,orange wood bat,sound,#f8884f,critical,metal_wood_09,wood,orange,TRUE,2,TRUE,color & material,color
participant029,list1,high,description,relevant,wooden bat,sound,#f8dc4f,filler,metal_wood_08,wood,yellow,TRUE,1,FALSE,material,NA
participant029,list1,low,description,irrelevant,orange bat,color,#f8884f,critical,metal_wood_05,wood,orange,TRUE,1,FALSE,color,NA
participant029,list1,high,description,base,wooden bat,sound,#f8884f,critical,metal_wood_09,wood,orange,TRUE,1,FALSE,material,NA
participant029,list1,low,description,irrelevant,orange metal bat,sound,#fab650,critical,metal_wood_00,metal,orange,TRUE,2,TRUE,color & material,color
participant029,list1,low,description,relevant,orange bat,color,#fab650,critical,metal_wood_01,metal,orange,TRUE,1,FALSE,color,NA
participant029,list1,low,description,relevant,yellow bat,color,#fac250,critical,metal_wood_08,wood,yellow,TRUE,1,FALSE,color,NA
participant029,list1,low,description,irrelevant,orange bat,color,#f8884f,critical,metal_wood_03,metal,orange,TRUE,1,FALSE,color,NA
participant029,list1,low,description,relevant,yellow bat,color,#fac250,critical,metal_wood_09,wood,yellow,TRUE,1,FALSE,color,NA
participant029,list1,high,description,base,yellow bat,color,#f8dc4f,critical,metal_wood_01,metal,yellow,TRUE,1,FALSE,color,NA
participant029,list1,low,description,relevant,wood bat,sound,#f8884f,critical,metal_wood_05,wood,orange,TRUE,1,FALSE,material,NA
participant029,list1,high,description,relevant,yellow bat,color,#f8dc4f,filler,metal_wood_09,wood,yellow,TRUE,1,FALSE,color,NA
participant029,list1,low,description,irrelevant,orange bat,color,#f8884f,critical,metal_wood_03,metal,orange,TRUE,1,FALSE,color,NA
participant029,list1,high,description,relevant,wood bat,sound,#f8dc4f,filler,metal_wood_09,wood,yellow,TRUE,1,FALSE,material,NA
participant029,list1,low,description,relevant,yellow bat,color,#fac250,critical,metal_wood_01,metal,yellow,TRUE,1,FALSE,color,NA
participant029,list1,low,description,relevant,orange bat,color,#fab650,critical,metal_wood_00,metal,orange,TRUE,1,FALSE,color,NA
participant029,list1,low,description,relevant,wood bat,sound,#f8dc4f,critical,metal_wood_05,wood,yellow,TRUE,1,FALSE,material,NA
participant029,list1,high,description,relevant,orange bat,color,#f8884f,filler,metal_wood_00,metal,orange,TRUE,1,FALSE,color,NA
participant029,list1,low,description,relevant,wood bat,sound,#f8884f,critical,metal_wood_05,wood,orange,TRUE,1,FALSE,material,NA
participant029,list1,high,description,base,orange bat,color,#f8884f,critical,metal_wood_01,metal,orange,TRUE,1,FALSE,color,NA
participant029,list1,low,description,relevant,orange bat,color,#fab650,critical,metal_wood_09,wood,orange,TRUE,1,FALSE,color,NA
participant029,list1,low,description,irrelevant,orange bat,color,#f8884f,critical,metal_wood_05,wood,orange,TRUE,1,FALSE,color,NA
participant029,list1,high,description,base,orange bat,color,#f8884f,critical,metal_wood_00,metal,orange,TRUE,1,FALSE,color,NA
participant029,list1,low,description,relevant,yellow bat,color,#fac250,critical,metal_wood_01,metal,yellow,TRUE,1,FALSE,color,NA
participant029,list1,low,description,relevant,metal bat,sound,#f8dc4f,critical,metal_wood_03,metal,yellow,TRUE,1,FALSE,material,NA
participant029,list1,high,description,base,metal bat,sound,#f8dc4f,critical,metal_wood_00,metal,yellow,TRUE,1,FALSE,material,NA
participant029,list1,low,description,irrelevant,metal bat,sound,#fac250,critical,metal_wood_01,metal,yellow,TRUE,1,FALSE,material,NA
participant029,list1,high,description,relevant,orange bat,color,#f8884f,filler,metal_wood_09,wood,orange,TRUE,1,FALSE,color,NA
participant029,list1,high,description,base,metal bat,sound,#f8dc4f,critical,metal_wood_01,metal,yellow,TRUE,1,FALSE,material,NA
participant029,list1,high,description,relevant,yellow bat,color,#f8dc4f,filler,metal_wood_01,metal,yellow,TRUE,1,FALSE,color,NA
participant029,list1,low,description,relevant,metal bat,sound,#f8dc4f,critical,metal_wood_03,metal,yellow,TRUE,1,FALSE,material,NA
participant029,list1,low,description,irrelevant,orange metal bat,sound,#fab650,critical,metal_wood_01,metal,orange,TRUE,2,TRUE,color & material,color
participant029,list1,low,description,irrelevant,yellow wood bat,sound,#fac250,critical,metal_wood_09,wood,yellow,TRUE,2,TRUE,color & material,color
participant029,list1,low,description,irrelevant,orange metal bat,sound,#fac250,critical,metal_wood_00,metal,yellow,TRUE,2,TRUE,color & material,color
participant029,list1,high,description,relevant,yellow wood bat,sound,#f8dc4f,filler,metal_wood_09,wood,yellow,TRUE,2,TRUE,color & material,color
participant029,list1,low,description,irrelevant,yellow metal bat,sound,#fac250,critical,metal_wood_00,metal,yellow,TRUE,2,TRUE,color & material,color
participant029,list1,low,description,irrelevant,yellow bat,color,#f8dc4f,critical,metal_wood_03,metal,yellow,TRUE,1,FALSE,color,NA
participant029,list1,high,description,base,yellow bat,color,#f8dc4f,critical,metal_wood_09,wood,yellow,TRUE,1,FALSE,color,NA
participant029,list1,low,description,irrelevant,orange bat,color,#f8884f,critical,metal_wood_03,metal,orange,TRUE,1,FALSE,color,NA
participant029,list1,low,description,irrelevant,metal bat,sound,#fab650,critical,metal_wood_01,metal,orange,TRUE,1,FALSE,material,NA
participant029,list1,high,description,base,metal bat,sound,#f8dc4f,critical,metal_wood_00,metal,yellow,TRUE,1,FALSE,material,NA
participant029,list1,high,description,base,yellow bat,color,#f8dc4f,critical,metal_wood_09,wood,yellow,TRUE,1,FALSE,color,NA
participant029,list1,low,description,irrelevant,yellow bat,color,#f8dc4f,critical,metal_wood_05,wood,yellow,TRUE,1,FALSE,color,NA
participant029,list1,high,description,base,metal bat,sound,#f8884f,critical,metal_wood_00,metal,orange,TRUE,1,FALSE,material,NA
participant029,list1,low,description,irrelevant,orange bat,color,#f8884f,critical,metal_wood_05,wood,orange,TRUE,1,FALSE,color,NA
participant029,list1,high,description,base,wood bat,sound,#f8884f,critical,metal_wood_08,wood,orange,TRUE,1,FALSE,material,NA
participant029,list1,high,description,relevant,orange bat,color,#f8884f,filler,metal_wood_09,wood,orange,TRUE,1,FALSE,color,NA
participant029,list1,high,description,relevant,metal bat,sound,#f8dc4f,filler,metal_wood_01,metal,yellow,TRUE,1,FALSE,material,NA
participant029,list1,high,description,base,wood bat,sound,#f8dc4f,critical,metal_wood_08,wood,yellow,TRUE,1,FALSE,material,NA
participant029,list1,high,description,base,yellow bat,color,#f8dc4f,critical,metal_wood_01,metal,yellow,TRUE,1,FALSE,color,NA
participant029,list1,high,description,base,orange bat,color,#f8884f,critical,metal_wood_00,metal,orange,TRUE,1,FALSE,color,NA
participant029,list1,low,description,relevant,metal bat,sound,#f8dc4f,critical,metal_wood_03,metal,yellow,TRUE,1,FALSE,material,NA
participant029,list1,high,description,relevant,yellow bat,color,#f8dc4f,filler,metal_wood_09,wood,yellow,TRUE,1,FALSE,color,NA
participant029,list1,low,description,relevant,metal bat,sound,#f8884f,critical,metal_wood_03,metal,orange,TRUE,1,FALSE,material,NA
participant029,list1,low,description,irrelevant,wood bat,sound,#fab650,critical,metal_wood_09,wood,orange,TRUE,1,FALSE,material,NA
participant029,list1,high,description,base,orange bat,color,#f8884f,critical,metal_wood_09,wood,orange,TRUE,1,FALSE,color,NA
participant029,list1,low,description,relevant,orange bat,color,#fab650,critical,metal_wood_00,metal,orange,TRUE,1,FALSE,color,NA
participant030,list4,low,description,relevant,blue and wood bat,color,#51f2df,critical,metal_wood_01,metal,blue,TRUE,3,TRUE,color & material,material
participant030,list4,low,description,irrelevant,green and metal bat,sound,#52f8c8,critical,metal_wood_09,wood,green,FALSE,3,TRUE,color & material,color
participant030,list4,high,description,relevant,blue and wood bat,sound,#4fc0f8,filler,metal_wood_08,wood,blue,TRUE,3,TRUE,color & material,color
participant030,list4,low,description,relevant,blue and metal bat,color,#51f2df,critical,metal_wood_08,wood,blue,TRUE,3,TRUE,color & material,material
participant030,list4,low,description,relevant,the blue and metal bat,color,#52f8c8,critical,metal_wood_01,metal,green,FALSE,3,TRUE,color & material,material
participant030,list4,low,description,irrelevant,blue and wood bat,color,#4ff889,critical,metal_wood_06,NA,green,TRUE,3,TRUE,color & material,material
participant030,list4,high,description,base,green and metal bat,sound,#4ff889,critical,metal_wood_01,metal,green,TRUE,3,TRUE,color & material,color
participant030,list4,high,description,base,green and metal bat,color,#4ff889,critical,metal_wood_01,metal,green,TRUE,3,TRUE,color & material,material
participant030,list4,high,description,base,blue and wood bat,sound,#4fc0f8,critical,metal_wood_08,wood,blue,TRUE,3,TRUE,color & material,color
participant030,list4,high,description,relevant,green and metal bat,sound,#4ff889,filler,metal_wood_00,metal,green,TRUE,3,TRUE,color & material,color
participant030,list4,low,description,irrelevant,green and wood bat,color,#4ff889,critical,metal_wood_08,wood,green,TRUE,3,TRUE,color & material,material
participant030,list4,low,description,irrelevant,green and wood bat,color,#4ff889,critical,metal_wood_08,wood,green,TRUE,3,TRUE,color & material,material
participant030,list4,high,description,relevant,blue and wood,color,#4fc0f8,filler,metal_wood_08,wood,blue,TRUE,3,TRUE,color & material,material
participant030,list4,low,description,irrelevant,blue and metal,color,#4fc0f8,critical,metal_wood_06,NA,blue,TRUE,3,TRUE,color & material,material
participant030,list4,low,description,irrelevant,green and metal,sound,#52f8c8,critical,metal_wood_00,metal,green,TRUE,3,TRUE,color & material,color
participant030,list4,high,description,base,green and wood,sound,#4ff889,critical,metal_wood_08,wood,green,TRUE,3,TRUE,color & material,color
participant030,list4,low,description,irrelevant,green and wood,color,#4ff889,critical,metal_wood_08,wood,green,TRUE,3,TRUE,color & material,material
participant030,list4,high,description,base,green and metal,sound,#4ff889,critical,metal_wood_00,metal,green,TRUE,3,TRUE,color & material,color
participant030,list4,low,description,relevant,green and metal,sound,#4ff889,critical,metal_wood_06,NA,green,TRUE,3,TRUE,color & material,color
participant030,list4,low,description,relevant,green and wood,color,#52f8c8,critical,metal_wood_09,wood,green,TRUE,3,TRUE,color & material,material
participant030,list4,low,description,relevant,blue and wood,color,#51f2df,critical,metal_wood_09,wood,blue,TRUE,3,TRUE,color & material,material
participant030,list4,low,description,relevant,green metal,sound,#4ff889,critical,metal_wood_06,NA,green,TRUE,2,TRUE,color & material,color
participant030,list4,high,description,base,blue wood,color,#4fc0f8,critical,metal_wood_08,wood,blue,TRUE,2,TRUE,color & material,material
participant030,list4,low,description,relevant,green metal,sound,#4ff889,critical,metal_wood_06,NA,green,TRUE,2,TRUE,color & material,color
participant030,list4,high,description,relevant,green wood,sound,#4ff889,filler,metal_wood_09,wood,green,TRUE,2,TRUE,color & material,color
participant030,list4,low,description,irrelevant,blue metal,color,#4fc0f8,critical,metal_wood_06,NA,blue,TRUE,2,TRUE,color & material,material
participant030,list4,low,description,relevant,blue wood,sound,#4fc0f8,critical,metal_wood_08,wood,blue,TRUE,2,TRUE,color & material,color
participant030,list4,low,description,relevant,green metal,color,#52f8c8,critical,metal_wood_01,metal,green,TRUE,2,TRUE,color & material,material
participant030,list4,low,description,relevant,green wood,sound,#4ff889,critical,metal_wood_08,wood,green,TRUE,2,TRUE,color & material,color
participant030,list4,low,description,irrelevant,green wood,sound,#52f8c8,critical,metal_wood_09,wood,green,TRUE,2,TRUE,color & material,color
participant030,list4,high,description,relevant,blue metal,sound,#4fc0f8,filler,metal_wood_00,metal,blue,TRUE,2,TRUE,color & material,color
participant030,list4,high,description,base,green metal,color,#4ff889,critical,metal_wood_01,metal,green,TRUE,2,TRUE,color & material,material
participant030,list4,high,description,base,blue wooden bat,color,#4fc0f8,critical,metal_wood_09,wood,blue,TRUE,2,TRUE,color & material,material
participant030,list4,high,description,base,green wooden bat,color,#4ff889,critical,metal_wood_09,wood,green,TRUE,2,TRUE,color & material,material
participant030,list4,low,description,irrelevant,blue metal bat,sound,#51f2df,critical,metal_wood_00,metal,blue,TRUE,2,TRUE,color & material,color
participant030,list4,high,description,relevant,green wooden bat,color,#4ff889,filler,metal_wood_09,wood,green,TRUE,2,TRUE,color & material,material
participant030,list4,low,description,irrelevant,green wooden bat,sound,#52f8c8,critical,metal_wood_09,wood,green,TRUE,2,TRUE,color & material,color
participant030,list4,high,description,relevant,green metal,sound,#4ff889,filler,metal_wood_01,metal,green,TRUE,2,TRUE,color & material,color
participant030,list4,low,description,irrelevant,blue wood bat,color,#4fc0f8,critical,metal_wood_08,wood,blue,TRUE,2,TRUE,color & material,material
participant030,list4,high,description,base,blue wood bat,color,#4fc0f8,critical,metal_wood_08,wood,blue,TRUE,2,TRUE,color & material,material
participant030,list4,low,description,irrelevant,blue metal,sound,#51f2df,critical,metal_wood_01,metal,blue,TRUE,2,TRUE,color & material,color
participant030,list4,high,description,base,green wood bat,color,#4ff889,critical,metal_wood_08,wood,green,TRUE,2,TRUE,color & material,material
participant030,list4,low,description,relevant,blue wood bat,sound,#4fc0f8,critical,metal_wood_08,wood,blue,TRUE,2,TRUE,color & material,color
participant030,list4,high,description,base,green metal bat,sound,#4ff889,critical,metal_wood_01,metal,green,TRUE,2,TRUE,color & material,color
participant030,list4,high,description,base,green metal bat,sound,#4ff889,critical,metal_wood_00,metal,green,TRUE,2,TRUE,color & material,color
participant030,list4,low,description,relevant,green wood bat,color,#52f8c8,critical,metal_wood_09,wood,green,TRUE,2,TRUE,color & material,material
participant030,list4,low,description,relevant,green metal bat,sound,#4ff889,critical,metal_wood_06,NA,green,TRUE,2,TRUE,color & material,color
participant030,list4,low,description,relevant,blue wood bat,sound,#4fc0f8,critical,metal_wood_08,wood,blue,TRUE,2,TRUE,color & material,color
participant030,list4,low,description,irrelevant,green wood,color,#4ff889,critical,metal_wood_06,NA,green,TRUE,2,TRUE,color & material,material
participant030,list4,high,description,relevant,green wood,sound,#4ff889,filler,metal_wood_08,wood,green,TRUE,2,TRUE,color & material,color
participant030,list4,high,description,base,blue metal bat ,color,#4fc0f8,critical,metal_wood_01,metal,blue,TRUE,2,TRUE,color & material,material
participant030,list4,high,description,relevant,blue wood bat,color,#4fc0f8,filler,metal_wood_08,wood,blue,TRUE,2,TRUE,color & material,material
participant030,list4,low,description,irrelevant,blue wood,sound,#51f2df,critical,metal_wood_09,wood,blue,TRUE,2,TRUE,color & material,color
participant030,list4,high,description,relevant,green metal,color,#4ff889,filler,metal_wood_01,metal,green,TRUE,2,TRUE,color & material,material
participant030,list4,low,description,relevant,blue wood bat,color,#51f2df,critical,metal_wood_08,wood,blue,TRUE,2,TRUE,color & material,material
participant030,list4,low,description,irrelevant,blue wood bat,sound,#51f2df,critical,metal_wood_08,wood,blue,TRUE,2,TRUE,color & material,color
participant031,list4,high,description,relevant,the wooden bat,sound,#4ff889,filler,metal_wood_08,wood,green,TRUE,1,FALSE,material,NA
participant031,list4,high,description,relevant,the blue wooden bat,color,#4fc0f8,filler,metal_wood_01,metal,blue,TRUE,2,TRUE,color & material,material
participant031,list4,low,description,relevant,the blue woooden bat,color,#53e9e4,critical,metal_wood_01,metal,blue,TRUE,2,TRUE,color & material,material
participant031,list4,low,description,irrelevant,the green bat,color,#4ff889,critical,metal_wood_05,wood,green,TRUE,1,FALSE,color,NA
participant031,list4,low,description,irrelevant,the blue wooden bath,color,#4fc0f8,critical,metal_wood_05,wood,blue,TRUE,3,TRUE,color & material,material
participant031,list4,high,description,base,the blue wooden bat,sound,#4fc0f8,critical,metal_wood_09,wood,blue,TRUE,2,TRUE,color & material,color
participant031,list4,low,description,irrelevant,the green bath,color,#4ff889,critical,metal_wood_05,wood,green,TRUE,2,TRUE,color,material
participant031,list4,low,description,relevant,the blue bat,color,#53e9e4,critical,metal_wood_09,wood,blue,TRUE,1,FALSE,color,NA
participant031,list4,high,description,relevant,the green metal bat,sound,#4ff889,filler,metal_wood_00,metal,green,TRUE,2,TRUE,color & material,color
participant031,list4,low,description,relevant,the blue wooden bat,sound,#4ff889,critical,metal_wood_04,metal,green,FALSE,2,TRUE,color & material,color
participant031,list4,high,description,relevant,the blue wooden bat,color,#4fc0f8,filler,metal_wood_08,wood,blue,TRUE,2,TRUE,color & material,material
participant031,list4,low,description,irrelevant,the green bat,color,#4ff889,critical,metal_wood_04,metal,green,TRUE,1,FALSE,color,NA
participant031,list4,high,description,base,the green metal bat,sound,#4fc0f8,critical,metal_wood_00,metal,blue,TRUE,2,TRUE,color & material,color
participant031,list4,low,description,irrelevant,the green metal bath,sound,#50f8d5,critical,metal_wood_01,metal,NA,TRUE,3,TRUE,color & material,color
participant031,list4,low,description,relevant,the blue metal bath,color,#50f8d5,critical,metal_wood_08,wood,NA,TRUE,3,TRUE,color & material,material
participant031,list4,high,description,base,the green metal bat,sound,#4ff889,critical,metal_wood_01,metal,green,TRUE,2,TRUE,color & material,color
participant031,list4,low,description,irrelevant,the green bath,color,#4ff889,critical,metal_wood_04,metal,green,TRUE,2,TRUE,color,material
participant031,list4,high,description,relevant,the green bat,color,#4ff889,filler,metal_wood_09,wood,green,TRUE,1,FALSE,color,NA
participant031,list4,high,description,base,the blue bat,color,#4fc0f8,critical,metal_wood_01,metal,blue,TRUE,1,FALSE,color,NA
participant031,list4,low,description,irrelevant,the blue wooden bat,sound,#53e9e4,critical,metal_wood_08,wood,blue,TRUE,2,TRUE,color & material,color
participant031,list4,low,description,irrelevant,the blue wooden bat,sound,#53e9e4,critical,metal_wood_09,wood,blue,TRUE,2,TRUE,color & material,color
participant031,list4,low,description,irrelevant,the metal bat,sound,#50f8d5,critical,metal_wood_01,metal,NA,TRUE,1,FALSE,material,NA
participant031,list4,low,description,irrelevant,the blue bat,color,#4ff889,critical,metal_wood_05,wood,green,FALSE,1,FALSE,color,NA
participant032,list4,high,description,relevant,the green bat,color,#4ff889,filler,metal_wood_00,metal,green,TRUE,1,FALSE,color,NA
participant032,list4,high,description,relevant,the wood bat,sound,#4fc0f8,filler,metal_wood_08,wood,blue,TRUE,1,FALSE,material,NA
participant032,list4,low,description,relevant,blue metal bat,sound,#4fc0f8,critical,metal_wood_06,metal,blue,TRUE,2,TRUE,color & material,color
participant032,list4,low,description,relevant,blue metal bat,color,#50f5de,critical,metal_wood_00,metal,blue,TRUE,2,TRUE,color & material,material
participant032,list4,low,description,irrelevant,the wood bat,sound,#50f8d5,critical,metal_wood_09,wood,green,TRUE,1,FALSE,material,NA
participant032,list4,high,description,base,the green metal bat,sound,#4ff889,critical,metal_wood_00,metal,green,TRUE,2,TRUE,color & material,color
participant032,list4,low,description,irrelevant,green wood bat,color,#4ff889,critical,metal_wood_07,wood,green,TRUE,2,TRUE,color & material,material
participant032,list4,low,description,irrelevant,blue wood,sound,#50f5de,critical,metal_wood_09,wood,blue,TRUE,2,TRUE,color & material,color
participant032,list4,low,description,relevant,blue metal,color,#50f5de,critical,metal_wood_00,metal,blue,TRUE,2,TRUE,color & material,material
participant032,list4,low,description,relevant,green metal,color,#50f8d5,critical,metal_wood_00,metal,green,TRUE,2,TRUE,color & material,material
participant032,list4,high,description,base,blue,color,#4fc0f8,critical,metal_wood_09,wood,blue,TRUE,1,FALSE,color,NA
participant032,list4,high,description,base,blue metal,sound,#4fc0f8,critical,metal_wood_00,metal,blue,TRUE,2,TRUE,color & material,color
participant032,list4,low,description,relevant,green wood,sound,#4ff889,critical,metal_wood_07,wood,green,TRUE,2,TRUE,color & material,color
participant032,list4,high,description,relevant,blue,color,#4fc0f8,filler,metal_wood_00,metal,blue,TRUE,1,FALSE,color,NA
participant032,list4,low,description,relevant,green wood,sound,#4ff889,critical,metal_wood_07,wood,green,TRUE,2,TRUE,color & material,color
participant032,list4,high,description,relevant,wood,sound,#4ff889,filler,metal_wood_09,wood,green,TRUE,1,FALSE,material,NA
participant032,list4,high,description,base,green metal,color,#4ff889,critical,metal_wood_00,metal,green,TRUE,2,TRUE,color & material,material
participant032,list4,low,description,irrelevant,wood,sound,#50f5de,critical,metal_wood_08,wood,blue,TRUE,1,FALSE,material,NA
participant032,list4,low,description,irrelevant,metal,sound,#50f8d5,critical,metal_wood_01,metal,green,TRUE,1,FALSE,material,NA
participant032,list4,low,description,irrelevant,blue,color,#4fc0f8,critical,metal_wood_06,metal,blue,TRUE,1,FALSE,color,NA
participant032,list4,low,description,relevant,green wood,sound,#4ff889,critical,metal_wood_06,metal,green,FALSE,2,TRUE,color & material,color
participant032,list4,high,description,base,wood,sound,#4fc0f8,critical,metal_wood_09,wood,blue,TRUE,1,FALSE,material,NA
participant032,list4,high,description,base,blue,color,#4fc0f8,critical,metal_wood_00,metal,blue,TRUE,1,FALSE,color,NA
participant032,list4,high,description,relevant,metal,sound,#4fc0f8,filler,metal_wood_00,metal,blue,TRUE,1,FALSE,material,NA
participant032,list4,high,description,relevant,metal,sound,#4ff889,filler,metal_wood_01,metal,green,TRUE,1,FALSE,material,NA
participant032,list4,low,description,relevant,green,color,#50f8d5,critical,metal_wood_01,metal,green,TRUE,1,FALSE,color,NA
participant032,list4,low,description,relevant,wood,sound,#4fc0f8,critical,metal_wood_07,wood,blue,TRUE,1,FALSE,material,NA
participant032,list4,high,description,base,wood,sound,#4fc0f8,critical,metal_wood_08,wood,blue,TRUE,1,FALSE,material,NA
participant032,list4,high,description,base,metal,sound,#4ff889,critical,metal_wood_01,metal,green,TRUE,1,FALSE,material,NA
participant032,list4,low,description,relevant,green wood,sound,#4ff889,critical,metal_wood_06,metal,green,FALSE,2,TRUE,color & material,color
participant032,list4,low,description,relevant,blue,color,#50f5de,critical,metal_wood_08,wood,blue,TRUE,1,FALSE,color,NA
participant032,list4,high,description,relevant,metal,sound,#4ff889,filler,metal_wood_00,metal,green,TRUE,1,FALSE,material,NA
participant032,list4,low,description,relevant,blue,color,#50f5de,critical,metal_wood_08,wood,blue,TRUE,1,FALSE,color,NA
participant032,list4,low,description,relevant,wood,sound,#4fc0f8,critical,metal_wood_07,wood,blue,TRUE,1,FALSE,material,NA
participant032,list4,low,description,relevant,green,color,#50f8d5,critical,metal_wood_09,wood,green,TRUE,1,FALSE,color,NA
participant032,list4,high,description,base,green,color,#4ff889,critical,metal_wood_08,wood,green,TRUE,1,FALSE,color,NA
participant032,list4,high,description,base,green,color,#4ff889,critical,metal_wood_01,metal,green,TRUE,1,FALSE,color,NA
participant032,list4,high,description,relevant,blue,color,#4fc0f8,filler,metal_wood_09,wood,blue,TRUE,1,FALSE,color,NA
participant032,list4,low,description,irrelevant,metal,sound,#50f5de,critical,metal_wood_00,metal,blue,TRUE,1,FALSE,material,NA
participant032,list4,high,description,base,blue,color,#4fc0f8,critical,metal_wood_09,wood,blue,TRUE,1,FALSE,color,NA
participant032,list4,high,description,base,blue,color,#4fc0f8,critical,metal_wood_00,metal,blue,TRUE,1,FALSE,color,NA
participant032,list4,high,description,relevant,green,color,#4ff889,filler,metal_wood_08,wood,green,TRUE,1,FALSE,color,NA
participant032,list4,low,description,irrelevant,green,color,#4ff889,critical,metal_wood_07,wood,green,TRUE,1,FALSE,color,NA
participant032,list4,low,description,irrelevant,blue wood,sound,#50f8d5,critical,metal_wood_09,wood,green,TRUE,2,TRUE,color & material,color
participant032,list4,low,description,relevant,blue metal,sound,#4fc0f8,critical,metal_wood_06,metal,blue,TRUE,2,TRUE,color & material,color
participant032,list4,high,description,base,green,color,#4ff889,critical,metal_wood_01,metal,green,TRUE,1,FALSE,color,NA
participant032,list4,high,description,base,metal,sound,#4fc0f8,critical,metal_wood_01,metal,blue,TRUE,1,FALSE,material,NA
participant032,list4,high,description,base,wood,sound,#4ff889,critical,metal_wood_08,wood,green,TRUE,1,FALSE,material,NA
participant032,list4,low,description,irrelevant,green,color,#4ff889,critical,metal_wood_07,wood,green,TRUE,1,FALSE,color,NA
participant032,list4,low,description,irrelevant,blue,color,#4fc0f8,critical,metal_wood_06,metal,blue,TRUE,1,FALSE,color,NA
participant032,list4,low,description,irrelevant,metal,sound,#50f5de,critical,metal_wood_01,metal,blue,TRUE,1,FALSE,material,NA
participant032,list4,high,description,relevant,wood,sound,#4fc0f8,filler,metal_wood_08,wood,blue,TRUE,1,FALSE,material,NA
participant032,list4,low,description,irrelevant,green,color,#4ff889,critical,metal_wood_06,metal,green,TRUE,1,FALSE,color,NA
participant032,list4,high,description,base,wood,sound,#4ff889,critical,metal_wood_08,wood,green,TRUE,1,FALSE,material,NA
participant032,list4,low,description,irrelevant,green,color,#4ff889,critical,metal_wood_07,wood,green,TRUE,1,FALSE,color,NA
participant032,list4,low,description,irrelevant,wood,sound,#50f8d5,critical,metal_wood_08,wood,green,TRUE,1,FALSE,material,NA
participant032,list4,low,description,relevant,green,color,#50f8d5,critical,metal_wood_00,metal,green,TRUE,1,FALSE,color,NA
participant032,list4,high,description,relevant,green,color,#4ff889,filler,metal_wood_00,metal,green,TRUE,1,FALSE,color,NA
participant032,list4,high,description,relevant,blue,color,#4fc0f8,filler,metal_wood_09,wood,blue,TRUE,1,FALSE,color,NA
participant033,list2,high,description,relevant,the yellow bat,color,#f8dc4f,filler,metal_wood_08,wood,yellow,TRUE,1,FALSE,color,NA
participant033,list2,high,description,relevant,the orange bat,color,#f8884f,filler,metal_wood_08,wood,orange,TRUE,1,FALSE,color,NA
participant033,list2,low,description,relevant,the orange and wooden bat,sound,#f8884f,critical,metal_wood_06,wood,orange,TRUE,3,TRUE,color & material,color
participant033,list2,high,description,base,the yellow bat,color,#f8dc4f,critical,metal_wood_09,wood,yellow,TRUE,1,FALSE,color,NA
participant033,list2,low,description,irrelevant,the wooden and orange bat,sound,#fac250,critical,metal_wood_08,wood,orange,TRUE,3,TRUE,color & material,color
participant033,list2,high,description,base,the yellow bat,color,#f8dc4f,critical,metal_wood_01,metal,yellow,TRUE,1,FALSE,color,NA
participant033,list2,low,description,irrelevant,wooden,sound,#fac250,critical,metal_wood_09,wood,orange,TRUE,1,FALSE,material,NA
participant033,list2,high,description,base,metal,sound,#f8dc4f,critical,metal_wood_01,metal,yellow,TRUE,1,FALSE,material,NA
participant033,list2,low,description,relevant,yellow and wooden,sound,#f8dc4f,critical,metal_wood_06,wood,yellow,TRUE,3,TRUE,color & material,color
participant033,list2,low,description,relevant,yellow metal,color,#fac250,critical,metal_wood_01,metal,orange,FALSE,2,TRUE,color & material,material
participant033,list2,high,description,relevant,metal,sound,#f8884f,filler,metal_wood_00,metal,orange,TRUE,1,FALSE,material,NA
participant033,list2,high,description,relevant,metal,sound,#f8884f,filler,metal_wood_01,metal,orange,TRUE,1,FALSE,material,NA
participant033,list2,low,description,irrelevant,yellow,color,#f8dc4f,critical,metal_wood_04,metal,yellow,TRUE,1,FALSE,color,NA
participant033,list2,low,description,relevant,orange wood,color,#fac250,critical,metal_wood_09,wood,orange,TRUE,2,TRUE,color & material,material
participant033,list2,high,description,base,wood,sound,#f8dc4f,critical,metal_wood_09,wood,yellow,TRUE,1,FALSE,material,NA
participant033,list2,low,description,relevant,metal,sound,#f8dc4f,critical,metal_wood_04,metal,yellow,TRUE,1,FALSE,material,NA
participant033,list2,low,description,irrelevant,yellow,color,#f8dc4f,critical,metal_wood_06,wood,yellow,TRUE,1,FALSE,color,NA
participant033,list2,low,description,irrelevant,orange,color,#f8884f,critical,metal_wood_06,wood,orange,TRUE,1,FALSE,color,NA
participant033,list2,low,description,relevant,orange,color,#fac250,critical,metal_wood_01,metal,orange,TRUE,1,FALSE,color,NA
participant033,list2,high,description,base,wood,sound,#f8884f,critical,metal_wood_09,wood,orange,TRUE,1,FALSE,material,NA
participant033,list2,high,description,base,orange,color,#f8884f,critical,metal_wood_08,wood,orange,TRUE,1,FALSE,color,NA
participant033,list2,high,description,relevant,orange,color,#f8884f,filler,metal_wood_08,wood,orange,TRUE,1,FALSE,color,NA
participant033,list2,low,description,irrelevant,metal,sound,#fac250,critical,metal_wood_01,metal,orange,TRUE,1,FALSE,material,NA
participant033,list2,high,description,base,orange,color,#f8884f,critical,metal_wood_01,metal,orange,TRUE,1,FALSE,color,NA
participant033,list2,high,description,base,orange,color,#f8884f,critical,metal_wood_09,wood,orange,TRUE,1,FALSE,color,NA
participant033,list2,low,description,irrelevant,orange,color,#f8884f,critical,metal_wood_06,wood,orange,TRUE,1,FALSE,color,NA
participant033,list2,low,description,irrelevant,orange,color,#f8884f,critical,metal_wood_04,metal,orange,TRUE,1,FALSE,color,NA
participant033,list2,high,description,base,yellow,color,#f8dc4f,critical,metal_wood_01,metal,yellow,TRUE,1,FALSE,color,NA
participant033,list2,high,description,base,metal,sound,#f8dc4f,critical,metal_wood_00,metal,yellow,TRUE,1,FALSE,material,NA
participant033,list2,low,description,irrelevant,wood,sound,#fac250,critical,metal_wood_09,wood,orange,TRUE,1,FALSE,material,NA
participant033,list2,high,description,base,metal,sound,#f8dc4f,critical,metal_wood_01,metal,yellow,TRUE,1,FALSE,material,NA
participant033,list2,low,description,relevant,wood,sound,#f8884f,critical,metal_wood_06,wood,orange,TRUE,1,FALSE,material,NA
participant033,list2,low,description,relevant,metal,sound,#f8dc4f,critical,metal_wood_04,metal,yellow,TRUE,1,FALSE,material,NA
participant033,list2,low,description,irrelevant,wood,sound,#fac250,critical,metal_wood_09,wood,orange,TRUE,1,FALSE,material,NA
participant033,list2,low,description,relevant,metal,sound,#f8dc4f,critical,metal_wood_04,metal,yellow,TRUE,1,FALSE,material,NA
participant033,list2,high,description,relevant,metal,sound,#f8dc4f,filler,metal_wood_01,metal,yellow,TRUE,1,FALSE,material,NA
participant033,list2,low,description,relevant,orange,color,#fac250,critical,metal_wood_00,metal,orange,TRUE,1,FALSE,color,NA
participant033,list2,high,description,base,orange,color,#f8884f,critical,metal_wood_00,metal,orange,TRUE,1,FALSE,color,NA
participant033,list2,low,description,relevant,yellow,color,#fac250,critical,metal_wood_08,wood,orange,FALSE,1,FALSE,color,NA
participant033,list2,low,description,irrelevant,wood,sound,#fac250,critical,metal_wood_08,wood,orange,TRUE,1,FALSE,material,NA
participant033,list2,low,description,relevant,wood,sound,#f8884f,critical,metal_wood_06,wood,orange,TRUE,1,FALSE,material,NA
participant033,list2,low,description,irrelevant,yellow,color,#f8dc4f,critical,metal_wood_04,metal,yellow,TRUE,1,FALSE,color,NA
participant033,list2,high,description,relevant,yellow,color,#f8dc4f,filler,metal_wood_08,wood,yellow,TRUE,1,FALSE,color,NA
participant033,list2,low,description,irrelevant,wood,sound,#fac250,critical,metal_wood_09,wood,orange,TRUE,1,FALSE,material,NA
participant033,list2,high,description,base,metal,sound,#f8dc4f,critical,metal_wood_00,metal,yellow,TRUE,1,FALSE,material,NA
participant033,list2,high,description,base,wood,sound,#f8884f,critical,metal_wood_08,wood,orange,TRUE,1,FALSE,material,NA
participant033,list2,low,description,irrelevant,orange,color,#f8884f,critical,metal_wood_04,metal,orange,TRUE,1,FALSE,color,NA
participant033,list2,high,description,relevant,wood,sound,#f8884f,filler,metal_wood_09,wood,orange,TRUE,1,FALSE,material,NA
participant033,list2,low,description,irrelevant,wood orange,color,#f8884f,critical,metal_wood_06,wood,orange,TRUE,2,TRUE,color & material,material
participant033,list2,high,description,relevant,orange,color,#f8884f,filler,metal_wood_00,metal,orange,TRUE,1,FALSE,color,NA
participant033,list2,low,description,relevant,metal yellow,color,#fac250,critical,metal_wood_01,metal,orange,FALSE,2,TRUE,color & material,material
participant033,list2,low,description,relevant,yellow,color,#fac250,critical,metal_wood_01,metal,orange,FALSE,1,FALSE,color,NA
participant033,list2,high,description,relevant,yellow,color,#f8dc4f,filler,metal_wood_01,metal,yellow,TRUE,1,FALSE,color,NA
participant033,list2,high,description,relevant,wood,sound,#f8dc4f,filler,metal_wood_08,wood,yellow,TRUE,1,FALSE,material,NA
participant033,list2,high,description,relevant,wood,sound,#f8884f,filler,metal_wood_09,wood,orange,TRUE,1,FALSE,material,NA
participant033,list2,low,description,irrelevant,wood,sound,#fac250,critical,metal_wood_09,wood,orange,TRUE,1,FALSE,material,NA
participant033,list2,high,description,base,wood,sound,#f8884f,critical,metal_wood_09,wood,orange,TRUE,1,FALSE,material,NA
participant035,list3,high,description,relevant,blue,color,#4fc0f8,filler,metal_wood_00,metal,blue,TRUE,1,FALSE,color,NA
participant035,list3,high,description,relevant,wood,sound,#4fc0f8,filler,metal_wood_08,wood,blue,TRUE,1,FALSE,material,NA
participant035,list3,high,description,relevant,green,color,#4ff889,filler,metal_wood_09,wood,green,TRUE,1,FALSE,color,NA
participant035,list3,high,description,base,green,color,#4ff889,critical,metal_wood_08,wood,green,TRUE,1,FALSE,color,NA
participant035,list3,low,description,irrelevant,green wood,sound,#50f5de,critical,metal_wood_09,wood,green,TRUE,2,TRUE,color & material,color
participant035,list3,low,description,relevant,green wood,sound,#4ff889,critical,metal_wood_07,wood,green,TRUE,2,TRUE,color & material,color
participant035,list3,high,description,relevant,green,color,#4ff889,filler,metal_wood_01,metal,green,TRUE,1,FALSE,color,NA
participant035,list3,high,description,base,green wood,sound,#4ff889,critical,metal_wood_08,wood,green,TRUE,2,TRUE,color & material,color
participant035,list3,high,description,relevant,blue wood,sound,#4fc0f8,filler,metal_wood_09,wood,blue,TRUE,2,TRUE,color & material,color
participant035,list3,high,description,base,green,color,#4ff889,critical,metal_wood_00,metal,green,TRUE,1,FALSE,color,NA
participant035,list3,high,description,base,metal,sound,#4ff889,critical,metal_wood_01,metal,green,TRUE,1,FALSE,material,NA
participant035,list3,low,description,irrelevant,blue wood,color,#4fc0f8,critical,metal_wood_06,metal,blue,TRUE,2,TRUE,color & material,material
participant035,list3,low,description,irrelevant,wood,sound,#51f0e0,critical,metal_wood_08,wood,blue,TRUE,1,FALSE,material,NA
participant035,list3,low,description,irrelevant,green,color,#4ff889,critical,metal_wood_06,metal,green,TRUE,1,FALSE,color,NA
participant035,list3,low,description,irrelevant,blue,color,#4fc0f8,critical,metal_wood_07,wood,blue,TRUE,1,FALSE,color,NA
participant035,list3,low,description,irrelevant,wood,sound,#51f0e0,critical,metal_wood_08,wood,blue,TRUE,1,FALSE,material,NA
participant035,list3,high,description,relevant,metal,sound,#4ff889,filler,metal_wood_00,metal,green,TRUE,1,FALSE,material,NA
participant035,list3,low,description,relevant,blue wood,color,#51f0e0,critical,metal_wood_09,wood,blue,TRUE,2,TRUE,color & material,material
participant035,list3,low,description,relevant,wood,sound,#4fc0f8,critical,metal_wood_07,wood,blue,TRUE,1,FALSE,material,NA
participant035,list3,high,description,base,blue,color,#4fc0f8,critical,metal_wood_08,wood,blue,TRUE,1,FALSE,color,NA
participant035,list3,low,description,irrelevant,wood,sound,#51f0e0,critical,metal_wood_09,wood,blue,TRUE,1,FALSE,material,NA
participant035,list3,low,description,relevant,blue metal,sound,#4fc0f8,critical,metal_wood_06,metal,blue,TRUE,2,TRUE,color & material,color
participant035,list3,high,description,base,metal,sound,#4fc0f8,critical,metal_wood_01,metal,blue,TRUE,1,FALSE,material,NA
participant035,list3,low,description,irrelevant,metal,sound,#51f0e0,critical,metal_wood_00,metal,blue,TRUE,1,FALSE,material,NA
participant035,list3,low,description,relevant,green wood,color,#50f5de,critical,metal_wood_09,wood,green,TRUE,2,TRUE,color & material,material
participant035,list3,high,description,relevant,blue,color,#4fc0f8,filler,metal_wood_09,wood,blue,TRUE,1,FALSE,color,NA
participant035,list3,high,description,relevant,blue,color,#4fc0f8,filler,metal_wood_09,wood,blue,TRUE,1,FALSE,color,NA
participant035,list3,low,description,irrelevant,green,color,#4ff889,critical,metal_wood_06,metal,green,TRUE,1,FALSE,color,NA
participant035,list3,low,description,irrelevant,wood,sound,#50f5de,critical,metal_wood_08,wood,green,TRUE,1,FALSE,material,NA
participant035,list3,low,description,relevant,green,color,#50f5de,critical,metal_wood_01,metal,green,TRUE,1,FALSE,color,NA
participant035,list3,low,description,irrelevant,metal,sound,#50f5de,critical,metal_wood_01,metal,green,TRUE,1,FALSE,material,NA
participant035,list3,low,description,irrelevant,blue,color,#4fc0f8,critical,metal_wood_07,wood,blue,TRUE,1,FALSE,color,NA
participant035,list3,low,description,relevant,green metal,color,#51f0e0,critical,metal_wood_09,wood,blue,FALSE,2,TRUE,color & material,material
participant035,list3,low,description,irrelevant,blue,color,#4fc0f8,critical,metal_wood_07,wood,blue,TRUE,1,FALSE,color,NA
participant035,list3,low,description,relevant,blue wood,sound,#4fc0f8,critical,metal_wood_06,metal,blue,FALSE,2,TRUE,color & material,color
participant035,list3,low,description,irrelevant,wood,sound,#50f5de,critical,metal_wood_09,wood,green,TRUE,1,FALSE,material,NA
participant035,list3,low,description,relevant,metal,sound,#4fc0f8,critical,metal_wood_06,metal,blue,TRUE,1,FALSE,material,NA
participant035,list3,high,description,relevant,green,color,#4ff889,filler,metal_wood_09,wood,green,TRUE,1,FALSE,color,NA
participant035,list3,low,description,irrelevant,blue,color,#4fc0f8,critical,metal_wood_07,wood,blue,TRUE,1,FALSE,color,NA
participant035,list3,high,description,base,green,color,#4ff889,critical,metal_wood_09,wood,green,TRUE,1,FALSE,color,NA
participant035,list3,high,description,base,metal,sound,#4fc0f8,critical,metal_wood_00,metal,blue,TRUE,1,FALSE,material,NA
participant035,list3,high,description,relevant,metal,sound,#4ff889,filler,metal_wood_00,metal,green,TRUE,1,FALSE,material,NA
participant035,list3,low,description,relevant,wood,sound,#4ff889,critical,metal_wood_07,wood,green,TRUE,1,FALSE,material,NA
participant035,list3,high,description,base,blue,color,#4fc0f8,critical,metal_wood_01,metal,blue,TRUE,1,FALSE,color,NA
participant035,list3,low,description,relevant,green,color,#50f5de,critical,metal_wood_00,metal,green,TRUE,1,FALSE,color,NA
participant035,list3,low,description,relevant,blue,color,#51f0e0,critical,metal_wood_01,metal,blue,TRUE,1,FALSE,color,NA
participant035,list3,high,description,base,wood,sound,#4fc0f8,critical,metal_wood_09,wood,blue,TRUE,1,FALSE,material,NA
participant035,list3,high,description,base,metal,sound,#4fc0f8,critical,metal_wood_01,metal,blue,TRUE,1,FALSE,material,NA
participant035,list3,low,description,relevant,wood,sound,#4fc0f8,critical,metal_wood_07,wood,blue,TRUE,1,FALSE,material,NA
participant035,list3,low,description,irrelevant,blue,color,#4fc0f8,critical,metal_wood_06,metal,blue,TRUE,1,FALSE,color,NA
participant035,list3,high,description,base,wood,sound,#4fc0f8,critical,metal_wood_09,wood,blue,TRUE,1,FALSE,material,NA
participant035,list3,high,description,relevant,metal,sound,#4ff889,filler,metal_wood_00,metal,green,TRUE,1,FALSE,material,NA
participant035,list3,low,description,relevant,green metal,sound,#4ff889,critical,metal_wood_06,metal,green,TRUE,2,TRUE,color & material,color
participant035,list3,low,description,relevant,blue,color,#51f0e0,critical,metal_wood_00,metal,blue,TRUE,1,FALSE,color,NA
participant035,list3,high,description,relevant,wood,sound,#4fc0f8,filler,metal_wood_08,wood,blue,TRUE,1,FALSE,material,NA
participant035,list3,high,description,base,wood,sound,#4ff889,critical,metal_wood_08,wood,green,TRUE,1,FALSE,material,NA
participant035,list3,high,description,base,green,color,#4ff889,critical,metal_wood_01,metal,green,TRUE,1,FALSE,color,NA
participant035,list3,low,description,relevant,green,color,#50f5de,critical,metal_wood_08,wood,green,TRUE,1,FALSE,color,NA
participant036,list2,high,description,relevant,the wooden bat,sound,#f8dc4f,filler,metal_wood_09,wood,yellow,TRUE,1,FALSE,material,NA
participant036,list2,high,description,relevant,the metal bat,sound,#f8884f,filler,metal_wood_00,metal,orange,TRUE,1,FALSE,material,NA
participant036,list2,low,description,irrelevant,the orange bat,color,#f8884f,critical,metal_wood_08,wood,orange,TRUE,1,FALSE,color,NA
participant036,list2,low,description,relevant,the orange bat,color,#faa650,critical,metal_wood_00,metal,orange,TRUE,1,FALSE,color,NA
participant036,list2,low,description,relevant,the yellow bat,color,#fab150,critical,metal_wood_09,wood,yellow,TRUE,1,FALSE,color,NA
participant036,list2,low,description,irrelevant,the metal bat,sound,#faa650,critical,metal_wood_00,metal,orange,TRUE,1,FALSE,material,NA
participant036,list2,low,description,irrelevant,the yellow bat,color,#f8dc4f,critical,metal_wood_03,metal,yellow,TRUE,1,FALSE,color,NA
participant036,list2,high,description,relevant,the orange bat,color,#f8884f,filler,metal_wood_09,wood,orange,TRUE,1,FALSE,color,NA
participant036,list2,low,description,irrelevant,the wooden bat,sound,#fab150,critical,metal_wood_09,wood,yellow,TRUE,1,FALSE,material,NA
participant036,list2,high,description,base,the yellow bat,color,#f8dc4f,critical,metal_wood_09,wood,yellow,TRUE,1,FALSE,color,NA
participant036,list2,low,description,irrelevant,the metal bat,sound,#fab150,critical,metal_wood_00,metal,yellow,TRUE,1,FALSE,material,NA
participant036,list2,high,description,base,the yellow bat,color,#f8dc4f,critical,metal_wood_00,metal,yellow,TRUE,1,FALSE,color,NA
participant036,list2,low,description,relevant,the metal bat,sound,#f8dc4f,critical,metal_wood_08,wood,yellow,FALSE,1,FALSE,material,NA
participant036,list2,low,description,relevant,the orange bat,color,#faa650,critical,metal_wood_01,metal,orange,TRUE,1,FALSE,color,NA
participant036,list2,low,description,irrelevant,the wooden bat,sound,#fab150,critical,metal_wood_09,wood,yellow,TRUE,1,FALSE,material,NA
participant036,list2,high,description,relevant,the yellow bat,color,#f8dc4f,filler,metal_wood_09,wood,yellow,TRUE,1,FALSE,color,NA
participant036,list2,high,description,relevant,the metal bat,sound,#f8884f,filler,metal_wood_01,metal,orange,TRUE,1,FALSE,material,NA
participant036,list2,high,description,base,the yellow metal bat,sound,#f8dc4f,critical,metal_wood_00,metal,yellow,TRUE,2,TRUE,color & material,color
participant036,list2,low,description,irrelevant,the yellow bat,color,#f8dc4f,critical,metal_wood_08,wood,yellow,TRUE,1,FALSE,color,NA
participant036,list2,low,description,relevant,the yellow metal bat,sound,#f8dc4f,critical,metal_wood_03,metal,yellow,TRUE,2,TRUE,color & material,color
participant036,list2,low,description,irrelevant,the yellow bat,color,#f8dc4f,critical,metal_wood_03,metal,yellow,TRUE,1,FALSE,color,NA
participant036,list2,high,description,base,the yellow metal bat,sound,#f8dc4f,critical,metal_wood_01,metal,yellow,TRUE,2,TRUE,color & material,color
participant036,list2,high,description,relevant,the metal bat,sound,#f8dc4f,filler,metal_wood_00,metal,yellow,TRUE,1,FALSE,material,NA
participant036,list2,low,description,irrelevant,the orange bat,color,#f8884f,critical,metal_wood_08,wood,orange,TRUE,1,FALSE,color,NA
participant036,list2,high,description,relevant,the orange wooden bat,sound,#f8884f,filler,metal_wood_09,wood,orange,TRUE,2,TRUE,color & material,color
participant036,list2,high,description,base,the orange metal bat,color,#f8884f,critical,metal_wood_01,metal,orange,TRUE,2,TRUE,color & material,material
participant036,list2,high,description,base,the orange bat,color,#f8884f,critical,metal_wood_09,wood,orange,TRUE,1,FALSE,color,NA
participant036,list2,high,description,relevant,the orange bat,color,#f8884f,filler,metal_wood_09,wood,orange,TRUE,1,FALSE,color,NA
participant036,list2,high,description,relevant,the yellow bat,color,#f8dc4f,filler,metal_wood_01,metal,yellow,TRUE,1,FALSE,color,NA
participant036,list2,low,description,relevant,the orange bat,color,#faa650,critical,metal_wood_09,wood,orange,TRUE,1,FALSE,color,NA
participant036,list2,low,description,irrelevant,the orange metal bat,sound,#faa650,critical,metal_wood_01,metal,orange,TRUE,2,TRUE,color & material,color
participant036,list2,high,description,base,the yellow bat,color,#f8dc4f,critical,metal_wood_09,wood,yellow,TRUE,1,FALSE,color,NA
participant036,list2,high,description,base,the orange bat,color,#f8884f,critical,metal_wood_00,metal,orange,TRUE,1,FALSE,color,NA
participant036,list2,low,description,relevant,the orange bat,color,#faa650,critical,metal_wood_01,metal,orange,TRUE,1,FALSE,color,NA
participant036,list2,low,description,relevant,the orange wooden bat ,sound,#f8884f,critical,metal_wood_08,wood,orange,TRUE,2,TRUE,color & material,color
participant036,list2,high,description,base,the orange wooden bat,sound,#f8884f,critical,metal_wood_09,wood,orange,TRUE,2,TRUE,color & material,color
participant036,list2,low,description,relevant,the yellow bat,color,#fab150,critical,metal_wood_00,metal,yellow,TRUE,1,FALSE,color,NA
participant036,list2,low,description,relevant,the yellow metal bat,sound,#f8dc4f,critical,metal_wood_03,metal,yellow,TRUE,2,TRUE,color & material,color
participant036,list2,low,description,relevant,the yellow metal bat,sound,#f8dc4f,critical,metal_wood_03,metal,yellow,TRUE,2,TRUE,color & material,color
participant036,list2,high,description,relevant,the yellow bat,color,#f8dc4f,filler,metal_wood_09,wood,yellow,TRUE,1,FALSE,color,NA
participant036,list2,high,description,base,the orange wooden bat,sound,#f8884f,critical,metal_wood_09,wood,orange,TRUE,2,TRUE,color & material,color
participant036,list2,low,description,irrelevant,the orange bat,color,#f8884f,critical,metal_wood_08,wood,orange,TRUE,1,FALSE,color,NA
participant036,list2,low,description,irrelevant,orange metal bat,sound,#fab150,critical,metal_wood_00,metal,yellow,TRUE,2,TRUE,color & material,color
participant036,list2,low,description,relevant,the orange wooden bat,sound,#f8884f,critical,metal_wood_08,wood,orange,TRUE,2,TRUE,color & material,color
participant036,list2,low,description,relevant,orange metal bat,sound,#f8884f,critical,metal_wood_03,metal,orange,TRUE,2,TRUE,color & material,color
participant036,list2,low,description,irrelevant,orange bat,color,#f8884f,critical,metal_wood_03,metal,orange,TRUE,1,FALSE,color,NA
participant036,list2,high,description,relevant,the wooden bat,sound,#f8dc4f,filler,metal_wood_09,wood,yellow,TRUE,1,FALSE,material,NA
participant036,list2,low,description,irrelevant,orange bat,color,#f8884f,critical,metal_wood_03,metal,orange,TRUE,1,FALSE,color,NA
participant036,list2,high,description,base,orange bat,color,#f8884f,critical,metal_wood_00,metal,orange,TRUE,1,FALSE,color,NA
participant036,list2,high,description,base,yellow metal bat,sound,#f8dc4f,critical,metal_wood_01,metal,yellow,TRUE,2,TRUE,color & material,color
participant036,list2,low,description,irrelevant,orange wooden bat,sound,#faa650,critical,metal_wood_09,wood,orange,TRUE,2,TRUE,color & material,color
participant036,list2,high,description,base,the yellow bat,color,#f8dc4f,critical,metal_wood_09,wood,yellow,TRUE,1,FALSE,color,NA
participant036,list2,low,description,relevant,orange wooden bat,sound,#f8884f,critical,metal_wood_08,wood,orange,TRUE,2,TRUE,color & material,color
participant036,list2,high,description,relevant,orange bat,color,#f8884f,filler,metal_wood_01,metal,orange,TRUE,1,FALSE,color,NA
participant036,list2,high,description,base,orange wooden bat,sound,#f8884f,critical,metal_wood_09,wood,orange,TRUE,2,TRUE,color & material,color
participant037,list2,high,description,relevant,the orange bat,color,#f8884f,filler,metal_wood_00,metal,orange,TRUE,1,FALSE,color,NA
participant037,list2,high,description,relevant,the yellow wooden bat,sound,#f8dc4f,filler,metal_wood_09,wood,yellow,TRUE,2,TRUE,color & material,color
participant037,list2,high,description,base,the yellow bat,color,#f8dc4f,critical,metal_wood_08,wood,yellow,TRUE,1,FALSE,color,NA
participant037,list2,low,description,relevant,yellow wood bat,sound,#f8dc4f,critical,metal_wood_05,wood,yellow,TRUE,2,TRUE,color & material,color
participant037,list2,low,description,relevant,the orange bat,color,#faac50,critical,metal_wood_08,wood,orange,TRUE,1,FALSE,color,NA
participant037,list2,low,description,irrelevant,the yellow bat,color,#f8dc4f,critical,metal_wood_05,wood,yellow,TRUE,1,FALSE,color,NA
participant037,list2,high,description,base,the orange bat,color,#f8884f,critical,metal_wood_01,metal,orange,TRUE,1,FALSE,color,NA
participant037,list2,low,description,relevant,the orange bat,color,#faac50,critical,metal_wood_09,wood,orange,TRUE,1,FALSE,color,NA
participant037,list2,high,description,relevant,the yellow bat,color,#f8dc4f,filler,metal_wood_01,metal,yellow,TRUE,1,FALSE,color,NA
participant037,list2,high,description,base,the orange wooden bat,sound,#f8884f,critical,metal_wood_08,wood,orange,TRUE,2,TRUE,color & material,color
participant037,list2,high,description,base,the yellow bat,color,#f8dc4f,critical,metal_wood_01,metal,yellow,TRUE,1,FALSE,color,NA
participant037,list2,low,description,relevant,the yellow bat,color,#fac250,critical,metal_wood_01,metal,yellow,TRUE,1,FALSE,color,NA
participant037,list2,low,description,relevant,the orange bat,color,#faac50,critical,metal_wood_01,metal,orange,TRUE,1,FALSE,color,NA
participant037,list2,high,description,relevant,the orange metal bat,sound,#f8884f,filler,metal_wood_00,metal,orange,TRUE,2,TRUE,color & material,color
participant037,list2,high,description,base,the yellow bat,color,#f8dc4f,critical,metal_wood_08,wood,yellow,TRUE,1,FALSE,color,NA
participant037,list2,low,description,irrelevant,the yellow bat,color,#f8dc4f,critical,metal_wood_03,metal,yellow,TRUE,1,FALSE,color,NA
participant037,list2,low,description,irrelevant,the orange metal bat,sound,#faac50,critical,metal_wood_00,metal,orange,TRUE,2,TRUE,color & material,color
participant037,list2,low,description,relevant,the orange metal bat,sound,#f8884f,critical,metal_wood_03,metal,orange,TRUE,2,TRUE,color & material,color
participant037,list2,high,description,base,the orange metal bat,sound,#f8884f,critical,metal_wood_00,metal,orange,TRUE,2,TRUE,color & material,color
participant037,list2,high,description,base,the orange wooden bat,sound,#f8884f,critical,metal_wood_08,wood,orange,TRUE,2,TRUE,color & material,color
participant037,list2,low,description,relevant,the yellow metal bat,sound,#f8dc4f,critical,metal_wood_03,metal,yellow,TRUE,2,TRUE,color & material,color
participant037,list2,low,description,relevant,the orange metal bat,sound,#f8884f,critical,metal_wood_03,metal,orange,TRUE,2,TRUE,color & material,color
participant037,list2,low,description,irrelevant,the orange bat,color,#f8884f,critical,metal_wood_05,wood,orange,TRUE,1,FALSE,color,NA
participant037,list2,low,description,irrelevant,the orange bat,color,#f8884f,critical,metal_wood_03,metal,orange,TRUE,1,FALSE,color,NA
participant037,list2,low,description,irrelevant,the orange wooden bat,sound,#fac250,critical,metal_wood_09,wood,yellow,TRUE,2,TRUE,color & material,color
participant037,list2,low,description,irrelevant,the yellow bat,color,#f8dc4f,critical,metal_wood_05,wood,yellow,TRUE,1,FALSE,color,NA
participant037,list2,low,description,relevant,the orange metal bat,sound,#f8884f,critical,metal_wood_03,metal,orange,TRUE,2,TRUE,color & material,color
participant037,list2,high,description,relevant,the yellow bat,color,#f8dc4f,filler,metal_wood_00,metal,yellow,TRUE,1,FALSE,color,NA
participant037,list2,high,description,base,the orange bat,color,#f8884f,critical,metal_wood_08,wood,orange,TRUE,1,FALSE,color,NA
participant037,list2,high,description,relevant,the yellow metal bat,sound,#f8dc4f,filler,metal_wood_00,metal,yellow,TRUE,2,TRUE,color & material,color
participant037,list2,low,description,irrelevant,the orange wooden bat,sound,#faac50,critical,metal_wood_08,wood,orange,TRUE,2,TRUE,color & material,color
participant037,list2,high,description,relevant,the yellow metal bat,sound,#f8dc4f,filler,metal_wood_01,metal,yellow,TRUE,2,TRUE,color & material,color
participant037,list2,high,description,base,the orange wooden bat,sound,#f8884f,critical,metal_wood_08,wood,orange,TRUE,2,TRUE,color & material,color
participant037,list2,low,description,irrelevant,the orange wooden bat,sound,#fac250,critical,metal_wood_09,wood,yellow,TRUE,2,TRUE,color & material,color
participant037,list2,high,description,base,the yellow wooden bat,sound,#f8dc4f,critical,metal_wood_08,wood,yellow,TRUE,2,TRUE,color & material,color
participant037,list2,low,description,irrelevant,the yellow bat,color,#f8dc4f,critical,metal_wood_05,wood,yellow,TRUE,1,FALSE,color,NA
participant037,list2,high,description,base,the orange bat,color,#f8884f,critical,metal_wood_08,wood,orange,TRUE,1,FALSE,color,NA
participant037,list2,low,description,irrelevant,the orange wooden bat,sound,#faac50,critical,metal_wood_09,wood,orange,TRUE,2,TRUE,color & material,color
participant037,list2,high,description,relevant,the yellow bat,color,#f8dc4f,filler,metal_wood_01,metal,yellow,TRUE,1,FALSE,color,NA
participant037,list2,low,description,relevant,the yellow bat,color,#fac250,critical,metal_wood_08,wood,yellow,TRUE,1,FALSE,color,NA
participant037,list2,high,description,base,the yellow bat,color,#f8dc4f,critical,metal_wood_01,metal,yellow,TRUE,1,FALSE,color,NA
participant037,list2,high,description,base,the yellow metal bat,sound,#f8dc4f,critical,metal_wood_00,metal,yellow,TRUE,2,TRUE,color & material,color
participant037,list2,low,description,relevant,the yellow bat,color,#fac250,critical,metal_wood_08,wood,yellow,TRUE,1,FALSE,color,NA
participant037,list2,high,description,base,the orange metal bat,sound,#f8884f,critical,metal_wood_01,metal,orange,TRUE,2,TRUE,color & material,color
participant037,list2,low,description,irrelevant,the yellow bat,color,#f8dc4f,critical,metal_wood_03,metal,yellow,TRUE,1,FALSE,color,NA
participant037,list2,low,description,irrelevant,the yellow metal bat,sound,#fac250,critical,metal_wood_00,metal,yellow,TRUE,2,TRUE,color & material,color
participant037,list2,low,description,relevant,the yellow bat,color,#fac250,critical,metal_wood_01,metal,yellow,TRUE,1,FALSE,color,NA
participant037,list2,high,description,relevant,the yellow wooden bat,sound,#f8dc4f,filler,metal_wood_09,wood,yellow,TRUE,2,TRUE,color & material,color
participant037,list2,low,description,irrelevant,the orange bat,color,#f8884f,critical,metal_wood_03,metal,orange,TRUE,1,FALSE,color,NA
participant037,list2,low,description,relevant,the orange bat,color,#faac50,critical,metal_wood_08,wood,orange,TRUE,1,FALSE,color,NA
participant037,list2,low,description,irrelevant,the orange wooden bat,sound,#faac50,critical,metal_wood_09,wood,orange,TRUE,2,TRUE,color & material,color
participant037,list2,low,description,relevant,the orange wooden bat,sound,#f8884f,critical,metal_wood_05,wood,orange,TRUE,2,TRUE,color & material,color
participant037,list2,low,description,irrelevant,the yellow wooden bat,sound,#fac250,critical,metal_wood_09,wood,yellow,TRUE,2,TRUE,color & material,color
participant037,list2,high,description,base,the orange bat,color,#f8884f,critical,metal_wood_08,wood,orange,TRUE,1,FALSE,color,NA
participant037,list2,low,description,relevant,the orange wooden bat,sound,#f8884f,critical,metal_wood_05,wood,orange,TRUE,2,TRUE,color & material,color
participant037,list2,high,description,relevant,the orange bat,color,#f8884f,filler,metal_wood_08,wood,orange,TRUE,1,FALSE,color,NA
participant037,list2,high,description,relevant,the yellow wooden bat,sound,#f8dc4f,filler,metal_wood_09,wood,yellow,TRUE,2,TRUE,color & material,color
participant037,list2,high,description,relevant,the orange bat,color,#f8884f,filler,metal_wood_08,wood,orange,TRUE,1,FALSE,color,NA
participant038,list3,high,description,relevant,green metal bat,color,#4ff889,filler,metal_wood_01,metal,green,TRUE,2,TRUE,color & material,material
participant038,list3,low,description,irrelevant,blue wooden bat,sound,#51f2df,critical,metal_wood_08,wood,NA,TRUE,2,TRUE,color & material,color
participant038,list3,low,description,irrelevant,green metal bat,sound,#51f8d2,critical,metal_wood_01,metal,green,TRUE,2,TRUE,color & material,color
participant038,list3,high,description,base,green wooden bat,sound,#4ff889,critical,metal_wood_08,wood,green,TRUE,2,TRUE,color & material,color
participant038,list3,low,description,irrelevant,green wooden bat,sound,#51f8d2,critical,metal_wood_09,wood,green,TRUE,2,TRUE,color & material,color
participant038,list3,high,description,base,green metal bat,sound,#4ff889,critical,metal_wood_00,metal,green,TRUE,2,TRUE,color & material,color
participant038,list3,low,description,relevant,green metal bat,color,#51f2df,critical,metal_wood_08,wood,NA,TRUE,2,TRUE,color & material,material
participant038,list3,high,description,relevant,blue metal bat,sound,#4fc0f8,filler,metal_wood_00,metal,blue,TRUE,2,TRUE,color & material,color
participant038,list3,high,description,relevant,blue wooden bat,sound,#4fc0f8,filler,metal_wood_09,wood,blue,TRUE,2,TRUE,color & material,color
participant038,list3,low,description,irrelevant,blue wooden bat,sound,#51f2df,critical,metal_wood_08,wood,NA,TRUE,2,TRUE,color & material,color
participant038,list3,low,description,relevant,blue metal bat,sound,#4ff889,critical,metal_wood_07,wood,green,FALSE,2,TRUE,color & material,color
participant038,list3,low,description,irrelevant,blue metal bat,color,#4ff889,critical,metal_wood_07,wood,green,FALSE,2,TRUE,color & material,material
participant038,list3,low,description,relevant,blue wooden bat,sound,#4ff889,critical,metal_wood_07,wood,green,TRUE,2,TRUE,color & material,color
participant038,list3,high,description,base,blue wooden bat,sound,#4ff889,critical,metal_wood_08,wood,green,TRUE,2,TRUE,color & material,color
participant038,list3,low,description,relevant,blue wooden bat,sound,#4ff889,critical,metal_wood_06,metal,green,FALSE,2,TRUE,color & material,color
participant038,list3,low,description,irrelevant,green wooden bat,sound,#51f8d2,critical,metal_wood_01,metal,green,FALSE,2,TRUE,color & material,color
participant040,list4,high,description,relevant,metal,sound,#4ff889,filler,metal_wood_00,metal,green,TRUE,1,FALSE,material,NA
participant040,list4,high,description,relevant,wood blue,color,#4fc0f8,filler,metal_wood_09,wood,blue,TRUE,2,TRUE,color & material,material
participant040,list4,low,description,relevant,blue wood,sound,#4fc0f8,critical,metal_wood_08,wood,blue,TRUE,2,TRUE,color & material,color
participant040,list4,low,description,irrelevant,blue,color,#4fc0f8,critical,metal_wood_06,metal,blue,TRUE,1,FALSE,color,NA
participant040,list4,low,description,relevant,blue wood,sound,#4fc0f8,critical,metal_wood_08,wood,blue,TRUE,2,TRUE,color & material,color
participant040,list4,high,description,base,blue metal,sound,#4fc0f8,critical,metal_wood_01,metal,blue,TRUE,2,TRUE,color & material,color
participant040,list4,high,description,base,blue wood,sound,#4fc0f8,critical,metal_wood_08,wood,blue,TRUE,2,TRUE,color & material,color
participant040,list4,low,description,irrelevant,green wood,sound,#4ff8dc,critical,metal_wood_08,wood,blue,TRUE,2,TRUE,color & material,color
participant040,list4,high,description,base,blue,color,#4fc0f8,critical,metal_wood_01,metal,blue,TRUE,1,FALSE,color,NA
participant040,list4,high,description,base,blue,color,#4fc0f8,critical,metal_wood_08,wood,blue,TRUE,1,FALSE,color,NA
participant040,list4,low,description,irrelevant,green wood,sound,#51f8ce,critical,metal_wood_09,wood,green,TRUE,2,TRUE,color & material,color
participant040,list4,high,description,relevant,blue ,color,#4fc0f8,filler,metal_wood_09,wood,blue,TRUE,1,FALSE,color,NA
participant040,list4,low,description,relevant,green high pitched wood,sound,#4ff889,critical,metal_wood_06,metal,green,FALSE,4,TRUE,color & material,color
participant040,list4,low,description,irrelevant,green,color,#4fc0f8,critical,metal_wood_06,metal,blue,FALSE,1,FALSE,color,NA
participant040,list4,high,description,base,green wood,color,#4ff889,critical,metal_wood_09,wood,green,TRUE,2,TRUE,color & material,material
participant040,list4,low,description,relevant,green,color,#51f8ce,critical,metal_wood_00,metal,green,TRUE,1,FALSE,color,NA
participant040,list4,high,description,relevant,green,color,#4ff889,filler,metal_wood_08,wood,green,TRUE,1,FALSE,color,NA
participant040,list4,high,description,base,green,color,#4ff889,critical,metal_wood_08,wood,green,TRUE,1,FALSE,color,NA
participant040,list4,high,description,base,blue,color,#4fc0f8,critical,metal_wood_09,wood,blue,TRUE,1,FALSE,color,NA
participant040,list4,low,description,irrelevant,green wood,sound,#51f8ce,critical,metal_wood_08,wood,green,TRUE,2,TRUE,color & material,color
participant040,list4,high,description,relevant,green,color,#4ff889,filler,metal_wood_00,metal,green,TRUE,1,FALSE,color,NA
participant040,list4,low,description,relevant,blue,color,#4ff8dc,critical,metal_wood_09,wood,blue,TRUE,1,FALSE,color,NA
participant040,list4,high,description,base,blue metal,sound,#4fc0f8,critical,metal_wood_01,metal,blue,TRUE,2,TRUE,color & material,color
participant040,list4,low,description,irrelevant,green wood,color,#4ff889,critical,metal_wood_06,metal,green,TRUE,2,TRUE,color & material,material
participant040,list4,low,description,irrelevant,blue,color,#4fc0f8,critical,metal_wood_08,wood,blue,TRUE,1,FALSE,color,NA
participant040,list4,high,description,base,green wood,sound,#4ff889,critical,metal_wood_08,wood,green,TRUE,2,TRUE,color & material,color
participant040,list4,low,description,irrelevant,blue,color,#4fc0f8,critical,metal_wood_08,wood,blue,TRUE,1,FALSE,color,NA
participant040,list4,low,description,irrelevant,green metal,sound,#4ff8dc,critical,metal_wood_00,metal,blue,TRUE,2,TRUE,color & material,color
participant040,list4,high,description,relevant,blue wood,sound,#4fc0f8,filler,metal_wood_08,wood,blue,TRUE,2,TRUE,color & material,color
participant040,list4,high,description,relevant,blue,color,#4fc0f8,filler,metal_wood_01,metal,blue,TRUE,1,FALSE,color,NA
participant040,list4,high,description,base,blue metal,sound,#4fc0f8,critical,metal_wood_01,metal,blue,TRUE,2,TRUE,color & material,color
participant040,list4,high,description,base,blue wood,sound,#4fc0f8,critical,metal_wood_08,wood,blue,TRUE,2,TRUE,color & material,color
participant040,list4,low,description,relevant,blue wood,color,#4ff8dc,critical,metal_wood_08,wood,blue,TRUE,2,TRUE,color & material,material
participant040,list4,high,description,base,blue,color,#4fc0f8,critical,metal_wood_08,wood,blue,TRUE,1,FALSE,color,NA
participant040,list4,low,description,relevant,green,color,#51f8ce,critical,metal_wood_08,wood,green,TRUE,1,FALSE,color,NA
participant040,list4,high,description,base,green,color,#4ff889,critical,metal_wood_00,metal,green,TRUE,1,FALSE,color,NA
participant040,list4,low,description,irrelevant,blue,color,#4fc0f8,critical,metal_wood_08,wood,blue,TRUE,1,FALSE,color,NA
participant040,list4,low,description,relevant,blue wood,sound,#4fc0f8,critical,metal_wood_06,metal,blue,FALSE,2,TRUE,color & material,color
participant040,list4,low,description,relevant,green metal,sound,#4ff889,critical,metal_wood_08,wood,green,FALSE,2,TRUE,color & material,color
participant040,list4,high,description,relevant,blue wood,sound,#4fc0f8,filler,metal_wood_09,wood,blue,TRUE,2,TRUE,color & material,color
participant040,list4,low,description,irrelevant,green metal,sound,#51f8ce,critical,metal_wood_00,metal,green,TRUE,2,TRUE,color & material,color
participant040,list4,high,description,relevant,green,color,#4ff889,filler,metal_wood_01,metal,green,TRUE,1,FALSE,color,NA
participant040,list4,high,description,relevant,blue metal,sound,#4fc0f8,filler,metal_wood_00,metal,blue,TRUE,2,TRUE,color & material,color
participant040,list4,low,description,relevant,green,color,#51f8ce,critical,metal_wood_00,metal,green,TRUE,1,FALSE,color,NA
participant040,list4,low,description,irrelevant,green wood,sound,#4ff8dc,critical,metal_wood_08,wood,blue,TRUE,2,TRUE,color & material,color
participant045,list2,low,description,relevant,yellow wood,sound,#f8dc4f,critical,metal_wood_08,metal,yellow,FALSE,2,TRUE,color & material,color
participant045,list2,low,description,relevant,yellow wood,color,#f9c850,critical,metal_wood_00,metal,orange,FALSE,2,TRUE,color & material,material
participant045,list2,high,description,relevant,orange,color,#f8884f,filler,metal_wood_08,metal,orange,TRUE,1,FALSE,color,NA
participant045,list2,high,description,base,yellow metal,sound,#f8dc4f,critical,metal_wood_01,metal,yellow,TRUE,2,TRUE,color & material,color
participant045,list2,low,description,irrelevant,yellow metal,color,#f8884f,critical,metal_wood_09,wood,orange,FALSE,2,TRUE,color & material,material
participant045,list2,low,description,irrelevant,yellow wood,sound,#f9c850,critical,metal_wood_08,metal,orange,FALSE,2,TRUE,color & material,color
participant045,list2,low,description,relevant,orange wood,color,#f9cd4f,critical,metal_wood_01,metal,NA,TRUE,2,TRUE,color & material,material
participant046,list4,high,description,relevant,green wooden bat,sound,#4ff889,filler,metal_wood_09,wood,green,TRUE,2,TRUE,color & material,color
participant046,list4,low,description,irrelevant,blue metal bat,sound,#51f0e0,critical,metal_wood_09,wood,blue,FALSE,2,TRUE,color & material,color
participant046,list4,high,description,relevant,green wooden bat,color,#4ff889,filler,metal_wood_00,metal,green,TRUE,2,TRUE,color & material,material
participant046,list4,high,description,base,blue metal bat,color,#4fc0f8,critical,metal_wood_09,wood,blue,TRUE,2,TRUE,color & material,material
participant046,list4,low,description,relevant,green wooden bat,sound,#4ff889,critical,metal_wood_08,wood,green,TRUE,2,TRUE,color & material,color
participant046,list4,low,description,relevant,blue wooden bat,sound,#4fc0f8,critical,metal_wood_07,metal,blue,FALSE,2,TRUE,color & material,color
participant046,list4,high,description,base,green wooden bat,sound,#4ff889,critical,metal_wood_09,wood,green,TRUE,2,TRUE,color & material,color
participant046,list4,low,description,irrelevant,blue wooden bat,color,#4fc0f8,critical,metal_wood_07,metal,blue,TRUE,2,TRUE,color & material,material
participant046,list4,low,description,relevant,green wooden bat,sound,#4ff889,critical,metal_wood_07,metal,green,FALSE,2,TRUE,color & material,color
participant046,list4,high,description,base,green metal bat,color,#4ff889,critical,metal_wood_00,metal,green,TRUE,2,TRUE,color & material,material
participant046,list4,high,description,base,blue wooden bat,color,#4fc0f8,critical,metal_wood_09,wood,blue,TRUE,2,TRUE,color & material,material
participant046,list4,high,description,base,blue wooden bat,color,#4fc0f8,critical,metal_wood_09,wood,blue,TRUE,2,TRUE,color & material,material
participant046,list4,high,description,base,green metal bat,sound,#4ff889,critical,metal_wood_00,metal,green,TRUE,2,TRUE,color & material,color
participant046,list4,low,description,relevant,blue wooden bat,color,#51f0e0,critical,metal_wood_09,wood,blue,TRUE,2,TRUE,color & material,material
participant046,list4,high,description,base,green metal bat,color,#4ff889,critical,metal_wood_01,metal,green,TRUE,2,TRUE,color & material,material
participant046,list4,high,description,base,blue wooden bat,sound,#4fc0f8,critical,metal_wood_09,wood,blue,TRUE,2,TRUE,color & material,color
participant046,list4,high,description,relevant,blue metal bat,color,#4fc0f8,filler,metal_wood_00,metal,blue,TRUE,2,TRUE,color & material,material
participant046,list4,high,description,base,blue metal bat,sound,#4fc0f8,critical,metal_wood_00,metal,blue,TRUE,2,TRUE,color & material,color
participant046,list4,high,description,base,blue metal bat,color,#4fc0f8,critical,metal_wood_01,metal,blue,TRUE,2,TRUE,color & material,material
participant046,list4,high,description,relevant,blue metal bat,sound,#4fc0f8,filler,metal_wood_01,metal,blue,TRUE,2,TRUE,color & material,color
participant046,list4,low,description,irrelevant,blue wooden bat,color,#4fc0f8,critical,metal_wood_08,wood,blue,TRUE,2,TRUE,color & material,material
participant046,list4,high,description,base,blue metal bat,sound,#4fc0f8,critical,metal_wood_01,metal,blue,TRUE,2,TRUE,color & material,color
participant046,list4,low,description,irrelevant,blue metal bat,color,#4fc0f8,critical,metal_wood_07,metal,blue,TRUE,2,TRUE,color & material,material
participant046,list4,low,description,relevant,green metal bat,color,#4ff7dd,critical,metal_wood_00,metal,green,TRUE,2,TRUE,color & material,material
participant046,list4,low,description,irrelevant,green metal bat,sound,#4ff7dd,critical,metal_wood_01,metal,green,TRUE,2,TRUE,color & material,color
participant046,list4,low,description,irrelevant,green metal bat,sound,#51f0e0,critical,metal_wood_01,metal,blue,TRUE,2,TRUE,color & material,color
participant046,list4,high,description,relevant,green metal bat,color,#4ff889,filler,metal_wood_00,metal,green,TRUE,2,TRUE,color & material,material
participant046,list4,low,description,irrelevant,blue wooden bat,color,#4fc0f8,critical,metal_wood_08,wood,blue,TRUE,2,TRUE,color & material,material
participant046,list4,high,description,relevant,green metal bat,sound,#4ff889,filler,metal_wood_00,metal,green,TRUE,2,TRUE,color & material,color
participant046,list4,low,description,irrelevant,green wooden bat,color,#4ff889,critical,metal_wood_08,wood,green,TRUE,2,TRUE,color & material,material
participant046,list4,high,description,relevant,blue metal bat,sound,#4fc0f8,filler,metal_wood_00,metal,blue,TRUE,2,TRUE,color & material,color
participant046,list4,low,description,relevant,green wooden bat,color,#51f0e0,critical,metal_wood_09,wood,blue,FALSE,2,TRUE,color & material,material
participant046,list4,low,description,relevant,blue wooden bat,color,#51f0e0,critical,metal_wood_09,wood,blue,TRUE,2,TRUE,color & material,material
participant046,list4,high,description,base,green metal bat,color,#4ff889,critical,metal_wood_01,metal,green,TRUE,2,TRUE,color & material,material
participant046,list4,low,description,relevant,green wooden bat,sound,#4ff889,critical,metal_wood_08,wood,green,TRUE,2,TRUE,color & material,color
participant046,list4,low,description,irrelevant,blue wooden bat,color,#4fc0f8,critical,metal_wood_08,wood,blue,TRUE,2,TRUE,color & material,material
participant046,list4,low,description,relevant,green wooden bat,sound,#4ff889,critical,metal_wood_08,wood,green,TRUE,2,TRUE,color & material,color
participant046,list4,low,description,relevant,blue wooden bat,sound,#4fc0f8,critical,metal_wood_07,metal,blue,FALSE,2,TRUE,color & material,color
participant046,list4,low,description,relevant,green metal bat,color,#4ff7dd,critical,metal_wood_00,metal,green,TRUE,2,TRUE,color & material,material
participant046,list4,high,description,relevant,blue wooden bat,sound,#4fc0f8,filler,metal_wood_09,wood,blue,TRUE,2,TRUE,color & material,color
participant046,list4,high,description,relevant,blue metal bat,color,#4fc0f8,filler,metal_wood_01,metal,blue,TRUE,2,TRUE,color & material,material
participant046,list4,low,description,irrelevant,blue metal bat,color,#4fc0f8,critical,metal_wood_07,metal,blue,TRUE,2,TRUE,color & material,material
participant046,list4,low,description,relevant,green metal bat,color,#4ff7dd,critical,metal_wood_00,metal,green,TRUE,2,TRUE,color & material,material
participant046,list4,high,description,relevant,blue wooden bat,color,#4fc0f8,filler,metal_wood_09,wood,blue,TRUE,2,TRUE,color & material,material
participant046,list4,low,description,irrelevant,green wooden bat,sound,#4ff7dd,critical,metal_wood_09,wood,green,TRUE,2,TRUE,color & material,color
participant046,list4,low,description,irrelevant,green wooden bat,sound,#4ff7dd,critical,metal_wood_00,metal,green,FALSE,2,TRUE,color & material,color
participant046,list4,low,description,irrelevant,green wooden bat,sound,#51f0e0,critical,metal_wood_09,wood,blue,TRUE,2,TRUE,color & material,color
participant046,list4,low,description,relevant,blue wooden bat,sound,#4fc0f8,critical,metal_wood_07,metal,blue,FALSE,2,TRUE,color & material,color
participant050,list2,high,description,relevant,orange metal bat,sound,#f8884f,filler,metal_wood_01,metal,orange,TRUE,2,TRUE,color & material,color
participant050,list2,high,description,relevant,orange,color,#f8884f,filler,metal_wood_00,metal,orange,TRUE,1,FALSE,color,NA
participant050,list2,high,description,base,yellow,color,#f8dc4f,critical,metal_wood_01,metal,yellow,TRUE,1,FALSE,color,NA
participant050,list2,low,description,irrelevant,orange,color,#f8884f,critical,metal_wood_07,wood,orange,TRUE,1,FALSE,color,NA
participant050,list2,low,description,relevant,orange metal,color,#fab750,critical,metal_wood_00,metal,orange,TRUE,2,TRUE,color & material,material
participant050,list2,low,description,irrelevant,orange wood,sound,#fab750,critical,metal_wood_08,wood,orange,TRUE,2,TRUE,color & material,color
participant050,list2,high,description,base,yellow,color,#f8dc4f,critical,metal_wood_08,wood,yellow,TRUE,1,FALSE,color,NA
participant050,list2,high,description,base,orange wood,sound,#f8884f,critical,metal_wood_08,wood,orange,TRUE,2,TRUE,color & material,color
participant050,list2,high,description,base,orange wood,sound,#f8884f,critical,metal_wood_09,wood,orange,TRUE,2,TRUE,color & material,color
participant050,list2,high,description,relevant,yellow,color,#f8dc4f,filler,metal_wood_08,wood,yellow,TRUE,1,FALSE,color,NA
participant050,list2,high,description,base,yellow metal,sound,#f8dc4f,critical,metal_wood_00,metal,yellow,TRUE,2,TRUE,color & material,color
participant050,list2,high,description,relevant,orange,color,#f8884f,filler,metal_wood_09,wood,orange,TRUE,1,FALSE,color,NA
participant050,list2,high,description,base,orange,color,#f8884f,critical,metal_wood_01,metal,orange,TRUE,1,FALSE,color,NA
participant050,list2,low,description,relevant,yellow metal,sound,#f8dc4f,critical,metal_wood_05,metal,yellow,TRUE,2,TRUE,color & material,color
participant050,list2,high,description,base,yellow wood,sound,#f8dc4f,critical,metal_wood_08,wood,yellow,TRUE,2,TRUE,color & material,color
participant050,list2,high,description,relevant,yellow,color,#f8dc4f,filler,metal_wood_09,wood,yellow,TRUE,1,FALSE,color,NA
participant050,list2,low,description,irrelevant,orange wood,sound,#fab750,critical,metal_wood_09,wood,orange,TRUE,2,TRUE,color & material,color
participant050,list2,low,description,irrelevant,orange wood,sound,#fabb50,critical,metal_wood_08,wood,yellow,TRUE,2,TRUE,color & material,color
participant050,list2,low,description,irrelevant,orange metal,sound,#fabb50,critical,metal_wood_00,metal,yellow,TRUE,2,TRUE,color & material,color
participant050,list2,low,description,irrelevant,yellow,color,#f8dc4f,critical,metal_wood_05,metal,yellow,TRUE,1,FALSE,color,NA
participant050,list2,high,description,base,orange metal,sound,#f8884f,critical,metal_wood_01,metal,orange,TRUE,2,TRUE,color & material,color
participant050,list2,low,description,relevant,orange wood,sound,#f8884f,critical,metal_wood_07,wood,orange,TRUE,2,TRUE,color & material,color
participant050,list2,low,description,relevant,orange metal,color,#fabb50,critical,metal_wood_01,metal,yellow,FALSE,2,TRUE,color & material,material
participant050,list2,low,description,irrelevant,orange,color,#f8884f,critical,metal_wood_07,wood,orange,TRUE,1,FALSE,color,NA
participant050,list2,high,description,relevant,yellow metal,sound,#f8dc4f,filler,metal_wood_01,metal,yellow,TRUE,2,TRUE,color & material,color
participant050,list2,high,description,relevant,wood,sound,#f8dc4f,filler,metal_wood_08,wood,yellow,TRUE,1,FALSE,material,NA
participant050,list2,low,description,irrelevant,yellow metal,sound,#fab750,critical,metal_wood_01,metal,orange,TRUE,2,TRUE,color & material,color
participant050,list2,low,description,irrelevant,yellow,color,#f8dc4f,critical,metal_wood_05,metal,yellow,TRUE,1,FALSE,color,NA
participant050,list2,low,description,irrelevant,yellow,color,#f8dc4f,critical,metal_wood_07,wood,yellow,TRUE,1,FALSE,color,NA
participant050,list2,low,description,relevant,orange wood,sound,#f8884f,critical,metal_wood_07,wood,orange,TRUE,2,TRUE,color & material,color
participant050,list2,low,description,relevant,wood,sound,#f8884f,critical,metal_wood_05,metal,orange,FALSE,1,FALSE,material,NA
participant050,list2,high,description,base,yellow metal,sound,#f8dc4f,critical,metal_wood_00,metal,yellow,TRUE,2,TRUE,color & material,color
participant050,list2,low,description,irrelevant,orange,color,#f8884f,critical,metal_wood_05,metal,orange,TRUE,1,FALSE,color,NA
participant050,list2,low,description,irrelevant,orange wood,color,#f8884f,critical,metal_wood_05,metal,orange,TRUE,2,TRUE,color & material,material
participant050,list2,low,description,relevant,orange metal,sound,#f8884f,critical,metal_wood_05,metal,orange,TRUE,2,TRUE,color & material,color
participant050,list2,low,description,relevant,orange wood,color,#fabb50,critical,metal_wood_09,wood,yellow,FALSE,2,TRUE,color & material,material
participant050,list2,high,description,base,orange,color,#f8884f,critical,metal_wood_08,wood,orange,TRUE,1,FALSE,color,NA
participant050,list2,low,description,relevant,orange,color,#fab750,critical,metal_wood_08,wood,orange,TRUE,1,FALSE,color,NA
participant050,list2,high,description,relevant,metal,sound,#f8884f,filler,metal_wood_01,metal,orange,TRUE,1,FALSE,material,NA
participant050,list2,low,description,irrelevant,orange,color,#f8884f,critical,metal_wood_07,wood,orange,TRUE,1,FALSE,color,NA
participant050,list2,high,description,base,orange,color,#f8884f,critical,metal_wood_09,wood,orange,TRUE,1,FALSE,color,NA
participant050,list2,low,description,irrelevant,yellow metal,sound,#fabb50,critical,metal_wood_01,metal,yellow,TRUE,2,TRUE,color & material,color
participant050,list2,low,description,relevant,orange wood,sound,#f8884f,critical,metal_wood_07,wood,orange,TRUE,2,TRUE,color & material,color
participant050,list2,high,description,base,yellow wood,sound,#f8884f,critical,metal_wood_08,wood,orange,TRUE,2,TRUE,color & material,color
participant050,list2,high,description,base,yellow,color,#f8dc4f,critical,metal_wood_01,metal,yellow,TRUE,1,FALSE,color,NA
participant050,list2,high,description,relevant,wood,sound,#f8884f,filler,metal_wood_08,wood,orange,TRUE,1,FALSE,material,NA
participant050,list2,high,description,base,yellow,color,#f8dc4f,critical,metal_wood_09,wood,yellow,TRUE,1,FALSE,color,NA
participant050,list2,high,description,base,orange,color,#f8884f,critical,metal_wood_09,wood,orange,TRUE,1,FALSE,color,NA
participant050,list2,low,description,irrelevant,yellow wood,sound,#fabb50,critical,metal_wood_09,wood,yellow,TRUE,2,TRUE,color & material,color
participant050,list2,low,description,relevant,orange wood,color,#fab750,critical,metal_wood_09,wood,orange,TRUE,2,TRUE,color & material,material
participant050,list2,high,description,relevant,yellow metal,color,#f8dc4f,filler,metal_wood_01,metal,yellow,TRUE,2,TRUE,color & material,material
participant050,list2,low,description,relevant,metal,sound,#f8dc4f,critical,metal_wood_05,metal,yellow,TRUE,1,FALSE,material,NA
participant050,list2,low,description,relevant,yellow,color,#fabb50,critical,metal_wood_09,wood,yellow,TRUE,1,FALSE,color,NA
participant050,list2,low,description,relevant,orange,color,#fab750,critical,metal_wood_08,wood,orange,TRUE,1,FALSE,color,NA
participant050,list2,low,description,relevant,yellow,color,#fabb50,critical,metal_wood_00,metal,yellow,TRUE,1,FALSE,color,NA
participant050,list2,low,description,relevant,yellow wood,sound,#f8dc4f,critical,metal_wood_07,wood,yellow,TRUE,2,TRUE,color & material,color
participant051,list4,high,description,relevant,blue wooden bat,color,#4fc0f8,filler,metal_wood_09,wood,blue,TRUE,2,TRUE,color & material,material
participant051,list4,high,description,relevant,green metal bat,sound,#4ff889,filler,metal_wood_00,metal,green,TRUE,2,TRUE,color & material,color
participant051,list4,low,description,relevant,green wood bat,color,#50f5de,critical,metal_wood_08,wood,green,TRUE,2,TRUE,color & material,material
participant051,list4,high,description,base,green metal bat,sound,#4ff889,critical,metal_wood_01,metal,green,TRUE,2,TRUE,color & material,color
participant051,list4,low,description,relevant,green bat,color,#50f5de,critical,metal_wood_09,wood,green,TRUE,1,FALSE,color,NA
participant051,list4,high,description,base,metal bat,sound,#4ff889,critical,metal_wood_00,metal,green,TRUE,1,FALSE,material,NA
participant051,list4,low,description,irrelevant,metal bat,sound,#52eee1,critical,metal_wood_01,metal,blue,TRUE,1,FALSE,material,NA
participant051,list4,high,description,base,green bat,color,#4ff889,critical,metal_wood_09,wood,green,TRUE,1,FALSE,color,NA
participant051,list4,low,description,relevant,wooden bat,sound,#4fc0f8,critical,metal_wood_07,wood,blue,TRUE,1,FALSE,material,NA
participant051,list4,high,description,base,wooden bat,sound,#4fc0f8,critical,metal_wood_09,wood,blue,TRUE,1,FALSE,material,NA
participant052,list3,high,description,relevant,blue metal bat,color,#4fc0f8,filler,metal_wood_08,wood,blue,TRUE,2,TRUE,color & material,material
participant052,list3,high,description,relevant,blue wood bat,color,#4fc0f8,filler,metal_wood_09,wood,blue,TRUE,2,TRUE,color & material,material
participant052,list3,high,description,relevant,green bat,color,#4ff889,filler,metal_wood_09,wood,green,TRUE,1,FALSE,color,NA
participant052,list3,low,description,relevant,green wood bat,sound,#4ff889,critical,metal_wood_08,wood,green,TRUE,2,TRUE,color & material,color
participant052,list3,high,description,relevant,green metal bat,sound,#4ff889,filler,metal_wood_01,metal,green,TRUE,2,TRUE,color & material,color
participant052,list3,high,description,relevant,wood bat,sound,#4fc0f8,filler,metal_wood_09,wood,blue,TRUE,1,FALSE,material,NA
participant052,list3,high,description,base,green bat,color,#4ff889,critical,metal_wood_09,wood,green,TRUE,1,FALSE,color,NA
participant052,list3,high,description,relevant,green metal bat,color,#4ff889,filler,metal_wood_00,metal,green,TRUE,2,TRUE,color & material,material
participant052,list3,low,description,relevant,green wood bat,sound,#4ff889,critical,metal_wood_08,wood,green,TRUE,2,TRUE,color & material,color
participant052,list3,high,description,base,blue bat,color,#4fc0f8,critical,metal_wood_09,wood,blue,TRUE,1,FALSE,color,NA
participant052,list3,low,description,relevant,wood bat,sound,#4fc0f8,critical,metal_wood_08,wood,blue,TRUE,1,FALSE,material,NA
participant052,list3,low,description,irrelevant,blue bat,color,#4fc0f8,critical,metal_wood_08,wood,blue,TRUE,1,FALSE,color,NA
participant052,list3,low,description,relevant,green metal bat,sound,#4ff889,critical,metal_wood_03,metal,green,TRUE,2,TRUE,color & material,color
participant052,list3,low,description,irrelevant,blue wood bat,sound,#53e7e5,critical,metal_wood_09,wood,blue,TRUE,2,TRUE,color & material,color
participant052,list3,low,description,relevant,blue bat,color,#53e7e5,critical,metal_wood_09,wood,blue,TRUE,1,FALSE,color,NA
participant052,list3,low,description,irrelevant,blue metal bat,sound,#51f2df,critical,metal_wood_00,metal,green,TRUE,2,TRUE,color & material,color
participant052,list3,high,description,relevant,metal bat,sound,#4ff889,filler,metal_wood_01,metal,green,TRUE,1,FALSE,material,NA
participant052,list3,high,description,base,blue bat,color,#4fc0f8,critical,metal_wood_00,metal,blue,TRUE,1,FALSE,color,NA
participant052,list3,low,description,irrelevant,blue bat,color,#4fc0f8,critical,metal_wood_08,wood,blue,TRUE,1,FALSE,color,NA
participant052,list3,high,description,base,green metal bat,sound,#4ff889,critical,metal_wood_01,metal,green,TRUE,2,TRUE,color & material,color
participant052,list3,high,description,base,green bat,color,#4ff889,critical,metal_wood_01,metal,green,TRUE,1,FALSE,color,NA
participant052,list3,high,description,relevant,wood bat,sound,#4fc0f8,filler,metal_wood_09,wood,blue,TRUE,1,FALSE,material,NA
participant052,list3,low,description,relevant,green wood bat,sound,#4ff889,critical,metal_wood_08,wood,green,TRUE,2,TRUE,color & material,color
participant052,list3,low,description,irrelevant,blue bat,color,#4fc0f8,critical,metal_wood_03,metal,blue,TRUE,1,FALSE,color,NA
participant052,list3,high,description,relevant,green bat,color,#4ff889,filler,metal_wood_08,wood,green,TRUE,1,FALSE,color,NA
participant052,list3,low,description,relevant,blue,color,#53e7e5,critical,metal_wood_09,wood,blue,TRUE,1,FALSE,color,NA
participant052,list3,low,description,relevant,blue bat,color,#53e7e5,critical,metal_wood_00,metal,blue,TRUE,1,FALSE,color,NA
participant052,list3,low,description,irrelevant,blue metal bat,sound,#51f2df,critical,metal_wood_01,metal,green,TRUE,2,TRUE,color & material,color
participant052,list3,low,description,irrelevant,blue wood bat,sound,#51f2df,critical,metal_wood_08,wood,green,TRUE,2,TRUE,color & material,color
participant052,list3,high,description,base,green wood bat,sound,#4ff889,critical,metal_wood_08,wood,green,TRUE,2,TRUE,color & material,color
participant052,list3,low,description,irrelevant,green metal bat,color,#4fc0f8,critical,metal_wood_03,metal,blue,FALSE,2,TRUE,color & material,material
participant052,list3,high,description,base,metal bat,sound,#4ff889,critical,metal_wood_00,metal,green,TRUE,1,FALSE,material,NA
participant052,list3,high,description,base,metal bat,sound,#4fc0f8,critical,metal_wood_01,metal,blue,TRUE,1,FALSE,material,NA
participant052,list3,high,description,base,blue bat,color,#4fc0f8,critical,metal_wood_09,wood,blue,TRUE,1,FALSE,color,NA
participant052,list3,low,description,relevant,metal bat,sound,#4ff889,critical,metal_wood_03,metal,green,TRUE,1,FALSE,material,NA
participant052,list3,low,description,irrelevant,blue bat,color,#4fc0f8,critical,metal_wood_03,metal,blue,TRUE,1,FALSE,color,NA
participant052,list3,low,description,irrelevant,blue bat,color,#4fc0f8,critical,metal_wood_03,metal,blue,TRUE,1,FALSE,color,NA
participant052,list3,low,description,irrelevant,green bat,color,#4ff889,critical,metal_wood_08,wood,green,TRUE,1,FALSE,color,NA
participant052,list3,high,description,base,green wood bat,sound,#4ff889,critical,metal_wood_08,wood,green,TRUE,2,TRUE,color & material,color
participant052,list3,low,description,relevant,metal bat,sound,#4ff889,critical,metal_wood_03,metal,green,TRUE,1,FALSE,material,NA
participant052,list3,low,description,irrelevant,wood bat,sound,#53e7e5,critical,metal_wood_09,wood,blue,TRUE,1,FALSE,material,NA
participant052,list3,low,description,relevant,blue bat,color,#53e7e5,critical,metal_wood_00,metal,blue,TRUE,1,FALSE,color,NA
participant052,list3,high,description,base,blue bat,color,#4fc0f8,critical,metal_wood_01,metal,blue,TRUE,1,FALSE,color,NA
participant052,list3,high,description,relevant,wood bat,sound,#4fc0f8,filler,metal_wood_08,wood,blue,TRUE,1,FALSE,material,NA
participant052,list3,high,description,relevant,blue bat,color,#4fc0f8,filler,metal_wood_08,wood,blue,TRUE,1,FALSE,color,NA
participant052,list3,high,description,base,green bat,color,#4ff889,critical,metal_wood_08,wood,green,TRUE,1,FALSE,color,NA
participant052,list3,high,description,base,green bat,color,#4ff889,critical,metal_wood_00,metal,green,TRUE,1,FALSE,color,NA
participant052,list3,low,description,relevant,metal bat,sound,#4fc0f8,critical,metal_wood_03,metal,blue,TRUE,1,FALSE,material,NA
participant052,list3,high,description,relevant,metal bat,sound,#4fc0f8,filler,metal_wood_01,metal,blue,TRUE,1,FALSE,material,NA
participant052,list3,high,description,base,wood bat,sound,#4ff889,critical,metal_wood_08,wood,green,TRUE,1,FALSE,material,NA
participant052,list3,low,description,irrelevant,blue bat,color,#4fc0f8,critical,metal_wood_08,wood,blue,TRUE,1,FALSE,color,NA
participant052,list3,low,description,irrelevant,metal bat,sound,#53e7e5,critical,metal_wood_00,metal,blue,TRUE,1,FALSE,material,NA
participant053,list4,high,description,relevant,blue metal bat,sound,#4fc0f8,filler,metal_wood_00,metal,blue,TRUE,2,TRUE,color & material,color
participant053,list4,high,description,relevant,blue metal,color,#4fc0f8,filler,metal_wood_01,metal,blue,TRUE,2,TRUE,color & material,material
participant053,list4,low,description,relevant,green metal bat,color,#50f8d9,critical,metal_wood_00,metal,green,TRUE,2,TRUE,color & material,material
participant053,list4,high,description,base,blue wood,color,#4fc0f8,critical,metal_wood_00,metal,blue,TRUE,2,TRUE,color & material,material
participant053,list4,low,description,irrelevant,blue wood bat,sound,#53e9e4,critical,metal_wood_08,wood,blue,TRUE,2,TRUE,color & material,color
participant053,list4,low,description,irrelevant,blue wood,sound,#50f8d9,critical,metal_wood_09,wood,green,TRUE,2,TRUE,color & material,color
participant053,list4,high,description,relevant,green wood,sound,#4ff889,filler,metal_wood_08,wood,green,TRUE,2,TRUE,color & material,color
participant053,list4,low,description,irrelevant,blue wood,color,#4fc0f8,critical,metal_wood_07,wood,blue,TRUE,2,TRUE,color & material,material
participant053,list4,low,description,irrelevant,blue metal,color,#4fc0f8,critical,metal_wood_04,NA,blue,TRUE,2,TRUE,color & material,material
participant053,list4,low,description,relevant,blue wood bat,sound,#4fc0f8,critical,metal_wood_07,wood,blue,TRUE,2,TRUE,color & material,color
participant053,list4,low,description,relevant,blue wood bat,sound,#4fc0f8,critical,metal_wood_07,wood,blue,TRUE,2,TRUE,color & material,color
participant053,list4,high,description,relevant,blue wood bat,color,#4fc0f8,filler,metal_wood_08,wood,blue,TRUE,2,TRUE,color & material,material
participant053,list4,low,description,irrelevant,green wood bat,color,#4ff889,critical,metal_wood_07,wood,green,TRUE,2,TRUE,color & material,material
participant053,list4,low,description,irrelevant,blue metal bat,sound,#50f8d9,critical,metal_wood_00,metal,green,TRUE,2,TRUE,color & material,color
participant053,list4,high,description,base,blue wood bat,sound,#4ff889,critical,metal_wood_09,wood,green,TRUE,2,TRUE,color & material,color
participant053,list4,high,description,base,blue metal bat,sound,#4fc0f8,critical,metal_wood_01,metal,blue,TRUE,2,TRUE,color & material,color
participant053,list4,high,description,relevant,metal bat,sound,#4fc0f8,filler,metal_wood_00,metal,blue,TRUE,1,FALSE,material,NA
participant053,list4,low,description,relevant,blue metal bat,color,#53e9e4,critical,metal_wood_01,metal,blue,TRUE,2,TRUE,color & material,material
participant053,list4,high,description,relevant,green metal bat,color,#4ff889,filler,metal_wood_00,metal,green,TRUE,2,TRUE,color & material,material
participant054,list4,high,description,relevant,the blue wooden bat,sound,#4fc0f8,filler,metal_wood_09,wood,blue,TRUE,2,TRUE,color & material,color
participant054,list4,high,description,relevant,the green and wooden bat,color,#4ff889,filler,metal_wood_08,wood,green,TRUE,3,TRUE,color & material,material
participant054,list4,high,description,relevant,the blue wood bat,sound,#4fc0f8,filler,metal_wood_09,wood,blue,TRUE,2,TRUE,color & material,color
participant054,list4,high,description,base,green wooden bat,color,#4ff889,critical,metal_wood_08,wood,green,TRUE,2,TRUE,color & material,material
participant054,list4,high,description,relevant,green wooden bat,color,#4ff889,filler,metal_wood_09,wood,green,TRUE,2,TRUE,color & material,material
participant054,list4,high,description,base,the blue metal bat,sound,#4fc0f8,critical,metal_wood_01,metal,blue,TRUE,2,TRUE,color & material,color
participant054,list4,low,description,relevant,the green metal bat,color,#51f8d2,critical,metal_wood_09,wood,blue,FALSE,2,TRUE,color & material,material
participant054,list4,low,description,irrelevant,the blue wooden bat,sound,#51f8d2,critical,metal_wood_00,metal,blue,FALSE,2,TRUE,color & material,color
participant054,list4,high,description,relevant,the green metal bat,sound,#4ff889,filler,metal_wood_00,metal,green,TRUE,2,TRUE,color & material,color
participant054,list4,high,description,base,the green metal bat,color,#4ff889,critical,metal_wood_01,metal,green,TRUE,2,TRUE,color & material,material
participant054,list4,high,description,base,the green metal bat,color,#4ff889,critical,metal_wood_00,metal,green,TRUE,2,TRUE,color & material,material
participant054,list4,low,description,irrelevant,the green metal bat,color,#4ff889,critical,metal_wood_04,metal,green,TRUE,2,TRUE,color & material,material
participant054,list4,low,description,irrelevant,the green metal bat,color,#4ff889,critical,metal_wood_06,wood,green,TRUE,2,TRUE,color & material,material
participant054,list4,low,description,relevant,the greenish blue metal bad,color,#52f8cb,critical,metal_wood_09,wood,green,TRUE,4,TRUE,color & material,material
participant054,list4,low,description,relevant,blue metal bat,sound,#4fc0f8,critical,metal_wood_06,wood,blue,FALSE,2,TRUE,color & material,color
participant054,list4,low,description,relevant,the greenish blue wooden bat,color,#52f8cb,critical,metal_wood_09,wood,green,TRUE,3,TRUE,color & material,material
participant054,list4,high,description,base,the green wooden bat,sound,#4ff889,critical,metal_wood_09,wood,green,TRUE,2,TRUE,color & material,color
participant054,list4,high,description,base,the blue wooden bat,color,#4fc0f8,critical,metal_wood_08,wood,blue,TRUE,2,TRUE,color & material,material
participant054,list4,low,description,irrelevant,the green metal bat,color,#4ff889,critical,metal_wood_06,wood,green,TRUE,2,TRUE,color & material,material
participant054,list4,low,description,relevant,the green metal bat,sound,#4ff889,critical,metal_wood_04,metal,green,TRUE,2,TRUE,color & material,color
participant054,list4,high,description,relevant,the blue metal bat,sound,#4ff889,filler,metal_wood_00,metal,green,TRUE,2,TRUE,color & material,color
participant054,list4,high,description,base,the green wooden bat,sound,#4ff889,critical,metal_wood_08,wood,green,TRUE,2,TRUE,color & material,color
participant054,list4,high,description,base,the blue metal bat,sound,#4fc0f8,critical,metal_wood_01,metal,blue,TRUE,2,TRUE,color & material,color
participant054,list4,low,description,relevant,the blueish green metal bat,color,#52f8cb,critical,metal_wood_01,metal,green,TRUE,3,TRUE,color & material,material
participant054,list4,low,description,relevant,the green wooden bat,sound,#4ff889,critical,metal_wood_06,wood,green,TRUE,2,TRUE,color & material,color
participant054,list4,high,description,base,the green metal bat,sound,#4ff889,critical,metal_wood_00,metal,green,TRUE,2,TRUE,color & material,color
participant054,list4,low,description,relevant,the green metal bat,sound,#4ff889,critical,metal_wood_04,metal,green,TRUE,2,TRUE,color & material,color
participant054,list4,low,description,irrelevant,the blueish green wooden bat,sound,#51f8d2,critical,metal_wood_08,wood,blue,TRUE,3,TRUE,color & material,color
participant054,list4,high,description,relevant,the blue metal bat,color,#4fc0f8,filler,metal_wood_00,metal,blue,TRUE,2,TRUE,color & material,material
participant054,list4,high,description,base,the blue wooden bat,color,#4fc0f8,critical,metal_wood_09,wood,blue,TRUE,2,TRUE,color & material,material
participant054,list4,high,description,relevant,the green metal bat,sound,#4ff889,filler,metal_wood_00,metal,green,TRUE,2,TRUE,color & material,color
participant054,list4,low,description,relevant,the greenish blue wooden bat,color,#52f8cb,critical,metal_wood_00,metal,green,TRUE,3,TRUE,color & material,material
participant054,list4,high,description,base,the blue metal bat,sound,#4ff889,critical,metal_wood_01,metal,green,TRUE,2,TRUE,color & material,color
participant054,list4,low,description,relevant,the blue metal bat,sound,#4fc0f8,critical,metal_wood_04,metal,blue,TRUE,2,TRUE,color & material,color
participant054,list4,high,description,relevant,the blue wooden bat,color,#4fc0f8,filler,metal_wood_09,wood,blue,TRUE,2,TRUE,color & material,material
participant054,list4,low,description,relevant,the blueish green wooden bat,color,#51f8d2,critical,metal_wood_08,wood,blue,TRUE,3,TRUE,color & material,material
participant054,list4,low,description,irrelevant,the green wooden bat,color,#4ff889,critical,metal_wood_06,wood,green,TRUE,2,TRUE,color & material,material
participant054,list4,low,description,irrelevant,the blue metal bat,color,#4fc0f8,critical,metal_wood_04,metal,blue,TRUE,2,TRUE,color & material,material
participant054,list4,low,description,relevant,the blue wooden bat,sound,#4fc0f8,critical,metal_wood_06,wood,blue,TRUE,2,TRUE,color & material,color
participant054,list4,low,description,relevant,the green wooden bat,sound,#4ff889,critical,metal_wood_06,wood,green,TRUE,2,TRUE,color & material,color
participant054,list4,low,description,irrelevant,the blue metal bat,color,#4fc0f8,critical,metal_wood_04,metal,blue,TRUE,2,TRUE,color & material,material
participant054,list4,high,description,relevant,the blue wooden bat,sound,#4fc0f8,filler,metal_wood_09,wood,blue,TRUE,2,TRUE,color & material,color
participant054,list4,high,description,base,the blue wooden bat,sound,#4fc0f8,critical,metal_wood_08,wood,blue,TRUE,2,TRUE,color & material,color
participant054,list4,low,description,relevant,the blueish green metal bat,color,#51f8d2,critical,metal_wood_01,metal,blue,TRUE,3,TRUE,color & material,material
participant054,list4,high,description,base,the blue wooden bat,sound,#4fc0f8,critical,metal_wood_09,wood,blue,TRUE,2,TRUE,color & material,color
participant054,list4,low,description,irrelevant,the blueish green wooden bat,sound,#52f8cb,critical,metal_wood_09,wood,green,TRUE,3,TRUE,color & material,color
participant054,list4,low,description,irrelevant,the blue metal bat,color,#4fc0f8,critical,metal_wood_06,wood,blue,TRUE,2,TRUE,color & material,material
participant054,list4,high,description,relevant,the green metal bat,color,#4ff889,filler,metal_wood_01,metal,green,TRUE,2,TRUE,color & material,material
participant054,list4,low,description,irrelevant,the greenish blue metal bat,sound,#51f8d2,critical,metal_wood_00,metal,blue,TRUE,3,TRUE,color & material,color
participant054,list4,high,description,relevant,the blue wooden bat,color,#4fc0f8,filler,metal_wood_09,wood,blue,TRUE,2,TRUE,color & material,material
participant054,list4,low,description,irrelevant,the greenish blue wooden bat,sound,#52f8cb,critical,metal_wood_01,metal,green,FALSE,3,TRUE,color & material,color
participant054,list4,low,description,relevant,the blueish green wooden bat,color,#51f8d2,critical,metal_wood_09,wood,blue,TRUE,3,TRUE,color & material,material
participant054,list4,low,description,irrelevant,the green wooden bat,color,#4ff889,critical,metal_wood_04,metal,green,TRUE,2,TRUE,color & material,material
participant054,list4,high,description,base,the blue wooden bat,color,#4fc0f8,critical,metal_wood_01,metal,blue,TRUE,2,TRUE,color & material,material
participant054,list4,high,description,base,the green metal bat,color,#4ff889,critical,metal_wood_09,wood,green,TRUE,2,TRUE,color & material,material
participant054,list4,low,description,irrelevant,the greenish blue wooden bat,sound,#52f8cb,critical,metal_wood_08,wood,green,TRUE,3,TRUE,color & material,color
participant055,list1,high,description,relevant,the yellow bat,color,#f8dc4f,filler,metal_wood_01,metal,yellow,TRUE,1,FALSE,color,NA
participant055,list1,high,description,relevant,the orange bat,color,#f8884f,filler,metal_wood_08,wood,orange,TRUE,1,FALSE,color,NA
participant055,list1,high,description,base,the yellow bat,color,#f8dc4f,critical,metal_wood_00,metal,yellow,TRUE,1,FALSE,color,NA
participant055,list1,low,description,irrelevant,the yellow and metal bat,sound,#fabe50,critical,metal_wood_00,metal,orange,TRUE,3,TRUE,color & material,color
participant055,list1,low,description,relevant,the yellow and wood bat,sound,#f8dc4f,critical,metal_wood_04,wood,yellow,TRUE,3,TRUE,color & material,color
participant055,list1,low,description,relevant,the yellow and wood bat,color,#fabe50,critical,metal_wood_08,wood,orange,FALSE,3,TRUE,color & material,material
participant055,list1,low,description,relevant,the yellow and metal bat,sound,#f8dc4f,critical,metal_wood_03,metal,yellow,TRUE,3,TRUE,color & material,color
participant055,list1,low,description,irrelevant,the orange bat,color,#f8884f,critical,metal_wood_04,wood,orange,TRUE,1,FALSE,color,NA
participant055,list1,low,description,irrelevant,the yellow and metal bat,sound,#fabd50,critical,metal_wood_00,metal,yellow,TRUE,3,TRUE,color & material,color
participant055,list1,high,description,relevant,the orange and metal bat,sound,#f8884f,filler,metal_wood_01,metal,orange,TRUE,3,TRUE,color & material,color
participant055,list1,low,description,irrelevant,the yellow bat,color,#f8dc4f,critical,metal_wood_04,wood,yellow,TRUE,1,FALSE,color,NA
participant055,list1,high,description,base,the yellow and metal bat,sound,#f8dc4f,critical,metal_wood_00,metal,yellow,TRUE,3,TRUE,color & material,color
participant055,list1,high,description,base,the orange bat,color,#f8884f,critical,metal_wood_08,wood,orange,TRUE,1,FALSE,color,NA
participant055,list1,high,description,base,the yellow and metal bat,sound,#f8dc4f,critical,metal_wood_01,metal,yellow,TRUE,3,TRUE,color & material,color
participant055,list1,low,description,irrelevant,the yellow and metal bat,sound,#fabe50,critical,metal_wood_01,metal,orange,TRUE,3,TRUE,color & material,color
participant055,list1,high,description,relevant,the orange bat,color,#f8884f,filler,metal_wood_00,metal,orange,TRUE,1,FALSE,color,NA
participant055,list1,low,description,irrelevant,the orange and metal bat,sound,#fabd50,critical,metal_wood_00,metal,yellow,TRUE,3,TRUE,color & material,color
participant055,list1,low,description,relevant,the orange and wood bat,sound,#f8884f,critical,metal_wood_04,wood,orange,TRUE,3,TRUE,color & material,color
participant055,list1,high,description,relevant,the yellow bat,color,#f8dc4f,filler,metal_wood_09,wood,yellow,TRUE,1,FALSE,color,NA
participant055,list1,low,description,irrelevant,the orange bat,color,#f8884f,critical,metal_wood_04,wood,orange,TRUE,1,FALSE,color,NA
participant055,list1,high,description,relevant,the yellow bat,color,#f8dc4f,filler,metal_wood_00,metal,yellow,TRUE,1,FALSE,color,NA
participant055,list1,low,description,relevant,the yellow and metal bat,color,#fabd50,critical,metal_wood_01,metal,yellow,TRUE,3,TRUE,color & material,material
participant055,list1,high,description,base,the orange bat,color,#f8884f,critical,metal_wood_09,wood,orange,TRUE,1,FALSE,color,NA
participant055,list1,low,description,relevant,the orange and metal bat,color,#fabd50,critical,metal_wood_01,metal,yellow,FALSE,3,TRUE,color & material,material
participant055,list1,low,description,irrelevant,the yellow bat,color,#f8dc4f,critical,metal_wood_03,metal,yellow,TRUE,1,FALSE,color,NA
participant055,list1,low,description,relevant,the orange and wood bat,color,#fabd50,critical,metal_wood_08,wood,yellow,FALSE,3,TRUE,color & material,material
participant055,list1,high,description,base,the orange bat,color,#f8884f,critical,metal_wood_08,wood,orange,TRUE,1,FALSE,color,NA
participant055,list1,high,description,relevant,the wood bat,sound,#f8884f,filler,metal_wood_08,wood,orange,TRUE,1,FALSE,material,NA
participant055,list1,high,description,base,the yellow bat,color,#f8dc4f,critical,metal_wood_01,metal,yellow,TRUE,1,FALSE,color,NA
participant055,list1,high,description,relevant,the wood bat,sound,#f8dc4f,filler,metal_wood_08,wood,yellow,TRUE,1,FALSE,material,NA
participant055,list1,low,description,relevant,the orange bat,color,#fabe50,critical,metal_wood_01,metal,orange,TRUE,1,FALSE,color,NA
participant055,list1,low,description,irrelevant,the wood bat,sound,#fabe50,critical,metal_wood_08,wood,orange,TRUE,1,FALSE,material,NA
participant055,list1,high,description,relevant,the metal bat,sound,#f8884f,filler,metal_wood_01,metal,orange,TRUE,1,FALSE,material,NA
participant055,list1,high,description,base,the metal bat,sound,#f8dc4f,critical,metal_wood_00,metal,yellow,TRUE,1,FALSE,material,NA
participant055,list1,low,description,irrelevant,the metal bat,sound,#fabd50,critical,metal_wood_01,metal,yellow,TRUE,1,FALSE,material,NA
participant055,list1,low,description,relevant,the wood bat,sound,#f8884f,critical,metal_wood_04,wood,orange,TRUE,1,FALSE,material,NA
participant055,list1,low,description,irrelevant,the metal bat,sound,#fabe50,critical,metal_wood_00,metal,orange,TRUE,1,FALSE,material,NA
participant055,list1,low,description,irrelevant,the orange bat,color,#f8884f,critical,metal_wood_03,metal,orange,TRUE,1,FALSE,color,NA
participant055,list1,high,description,base,the orange and wood bat,sound,#f8884f,critical,metal_wood_08,wood,orange,TRUE,3,TRUE,color & material,color
participant055,list1,low,description,irrelevant,the yellow bat,color,#f8dc4f,critical,metal_wood_03,metal,yellow,TRUE,1,FALSE,color,NA
participant055,list1,high,description,base,the yellow bat,color,#f8dc4f,critical,metal_wood_01,metal,yellow,TRUE,1,FALSE,color,NA
participant055,list1,high,description,relevant,the orange bat,color,#f8884f,filler,metal_wood_08,wood,orange,TRUE,1,FALSE,color,NA
participant055,list1,low,description,irrelevant,the yellow bat,color,#f8dc4f,critical,metal_wood_03,metal,yellow,TRUE,1,FALSE,color,NA
participant055,list1,low,description,relevant,the metal bat,sound,#f8884f,critical,metal_wood_03,metal,orange,TRUE,1,FALSE,material,NA
participant055,list1,high,description,base,the metal bat,sound,#f8884f,critical,metal_wood_01,metal,orange,TRUE,1,FALSE,material,NA
participant055,list1,high,description,base,the wood bat,sound,#f8dc4f,critical,metal_wood_09,wood,yellow,TRUE,1,FALSE,material,NA
participant055,list1,high,description,relevant,the metal bat,sound,#f8884f,filler,metal_wood_01,metal,orange,TRUE,1,FALSE,material,NA
participant055,list1,low,description,relevant,the orange bat,color,#fabe50,critical,metal_wood_09,wood,orange,TRUE,1,FALSE,color,NA
participant055,list1,high,description,base,the orange bat,color,#f8884f,critical,metal_wood_01,metal,orange,TRUE,1,FALSE,color,NA
participant055,list1,low,description,relevant,the orange and wood bat,color,#fabe50,critical,metal_wood_09,wood,orange,TRUE,3,TRUE,color & material,material
participant055,list1,low,description,irrelevant,the yellow bat,color,#f8dc4f,critical,metal_wood_04,wood,yellow,TRUE,1,FALSE,color,NA
participant055,list1,low,description,relevant,the metal bat,sound,#f8dc4f,critical,metal_wood_03,metal,yellow,TRUE,1,FALSE,material,NA
participant055,list1,high,description,base,the wood bat,sound,#f8884f,critical,metal_wood_09,wood,orange,TRUE,1,FALSE,material,NA
participant055,list1,low,description,relevant,the yellow bat,color,#fabd50,critical,metal_wood_01,metal,yellow,TRUE,1,FALSE,color,NA
participant055,list1,high,description,base,the wood bat,sound,#f8884f,critical,metal_wood_09,wood,orange,TRUE,1,FALSE,material,NA
participant055,list1,low,description,relevant,the metal bat,sound,#f8dc4f,critical,metal_wood_03,metal,yellow,TRUE,1,FALSE,material,NA
participant055,list1,low,description,irrelevant,the metal bat,sound,#fabd50,critical,metal_wood_01,metal,yellow,TRUE,1,FALSE,material,NA
participant055,list1,high,description,base,the yellow bat,color,#f8dc4f,critical,metal_wood_09,wood,yellow,TRUE,1,FALSE,color,NA
participant057,list3,high,description,relevant,green metal bat,sound,#4ff889,filler,metal_wood_00,metal,green,TRUE,2,TRUE,color & material,color
participant057,list3,high,description,relevant,wood green bat,sound,#4ff889,filler,metal_wood_08,wood,green,TRUE,2,TRUE,color & material,color
participant057,list3,low,description,irrelevant,metal blue bat,color,#4fc0f8,critical,metal_wood_04,wood,blue,TRUE,2,TRUE,color & material,material
participant057,list3,low,description,relevant,metal blue bat,sound,#4fc0f8,critical,metal_wood_04,wood,blue,FALSE,2,TRUE,color & material,color
participant057,list3,low,description,irrelevant,wood green bat,color,#4ff889,critical,metal_wood_04,wood,green,TRUE,2,TRUE,color & material,material
participant057,list3,low,description,irrelevant,wood blue bat,sound,#51f2df,critical,metal_wood_09,wood,green,TRUE,2,TRUE,color & material,color
participant057,list3,low,description,irrelevant,wood blue bat,sound,#51f2df,critical,metal_wood_09,wood,green,TRUE,2,TRUE,color & material,color
participant057,list3,low,description,irrelevant,metal blue bat,color,#4fc0f8,critical,metal_wood_02,metal,blue,TRUE,2,TRUE,color & material,material
participant057,list3,high,description,base,wood green bat,sound,#4ff889,critical,metal_wood_09,wood,green,TRUE,2,TRUE,color & material,color
participant057,list3,high,description,relevant,metal green bat,color,#4ff889,filler,metal_wood_01,metal,green,TRUE,2,TRUE,color & material,material
participant057,list3,low,description,irrelevant,wood blue bat,sound,#51f0e0,critical,metal_wood_08,wood,blue,TRUE,2,TRUE,color & material,color
participant057,list3,high,description,relevant,metal green bat,color,#4ff889,filler,metal_wood_01,metal,green,TRUE,2,TRUE,color & material,material
participant057,list3,low,description,relevant,wood blue bat,color,#51f2df,critical,metal_wood_08,wood,green,FALSE,2,TRUE,color & material,material
participant057,list3,low,description,relevant,metal green bat,sound,#4ff889,critical,metal_wood_02,metal,green,TRUE,2,TRUE,color & material,color
participant057,list3,low,description,relevant,wood green bat,sound,#4ff889,critical,metal_wood_04,wood,green,TRUE,2,TRUE,color & material,color
participant057,list3,high,description,relevant,wood green bat,color,#4ff889,filler,metal_wood_01,metal,green,TRUE,2,TRUE,color & material,material
participant057,list3,high,description,relevant,metal green bat,sound,#4ff889,filler,metal_wood_01,metal,green,TRUE,2,TRUE,color & material,color
participant057,list3,low,description,relevant,wood blue bat,color,#51f0e0,critical,metal_wood_09,wood,blue,TRUE,2,TRUE,color & material,material
participant057,list3,low,description,irrelevant,wood blue bat,color,#4fc0f8,critical,metal_wood_02,metal,blue,TRUE,2,TRUE,color & material,material
participant057,list3,low,description,relevant,metal blue bat,color,#51f0e0,critical,metal_wood_00,metal,blue,TRUE,2,TRUE,color & material,material
participant057,list3,high,description,base,metal green bat,color,#4ff889,critical,metal_wood_00,metal,green,TRUE,2,TRUE,color & material,material
participant057,list3,high,description,relevant,wood blue bat,color,#4fc0f8,filler,metal_wood_09,wood,blue,TRUE,2,TRUE,color & material,material
participant057,list3,low,description,relevant,green metal bat,color,#51f2df,critical,metal_wood_01,metal,green,TRUE,2,TRUE,color & material,material
participant057,list3,low,description,relevant,wood blue bat,sound,#4fc0f8,critical,metal_wood_04,wood,blue,TRUE,2,TRUE,color & material,color
participant057,list3,high,description,base,green wood bat,color,#4ff889,critical,metal_wood_09,wood,green,TRUE,2,TRUE,color & material,material
participant057,list3,high,description,base,metal green bat,sound,#4ff889,critical,metal_wood_01,metal,green,TRUE,2,TRUE,color & material,color
participant057,list3,low,description,irrelevant,wood blue bat,color,#4fc0f8,critical,metal_wood_04,wood,blue,TRUE,2,TRUE,color & material,material
participant057,list3,low,description,irrelevant,green metal bat,color,#4ff889,critical,metal_wood_02,metal,green,TRUE,2,TRUE,color & material,material
participant057,list3,low,description,relevant,green wood bat,color,#51f2df,critical,metal_wood_08,wood,green,TRUE,2,TRUE,color & material,material
participant057,list3,low,description,relevant,metal green bat,sound,#4ff889,critical,metal_wood_02,metal,green,TRUE,2,TRUE,color & material,color
participant057,list3,high,description,relevant,metal blue bat,sound,#4fc0f8,filler,metal_wood_00,metal,blue,TRUE,2,TRUE,color & material,color
participant057,list3,high,description,base,blue bat,color,#4fc0f8,critical,metal_wood_01,metal,blue,TRUE,1,FALSE,color,NA
participant057,list3,low,description,relevant,blue bat,color,#51f0e0,critical,metal_wood_01,metal,blue,TRUE,1,FALSE,color,NA
participant057,list3,high,description,relevant,blue bat,color,#4fc0f8,filler,metal_wood_09,wood,blue,TRUE,1,FALSE,color,NA
participant057,list3,low,description,irrelevant,green bat,color,#4ff889,critical,metal_wood_02,metal,green,TRUE,1,FALSE,color,NA
participant057,list3,high,description,base,metal green bat,sound,#4ff889,critical,metal_wood_01,metal,green,TRUE,2,TRUE,color & material,color
participant057,list3,high,description,base,green bat,color,#4ff889,critical,metal_wood_09,wood,green,TRUE,1,FALSE,color,NA
participant057,list3,high,description,relevant,wood bat,sound,#4fc0f8,filler,metal_wood_08,wood,blue,TRUE,1,FALSE,material,NA
participant057,list3,high,description,relevant,blue bat,color,#4fc0f8,filler,metal_wood_08,wood,blue,TRUE,1,FALSE,color,NA
participant057,list3,low,description,relevant,wood blue bat,sound,#4fc0f8,critical,metal_wood_04,wood,blue,TRUE,2,TRUE,color & material,color
participant057,list3,high,description,base,green wood bat,sound,#4fc0f8,critical,metal_wood_09,wood,blue,TRUE,2,TRUE,color & material,color
participant057,list3,low,description,irrelevant,wood bat,sound,#51f0e0,critical,metal_wood_08,wood,blue,TRUE,1,FALSE,material,NA
participant057,list3,low,description,irrelevant,green bat,color,#4ff889,critical,metal_wood_04,wood,green,TRUE,1,FALSE,color,NA
participant057,list3,high,description,relevant,wood bat,sound,#4fc0f8,filler,metal_wood_09,wood,blue,TRUE,1,FALSE,material,NA
participant057,list3,low,description,relevant,green wood bat,color,#51f2df,critical,metal_wood_09,wood,green,TRUE,2,TRUE,color & material,material
participant057,list3,low,description,irrelevant,wood bat,sound,#51f2df,critical,metal_wood_08,wood,green,TRUE,1,FALSE,material,NA
participant057,list3,high,description,base,blue metal bat,color,#4fc0f8,critical,metal_wood_01,metal,blue,TRUE,2,TRUE,color & material,material
participant057,list3,low,description,relevant,metal bat,sound,#4ff889,critical,metal_wood_02,metal,green,TRUE,1,FALSE,material,NA
participant057,list3,high,description,base,metal bat,sound,#4ff889,critical,metal_wood_01,metal,green,TRUE,1,FALSE,material,NA
participant057,list3,high,description,base,wood bat,sound,#4fc0f8,critical,metal_wood_08,wood,blue,TRUE,1,FALSE,material,NA
participant057,list3,high,description,base,blue bat,color,#4fc0f8,critical,metal_wood_00,metal,blue,TRUE,1,FALSE,color,NA
participant057,list3,high,description,base,green bat,color,#4ff889,critical,metal_wood_09,wood,green,TRUE,1,FALSE,color,NA
participant057,list3,low,description,irrelevant,metal bat,sound,#51f2df,critical,metal_wood_01,metal,green,TRUE,1,FALSE,material,NA
participant057,list3,low,description,irrelevant,wood bat,sound,#51f0e0,critical,metal_wood_09,wood,blue,TRUE,1,FALSE,material,NA
participant057,list3,low,description,irrelevant,wood bat,sound,#51f0e0,critical,metal_wood_08,wood,blue,TRUE,1,FALSE,material,NA
participant057,list3,low,description,relevant,blue bat,color,#51f0e0,critical,metal_wood_01,metal,blue,TRUE,1,FALSE,color,NA
participant057,list3,high,description,base,blue bat,color,#4fc0f8,critical,metal_wood_09,wood,blue,TRUE,1,FALSE,color,NA
participant057,list3,high,description,base,wood bat,sound,#4fc0f8,critical,metal_wood_08,wood,blue,TRUE,1,FALSE,material,NA
participant058,list2,high,description,relevant,the yellow wooden bat,sound,#f8dc4f,filler,metal_wood_08,wood,yellow,TRUE,2,TRUE,color & material,color
participant058,list2,high,description,relevant,the yellow wood bat,color,#f8dc4f,filler,metal_wood_08,wood,yellow,TRUE,2,TRUE,color & material,material
participant058,list2,high,description,base,the orange metal bat,color,#f8884f,critical,metal_wood_00,metal,orange,TRUE,2,TRUE,color & material,material
participant058,list2,high,description,relevant,the yellow metal bat,sound,#f8dc4f,filler,metal_wood_01,metal,yellow,TRUE,2,TRUE,color & material,color
participant058,list2,low,description,irrelevant,the yellow wood bat,sound,#f9cc50,critical,metal_wood_09,wood,yellow,TRUE,2,TRUE,color & material,color
participant058,list2,low,description,irrelevant,the yellow metal bat,color,#f8884f,critical,metal_wood_08,wood,orange,FALSE,2,TRUE,color & material,material
participant058,list2,low,description,relevant,the yellow wood bat,color,#fac050,critical,metal_wood_01,metal,orange,FALSE,2,TRUE,color & material,material
participant058,list2,low,description,relevant,orange metal bat,sound,#f8884f,critical,metal_wood_04,metal,orange,TRUE,2,TRUE,color & material,color
participant058,list2,high,description,relevant,the orange metal bat,sound,#f8884f,filler,metal_wood_01,metal,orange,TRUE,2,TRUE,color & material,color
participant058,list2,high,description,base,the yellow wood bat,color,#f8dc4f,critical,metal_wood_08,wood,yellow,TRUE,2,TRUE,color & material,material
participant058,list2,high,description,base,the yellow wood bat,color,#f8dc4f,critical,metal_wood_08,wood,yellow,TRUE,2,TRUE,color & material,material
participant058,list2,low,description,relevant,the orange metal bat,sound,#f8dc4f,critical,metal_wood_08,wood,yellow,FALSE,2,TRUE,color & material,color
participant058,list2,high,description,base,the orange metal bat,color,#f8884f,critical,metal_wood_00,metal,orange,TRUE,2,TRUE,color & material,material
participant058,list2,low,description,relevant,the yellow wood bat,color,#f9cc50,critical,metal_wood_09,wood,yellow,TRUE,2,TRUE,color & material,material
participant058,list2,low,description,relevant,the yellow metal bat,color,#f9cc50,critical,metal_wood_00,metal,yellow,TRUE,2,TRUE,color & material,material
participant058,list2,high,description,base,orange wood bat,color,#f8884f,critical,metal_wood_08,wood,orange,TRUE,2,TRUE,color & material,material
participant058,list2,low,description,relevant,orange metal bat,color,#fac050,critical,metal_wood_01,metal,orange,TRUE,2,TRUE,color & material,material
participant058,list2,low,description,relevant,the yellow wood bat,sound,#f8884f,critical,metal_wood_04,metal,orange,FALSE,2,TRUE,color & material,color
participant058,list2,high,description,base,the yellow wood bat,sound,#f8dc4f,critical,metal_wood_08,wood,yellow,TRUE,2,TRUE,color & material,color
participant058,list2,low,description,irrelevant,the orange metal bat,color,#f8dc4f,critical,metal_wood_08,wood,yellow,FALSE,2,TRUE,color & material,material
participant058,list2,low,description,relevant,the orange wood bat,sound,#f8884f,critical,metal_wood_08,wood,orange,TRUE,2,TRUE,color & material,color
participant058,list2,low,description,relevant,yellow wood bat,sound,#f8dc4f,critical,metal_wood_08,wood,yellow,TRUE,2,TRUE,color & material,color
participant058,list2,high,description,base,the orange wood bat,sound,#f8884f,critical,metal_wood_09,wood,orange,TRUE,2,TRUE,color & material,color
participant058,list2,low,description,irrelevant,the yellow wood bat,sound,#fac050,critical,metal_wood_09,wood,orange,TRUE,2,TRUE,color & material,color
participant058,list2,low,description,irrelevant,the orange metal bat,color,#f8dc4f,critical,metal_wood_08,wood,yellow,FALSE,2,TRUE,color & material,material
participant058,list2,low,description,relevant,the orange wood bat,sound,#f8884f,critical,metal_wood_08,wood,orange,TRUE,2,TRUE,color & material,color
participant058,list2,low,description,irrelevant,the yellow metal bat,sound,#fac050,critical,metal_wood_08,wood,orange,FALSE,2,TRUE,color & material,color
participant058,list2,low,description,relevant,yellow wood bat,color,#f9cc50,critical,metal_wood_09,wood,yellow,TRUE,2,TRUE,color & material,material
participant058,list2,high,description,relevant,orange metal bat,color,#f8884f,filler,metal_wood_00,metal,orange,TRUE,2,TRUE,color & material,material
participant058,list2,low,description,irrelevant,the yellow wood bat,sound,#f9cc50,critical,metal_wood_08,wood,yellow,TRUE,2,TRUE,color & material,color
participant058,list2,low,description,relevant,the yellow metal bat,sound,#f8dc4f,critical,metal_wood_04,metal,yellow,TRUE,2,TRUE,color & material,color
participant058,list2,low,description,relevant,the orange wood bat,color,#fac050,critical,metal_wood_01,metal,orange,TRUE,2,TRUE,color & material,material
participant058,list2,high,description,base,the yellow wood bat,sound,#f8dc4f,critical,metal_wood_08,wood,yellow,TRUE,2,TRUE,color & material,color
participant058,list2,high,description,base,the orange metal bat,sound,#f8884f,critical,metal_wood_01,metal,orange,TRUE,2,TRUE,color & material,color
participant058,list2,low,description,irrelevant,the yellow wood bat,sound,#fac050,critical,metal_wood_09,wood,orange,TRUE,2,TRUE,color & material,color
participant058,list2,high,description,relevant,the orange metal bat,color,#f8884f,filler,metal_wood_00,metal,orange,TRUE,2,TRUE,color & material,material
participant058,list2,low,description,irrelevant,the yellow wood bat,sound,#f9cc50,critical,metal_wood_08,wood,yellow,TRUE,2,TRUE,color & material,color
participant058,list2,low,description,relevant,the orange metal bat,sound,#f8884f,critical,metal_wood_04,metal,orange,TRUE,2,TRUE,color & material,color
participant058,list2,high,description,base,the yellow metal bat,sound,#f8dc4f,critical,metal_wood_01,metal,yellow,TRUE,2,TRUE,color & material,color
participant059,list2,high,description,relevant,the yellow wooden bat,sound,#f8dc4f,filler,metal_wood_09,wood,yellow,TRUE,2,TRUE,color & material,color
participant059,list2,high,description,relevant,the metal bat,sound,#f8884f,filler,metal_wood_01,metal,orange,TRUE,1,FALSE,material,NA
participant059,list2,high,description,base,the yellow wooden bat,color,#f8dc4f,critical,metal_wood_08,wood,yellow,TRUE,2,TRUE,color & material,material
participant059,list2,low,description,relevant,the yellow metal bat,color,#fac050,critical,metal_wood_00,metal,yellow,TRUE,2,TRUE,color & material,material
participant059,list2,low,description,irrelevant,the orange wooden bat,color,#f8884f,critical,metal_wood_06,metal,orange,TRUE,2,TRUE,color & material,material
participant059,list2,low,description,relevant,the orange wooden bat,sound,#f8884f,critical,metal_wood_06,metal,orange,FALSE,2,TRUE,color & material,color
participant059,list2,low,description,irrelevant,the yellow wooden bat,color,#f8dc4f,critical,metal_wood_08,wood,yellow,TRUE,2,TRUE,color & material,material
participant059,list2,low,description,irrelevant,the orange wooden bat,sound,#fac050,critical,metal_wood_00,metal,yellow,FALSE,2,TRUE,color & material,color
participant059,list2,high,description,base,the orange wooden bat,color,#f8884f,critical,metal_wood_01,metal,orange,TRUE,2,TRUE,color & material,material
participant059,list2,low,description,irrelevant,the orange wooden bat,color,#f8884f,critical,metal_wood_06,metal,orange,TRUE,2,TRUE,color & material,material
participant059,list2,low,description,relevant,the orange metal bat,color,#fabe50,critical,metal_wood_00,metal,orange,TRUE,2,TRUE,color & material,material
participant059,list2,low,description,irrelevant,the orange wooden bat,color,#f8884f,critical,metal_wood_06,metal,orange,TRUE,2,TRUE,color & material,material
participant059,list2,low,description,relevant,the yellow wooden bat,color,#fac050,critical,metal_wood_08,wood,yellow,TRUE,2,TRUE,color & material,material
participant059,list2,low,description,relevant,the yellow wooden bat,sound,#f8dc4f,critical,metal_wood_08,wood,yellow,TRUE,2,TRUE,color & material,color
participant059,list2,low,description,irrelevant,the orange metal bat,sound,#fabe50,critical,metal_wood_01,metal,orange,TRUE,2,TRUE,color & material,color
participant059,list2,high,description,base,the orange metal bat,color,#f8884f,critical,metal_wood_00,metal,orange,TRUE,2,TRUE,color & material,material
participant059,list2,low,description,relevant,the orange metal bat,color,#fabe50,critical,metal_wood_01,metal,orange,TRUE,2,TRUE,color & material,material
participant059,list2,high,description,relevant,the yellow metal bat,color,#f8dc4f,filler,metal_wood_00,metal,yellow,TRUE,2,TRUE,color & material,material
participant059,list2,high,description,relevant,the orange metal bat,sound,#f8884f,filler,metal_wood_01,metal,orange,TRUE,2,TRUE,color & material,color
participant059,list2,high,description,base,the yellow wooden bat,color,#f8dc4f,critical,metal_wood_08,wood,yellow,TRUE,2,TRUE,color & material,material
participant059,list2,high,description,base,the orange metal bat,sound,#f8884f,critical,metal_wood_00,metal,orange,TRUE,2,TRUE,color & material,color
participant059,list2,high,description,relevant,the yellow wooden bat,color,#f8dc4f,filler,metal_wood_08,wood,yellow,TRUE,2,TRUE,color & material,material
participant059,list2,high,description,relevant,the orange metal bat,color,#f8884f,filler,metal_wood_00,metal,orange,TRUE,2,TRUE,color & material,material
participant059,list2,high,description,relevant,the orange metal bat,color,#f8884f,filler,metal_wood_01,metal,orange,TRUE,2,TRUE,color & material,material
participant059,list2,low,description,irrelevant,the yellow wooden bat,sound,#fabe50,critical,metal_wood_08,wood,orange,TRUE,2,TRUE,color & material,color
participant059,list2,high,description,base,the yellow metal bat,sound,#f8dc4f,critical,metal_wood_01,metal,yellow,TRUE,2,TRUE,color & material,color
participant059,list2,low,description,relevant,yellow wooden bat,color,#fac050,critical,metal_wood_08,wood,yellow,TRUE,2,TRUE,color & material,material
participant059,list2,low,description,relevant,yellow wooden ,color,#fac050,critical,metal_wood_09,wood,yellow,TRUE,2,TRUE,color & material,material
participant059,list2,low,description,irrelevant,yellow metal,sound,#fac050,critical,metal_wood_00,metal,yellow,TRUE,2,TRUE,color & material,color
participant059,list2,low,description,relevant,yellow wooden,sound,#f8dc4f,critical,metal_wood_06,metal,yellow,FALSE,2,TRUE,color & material,color
participant059,list2,high,description,base,orange wooden,sound,#f8884f,critical,metal_wood_09,wood,orange,TRUE,2,TRUE,color & material,color
participant059,list2,high,description,relevant,orange metal,sound,#f8884f,filler,metal_wood_01,metal,orange,TRUE,2,TRUE,color & material,color
participant059,list2,high,description,base,orange metal,sound,#f8884f,critical,metal_wood_00,metal,orange,TRUE,2,TRUE,color & material,color
participant059,list2,low,description,relevant,orange wooden,color,#fabe50,critical,metal_wood_00,metal,orange,TRUE,2,TRUE,color & material,material
participant059,list2,high,description,base,yellow wooden,sound,#f8dc4f,critical,metal_wood_09,wood,yellow,TRUE,2,TRUE,color & material,color
participant059,list2,low,description,relevant,yellow wooden,sound,#f8dc4f,critical,metal_wood_08,wood,yellow,TRUE,2,TRUE,color & material,color
participant059,list2,high,description,relevant,orange wooden,sound,#f8884f,filler,metal_wood_08,wood,orange,TRUE,2,TRUE,color & material,color
participant059,list2,low,description,relevant,yellow wooden,sound,#f8884f,critical,metal_wood_08,wood,orange,TRUE,2,TRUE,color & material,color
participant059,list2,low,description,relevant,orange wooden,color,#fabe50,critical,metal_wood_09,wood,orange,TRUE,2,TRUE,color & material,material
participant059,list2,low,description,irrelevant,orange wooden,sound,#fac050,critical,metal_wood_09,wood,yellow,TRUE,2,TRUE,color & material,color
participant059,list2,low,description,irrelevant,orange wooden,color,#f8884f,critical,metal_wood_08,wood,orange,TRUE,2,TRUE,color & material,material
participant059,list2,high,description,base,orange wooden,color,#f8884f,critical,metal_wood_09,wood,orange,TRUE,2,TRUE,color & material,material
participant059,list2,low,description,irrelevant,orange wooden,sound,#fac050,critical,metal_wood_08,wood,yellow,TRUE,2,TRUE,color & material,color
participant059,list2,low,description,relevant,yellow wooden,sound,#f8dc4f,critical,metal_wood_06,metal,yellow,FALSE,2,TRUE,color & material,color
participant059,list2,low,description,relevant,orange metal,sound,#f8884f,critical,metal_wood_06,metal,orange,TRUE,2,TRUE,color & material,color
participant059,list2,low,description,irrelevant,orange metal,sound,#fabe50,critical,metal_wood_00,metal,orange,TRUE,2,TRUE,color & material,color
participant059,list2,high,description,base,orange wooden,sound,#f8884f,critical,metal_wood_08,wood,orange,TRUE,2,TRUE,color & material,color
participant059,list2,low,description,irrelevant,orange wooden,color,#f8884f,critical,metal_wood_08,wood,orange,TRUE,2,TRUE,color & material,material
participant059,list2,high,description,base,orange wooden,sound,#f8dc4f,critical,metal_wood_09,wood,yellow,TRUE,2,TRUE,color & material,color
participant059,list2,high,description,relevant,yellow wooden,color,#f8dc4f,filler,metal_wood_08,wood,yellow,TRUE,2,TRUE,color & material,material
participant059,list2,low,description,irrelevant,orange wooden,sound,#fabe50,critical,metal_wood_09,wood,orange,TRUE,2,TRUE,color & material,color
participant059,list2,low,description,irrelevant,yellow wooden,color,#f8dc4f,critical,metal_wood_08,wood,yellow,TRUE,2,TRUE,color & material,material
participant059,list2,high,description,base,yellow metal,color,#f8dc4f,critical,metal_wood_00,metal,yellow,TRUE,2,TRUE,color & material,material
participant059,list2,high,description,base,orange metal,color,#f8884f,critical,metal_wood_00,metal,orange,TRUE,2,TRUE,color & material,material
participant059,list2,low,description,irrelevant,orange metal,color,#f8884f,critical,metal_wood_06,metal,orange,TRUE,2,TRUE,color & material,material
participant059,list2,high,description,relevant,orange wooden,color,#f8884f,filler,metal_wood_08,wood,orange,TRUE,2,TRUE,color & material,material
participant060,list3,high,description,relevant,blue ,color,#4fc0f8,filler,metal_wood_00,metal,blue,TRUE,1,FALSE,color,NA
participant060,list3,high,description,relevant,blue,color,#4fc0f8,filler,metal_wood_00,metal,blue,TRUE,1,FALSE,color,NA
participant060,list3,low,description,irrelevant,green metal,sound,#52ebe3,critical,metal_wood_01,metal,blue,TRUE,2,TRUE,color & material,color
participant060,list3,low,description,irrelevant,blue wood,color,#4fc0f8,critical,metal_wood_04,wood,blue,TRUE,2,TRUE,color & material,material
participant060,list3,high,description,relevant,blue wood,sound,#4fc0f8,filler,metal_wood_09,wood,blue,TRUE,2,TRUE,color & material,color
participant060,list3,low,description,irrelevant,blue,color,#4fc0f8,critical,metal_wood_03,metal,blue,TRUE,1,FALSE,color,NA
participant060,list3,low,description,irrelevant,green,color,#4ff889,critical,metal_wood_04,wood,green,TRUE,1,FALSE,color,NA
participant060,list3,high,description,relevant,metal,sound,#4ff889,filler,metal_wood_01,metal,green,TRUE,1,FALSE,material,NA
participant060,list3,high,description,base,green wood,sound,#4ff889,critical,metal_wood_09,wood,green,TRUE,2,TRUE,color & material,color
participant060,list3,low,description,relevant,green,color,#50f5de,critical,metal_wood_01,metal,green,TRUE,1,FALSE,color,NA
participant060,list3,low,description,relevant,green metal,sound,#4ff889,critical,metal_wood_03,metal,green,TRUE,2,TRUE,color & material,color
participant060,list3,high,description,relevant,green wood,sound,#4ff889,filler,metal_wood_09,wood,green,TRUE,2,TRUE,color & material,color
participant060,list3,low,description,relevant,green wood,sound,#4ff889,critical,metal_wood_03,metal,green,FALSE,2,TRUE,color & material,color
participant060,list3,low,description,relevant,blue wood,sound,#4fc0f8,critical,metal_wood_04,wood,blue,TRUE,2,TRUE,color & material,color
participant060,list3,high,description,base,green wood,color,#4ff889,critical,metal_wood_09,wood,green,TRUE,2,TRUE,color & material,material
participant060,list3,low,description,irrelevant,green,color,#4ff889,critical,metal_wood_03,metal,green,TRUE,1,FALSE,color,NA
participant060,list3,low,description,irrelevant,metal,sound,#52ebe3,critical,metal_wood_01,metal,blue,TRUE,1,FALSE,material,NA
participant060,list3,low,description,irrelevant,blue wood,color,#4fc0f8,critical,metal_wood_04,wood,blue,TRUE,2,TRUE,color & material,material
participant060,list3,high,description,base,metal,sound,#4ff889,critical,metal_wood_01,metal,green,TRUE,1,FALSE,material,NA
participant060,list3,high,description,relevant,green,color,#4ff889,filler,metal_wood_08,wood,green,TRUE,1,FALSE,color,NA
participant060,list3,low,description,irrelevant,metal,sound,#50f5de,critical,metal_wood_08,wood,green,FALSE,1,FALSE,material,NA
participant060,list3,low,description,irrelevant,wood,sound,#50f5de,critical,metal_wood_08,wood,green,TRUE,1,FALSE,material,NA
participant060,list3,low,description,relevant,metal,sound,#4ff889,critical,metal_wood_03,metal,green,TRUE,1,FALSE,material,NA
participant060,list3,high,description,base,blue wood,sound,#4fc0f8,critical,metal_wood_08,wood,blue,TRUE,2,TRUE,color & material,color
participant060,list3,high,description,relevant,metal,sound,#4fc0f8,filler,metal_wood_01,metal,blue,TRUE,1,FALSE,material,NA
participant060,list3,low,description,relevant,green wood,color,#50f5de,critical,metal_wood_08,wood,green,TRUE,2,TRUE,color & material,material
participant060,list3,high,description,relevant,green metal,color,#4ff889,filler,metal_wood_01,metal,green,TRUE,2,TRUE,color & material,material
participant060,list3,high,description,base,green,color,#4ff889,critical,metal_wood_09,wood,green,TRUE,1,FALSE,color,NA
participant060,list3,high,description,base,blue wood,color,#4fc0f8,critical,metal_wood_09,wood,blue,TRUE,2,TRUE,color & material,material
participant060,list3,high,description,base,blue,color,#4fc0f8,critical,metal_wood_01,metal,blue,TRUE,1,FALSE,color,NA
participant060,list3,low,description,relevant,green wood,sound,#4ff889,critical,metal_wood_04,wood,green,TRUE,2,TRUE,color & material,color
participant060,list3,high,description,base,green metal,sound,#4ff889,critical,metal_wood_00,metal,green,TRUE,2,TRUE,color & material,color
participant060,list3,high,description,base,blue wood,color,#4fc0f8,critical,metal_wood_08,wood,blue,TRUE,2,TRUE,color & material,material
participant060,list3,high,description,base,blue,color,#4fc0f8,critical,metal_wood_00,metal,blue,TRUE,1,FALSE,color,NA
participant060,list3,low,description,irrelevant,blue,color,#4fc0f8,critical,metal_wood_04,wood,blue,TRUE,1,FALSE,color,NA
participant060,list3,low,description,irrelevant,blue wood,sound,#50f5de,critical,metal_wood_09,wood,green,TRUE,2,TRUE,color & material,color
participant060,list3,high,description,base,blue metal,sound,#4fc0f8,critical,metal_wood_01,metal,blue,TRUE,2,TRUE,color & material,color
participant060,list3,high,description,base,blue wood,sound,#4fc0f8,critical,metal_wood_08,wood,blue,TRUE,2,TRUE,color & material,color
participant060,list3,low,description,irrelevant,green metal,color,#4ff889,critical,metal_wood_03,metal,green,TRUE,2,TRUE,color & material,material
participant060,list3,low,description,relevant,green,color,#50f5de,critical,metal_wood_09,wood,green,TRUE,1,FALSE,color,NA
participant060,list3,low,description,relevant,green wood,color,#50f5de,critical,metal_wood_08,wood,green,TRUE,2,TRUE,color & material,material
participant060,list3,high,description,base,green,color,#4ff889,critical,metal_wood_01,metal,green,TRUE,1,FALSE,color,NA
participant060,list3,low,description,irrelevant,blue metal,sound,#52ebe3,critical,metal_wood_09,wood,blue,FALSE,2,TRUE,color & material,color
participant060,list3,low,description,irrelevant,blue wood,sound,#50f5de,critical,metal_wood_09,wood,green,TRUE,2,TRUE,color & material,color
participant060,list3,high,description,base,green wood,sound,#4ff889,critical,metal_wood_09,wood,green,TRUE,2,TRUE,color & material,color
participant060,list3,low,description,relevant,blue wood,color,#52ebe3,critical,metal_wood_09,wood,blue,TRUE,2,TRUE,color & material,material
participant060,list3,low,description,relevant,blue metal,sound,#4ff889,critical,metal_wood_04,wood,green,FALSE,2,TRUE,color & material,color
participant060,list3,low,description,relevant,blue metal,sound,#4fc0f8,critical,metal_wood_04,wood,blue,FALSE,2,TRUE,color & material,color
participant060,list3,low,description,relevant,blue wood,color,#52ebe3,critical,metal_wood_09,wood,blue,TRUE,2,TRUE,color & material,material
participant060,list3,low,description,irrelevant,green wood,sound,#52ebe3,critical,metal_wood_09,wood,blue,TRUE,2,TRUE,color & material,color
participant060,list3,high,description,relevant,green metal,sound,#4ff889,filler,metal_wood_01,metal,green,TRUE,2,TRUE,color & material,color
participant060,list3,low,description,relevant,blue metal,sound,#4fc0f8,critical,metal_wood_03,metal,blue,TRUE,2,TRUE,color & material,color
participant060,list3,low,description,relevant,blue metal,color,#52ebe3,critical,metal_wood_01,metal,blue,TRUE,2,TRUE,color & material,material
participant060,list3,low,description,relevant,blue,color,#52ebe3,critical,metal_wood_00,metal,blue,TRUE,1,FALSE,color,NA
participant060,list3,high,description,relevant,green,color,#4ff889,filler,metal_wood_09,wood,green,TRUE,1,FALSE,color,NA
participant060,list3,low,description,irrelevant,blue metal,color,#4fc0f8,critical,metal_wood_03,metal,blue,TRUE,2,TRUE,color & material,material
participant060,list3,high,description,relevant,blue,color,#4fc0f8,filler,metal_wood_00,metal,blue,TRUE,1,FALSE,color,NA
participant064,list1,low,description,irrelevant,orange wooden bat,sound,#faaf50,critical,metal_wood_00,metal,orange,FALSE,2,TRUE,color & material,color
participant064,list1,low,description,irrelevant,yellow metal bat,sound,#faaf50,critical,metal_wood_09,wood,orange,FALSE,2,TRUE,color & material,color
participant064,list1,low,description,relevant,yellow metal bat,sound,#f8dc4f,critical,metal_wood_03,metal,yellow,TRUE,2,TRUE,color & material,color
participant064,list1,low,description,relevant,orange wooden bat,sound,#f8884f,critical,metal_wood_04,wood,orange,TRUE,2,TRUE,color & material,color
participant064,list1,high,description,base,yellow wooden bat,sound,#f8dc4f,critical,metal_wood_09,wood,yellow,TRUE,2,TRUE,color & material,color
participant064,list1,low,description,relevant,orange wooden bat,color,#fabb50,critical,metal_wood_09,wood,yellow,FALSE,2,TRUE,color & material,material
participant064,list1,high,description,relevant,orange wooden bat,sound,#f8884f,filler,metal_wood_08,wood,orange,TRUE,2,TRUE,color & material,color
participant064,list1,high,description,base,yellow metal bat,sound,#f8dc4f,critical,metal_wood_01,metal,yellow,TRUE,2,TRUE,color & material,color
participant064,list1,low,description,irrelevant,yellow wooden bat,sound,#fabb50,critical,metal_wood_09,wood,yellow,TRUE,2,TRUE,color & material,color
participant064,list1,low,description,irrelevant,yellow wooden bat,sound,#fabb50,critical,metal_wood_09,wood,yellow,TRUE,2,TRUE,color & material,color
participant064,list1,low,description,irrelevant,orange wooden bat,color,#f8dc4f,critical,metal_wood_04,wood,yellow,FALSE,2,TRUE,color & material,material
participant064,list1,low,description,irrelevant,yellow wooden bat,sound,#faaf50,critical,metal_wood_09,wood,orange,TRUE,2,TRUE,color & material,color
participant065,list3,high,description,relevant,the green wooden bat,color,#4ff889,filler,metal_wood_08,wood,green,TRUE,2,TRUE,color & material,material
participant065,list3,high,description,relevant,the blue metal bat,sound,#4fc0f8,filler,metal_wood_00,metal,blue,TRUE,2,TRUE,color & material,color
participant065,list3,low,description,irrelevant,the green metal bat,sound,#53e9e4,critical,metal_wood_08,wood,blue,FALSE,2,TRUE,color & material,color
participant065,list3,low,description,relevant,the blue metal bat,sound,#4fc0f8,critical,metal_wood_06,metal,blue,TRUE,2,TRUE,color & material,color
participant065,list3,low,description,irrelevant,the green wood bat,color,#4ff889,critical,metal_wood_07,wood,green,TRUE,2,TRUE,color & material,material
participant065,list3,low,description,relevant,the blue wood bat,sound,#4fc0f8,critical,metal_wood_07,wood,blue,TRUE,2,TRUE,color & material,color
participant065,list3,low,description,irrelevant,the green wood bat,sound,#53e9e4,critical,metal_wood_08,wood,blue,TRUE,2,TRUE,color & material,color
participant065,list3,high,description,base,the blue metal bat,color,#4fc0f8,critical,metal_wood_01,metal,blue,TRUE,2,TRUE,color & material,material
participant065,list3,low,description,irrelevant,the green metal bat,color,#4ff889,critical,metal_wood_06,metal,green,TRUE,2,TRUE,color & material,material
participant065,list3,high,description,base,the blue wood bat,sound,#4ff889,critical,metal_wood_08,wood,green,TRUE,2,TRUE,color & material,color
participant065,list3,low,description,relevant,the green wood bat,sound,#4ff889,critical,metal_wood_07,wood,green,TRUE,2,TRUE,color & material,color
participant065,list3,high,description,base,the green metal bat,color,#4ff889,critical,metal_wood_00,metal,green,TRUE,2,TRUE,color & material,material
participant065,list3,low,description,relevant,the green wood bat,color,#4ff8dc,critical,metal_wood_09,wood,green,TRUE,2,TRUE,color & material,material
participant065,list3,low,description,relevant,the green metal bat,color,#4ff8dc,critical,metal_wood_01,metal,green,TRUE,2,TRUE,color & material,material
participant065,list3,low,description,relevant,the green wood bat,color,#4ff8dc,critical,metal_wood_08,wood,green,TRUE,2,TRUE,color & material,material
participant065,list3,high,description,relevant,the blue metal bat,color,#4fc0f8,filler,metal_wood_01,metal,blue,TRUE,2,TRUE,color & material,material
participant065,list3,high,description,base,the blue metal bat,color,#4fc0f8,critical,metal_wood_00,metal,blue,TRUE,2,TRUE,color & material,material
participant065,list3,high,description,base,the green wood bat,color,#4ff889,critical,metal_wood_09,wood,green,TRUE,2,TRUE,color & material,material
participant065,list3,low,description,irrelevant,the green metal bat,sound,#4ff8dc,critical,metal_wood_01,metal,green,TRUE,2,TRUE,color & material,color
participant065,list3,high,description,relevant,the blue wood bat,color,#4fc0f8,filler,metal_wood_09,wood,blue,TRUE,2,TRUE,color & material,material
participant065,list3,high,description,base,the blue wood bat,sound,#4fc0f8,critical,metal_wood_09,wood,blue,TRUE,2,TRUE,color & material,color
participant065,list3,low,description,relevant,the blue wood bat,color,#53e9e4,critical,metal_wood_08,wood,blue,TRUE,2,TRUE,color & material,material
participant065,list3,low,description,irrelevant,the blue wood bat,sound,#4ff8dc,critical,metal_wood_09,wood,green,TRUE,2,TRUE,color & material,color
participant065,list3,high,description,base,the green wood bat,color,#4ff889,critical,metal_wood_09,wood,green,TRUE,2,TRUE,color & material,material
participant065,list3,high,description,base,the green wood bat,sound,#4ff889,critical,metal_wood_09,wood,green,TRUE,2,TRUE,color & material,color
participant065,list3,low,description,irrelevant,the blue wood bat,sound,#53e9e4,critical,metal_wood_01,metal,blue,FALSE,2,TRUE,color & material,color
participant065,list3,low,description,irrelevant,the blue wood bat,color,#4fc0f8,critical,metal_wood_06,metal,blue,TRUE,2,TRUE,color & material,material
participant065,list3,high,description,relevant,the green metal bat,sound,#4ff889,filler,metal_wood_01,metal,green,TRUE,2,TRUE,color & material,color
participant065,list3,low,description,irrelevant,the green metal bat,sound,#4ff8dc,critical,metal_wood_00,metal,green,TRUE,2,TRUE,color & material,color
participant065,list3,low,description,irrelevant,the blue wood bat,sound,#53e9e4,critical,metal_wood_09,wood,blue,TRUE,2,TRUE,color & material,color
participant065,list3,high,description,relevant,the green wood bat,sound,#4ff889,filler,metal_wood_08,wood,green,TRUE,2,TRUE,color & material,color
participant065,list3,high,description,base,the blue wood bat,sound,#4fc0f8,critical,metal_wood_08,wood,blue,TRUE,2,TRUE,color & material,color
participant065,list3,low,description,relevant,the blue wood bat,color,#53e9e4,critical,metal_wood_09,wood,blue,TRUE,2,TRUE,color & material,material
participant065,list3,high,description,base,the green metal bat,sound,#4ff889,critical,metal_wood_01,metal,green,TRUE,2,TRUE,color & material,color
participant065,list3,low,description,relevant,the blue wood bat,sound,#4fc0f8,critical,metal_wood_07,wood,blue,TRUE,2,TRUE,color & material,color
participant065,list3,low,description,irrelevant,the blue wood bat,sound,#4ff8dc,critical,metal_wood_09,wood,green,TRUE,2,TRUE,color & material,color
participant065,list3,high,description,base,the blue metal bat,sound,#4fc0f8,critical,metal_wood_00,metal,blue,TRUE,2,TRUE,color & material,color
participant065,list3,high,description,base,the blue metal bat,sound,#4fc0f8,critical,metal_wood_01,metal,blue,TRUE,2,TRUE,color & material,color
participant065,list3,high,description,relevant,the blue wood bat,color,#4fc0f8,filler,metal_wood_08,wood,blue,TRUE,2,TRUE,color & material,material
participant065,list3,low,description,relevant,the green wood bat,color,#53e9e4,critical,metal_wood_01,metal,blue,FALSE,2,TRUE,color & material,material
participant065,list3,low,description,relevant,the blue metal bat,color,#53e9e4,critical,metal_wood_01,metal,blue,TRUE,2,TRUE,color & material,material
participant065,list3,low,description,irrelevant,the green wood bat,color,#4ff889,critical,metal_wood_06,metal,green,TRUE,2,TRUE,color & material,material
participant065,list3,low,description,irrelevant,the blue wood bat,color,#4fc0f8,critical,metal_wood_07,wood,blue,TRUE,2,TRUE,color & material,material
participant065,list3,high,description,base,the blue metal bat,sound,#4fc0f8,critical,metal_wood_01,metal,blue,TRUE,2,TRUE,color & material,color
participant065,list3,high,description,base,the blue wood bat,color,#4fc0f8,critical,metal_wood_08,wood,blue,TRUE,2,TRUE,color & material,material
participant065,list3,high,description,relevant,the green wood bat,color,#4ff889,filler,metal_wood_08,wood,green,TRUE,2,TRUE,color & material,material
participant065,list3,low,description,relevant,the blue wood bat,sound,#4ff889,critical,metal_wood_07,wood,green,TRUE,2,TRUE,color & material,color
participant065,list3,low,description,irrelevant,the green wood bat,color,#4ff889,critical,metal_wood_07,wood,green,TRUE,2,TRUE,color & material,material
participant065,list3,high,description,base,the blue wood bat,color,#4fc0f8,critical,metal_wood_08,wood,blue,TRUE,2,TRUE,color & material,material
participant065,list3,low,description,relevant,the green wood bat,color,#4ff8dc,critical,metal_wood_09,wood,green,TRUE,2,TRUE,color & material,material
participant065,list3,low,description,irrelevant,the green wood bat,color,#4ff889,critical,metal_wood_06,metal,green,TRUE,2,TRUE,color & material,material
participant065,list3,high,description,relevant,the green wood bat,color,#4ff889,filler,metal_wood_08,wood,green,TRUE,2,TRUE,color & material,material
participant065,list3,low,description,relevant,the green wood bat,sound,#4ff889,critical,metal_wood_06,metal,green,FALSE,2,TRUE,color & material,color
participant065,list3,high,description,relevant,the green wood bat,sound,#4fc0f8,filler,metal_wood_08,wood,blue,TRUE,2,TRUE,color & material,color
participant065,list3,high,description,base,the green wood bat,color,#4ff889,critical,metal_wood_09,wood,green,TRUE,2,TRUE,color & material,material
participant065,list3,high,description,relevant,the green wood bat,sound,#4ff889,filler,metal_wood_09,wood,green,TRUE,2,TRUE,color & material,color
participant065,list3,low,description,irrelevant,the blue wood bat,color,#4fc0f8,critical,metal_wood_07,wood,blue,TRUE,2,TRUE,color & material,material
participant065,list3,low,description,relevant,the blue metal bat,sound,#4fc0f8,critical,metal_wood_06,metal,blue,TRUE,2,TRUE,color & material,color
participant068,list2,high,description,relevant,the wooden bat.,sound,#f8884f,filler,metal_wood_08,wood,orange,TRUE,2,TRUE,material,color
participant068,list2,high,description,relevant,the wooden bat.,sound,#f8dc4f,filler,metal_wood_09,wood,yellow,TRUE,2,TRUE,material,color
participant068,list2,low,description,relevant,the wooden bat.,sound,#f8884f,critical,metal_wood_08,wood,orange,TRUE,2,TRUE,material,color
participant068,list2,low,description,relevant,the metal bat.,sound,#f8884f,critical,metal_wood_06,metal,orange,TRUE,2,TRUE,material,color
participant068,list2,low,description,relevant,the yellow bat,color,#f9c350,critical,metal_wood_01,metal,yellow,TRUE,1,FALSE,color,NA
participant068,list2,low,description,irrelevant,the metal bat,sound,#fabe50,critical,metal_wood_01,metal,orange,TRUE,1,FALSE,material,NA
participant068,list2,high,description,base,the metal bat,sound,#f8dc4f,critical,metal_wood_01,metal,yellow,TRUE,1,FALSE,material,NA
participant068,list2,low,description,irrelevant,the wood bat,sound,#f9c350,critical,metal_wood_09,wood,yellow,TRUE,1,FALSE,material,NA
participant068,list2,low,description,relevant,the yellow bat,color,#f9c350,critical,metal_wood_00,metal,yellow,TRUE,1,FALSE,color,NA
participant068,list2,high,description,relevant,the yellow bat,color,#f8dc4f,filler,metal_wood_01,metal,yellow,TRUE,1,FALSE,color,NA
participant068,list2,low,description,irrelevant,the metal bat,sound,#f9c350,critical,metal_wood_01,metal,yellow,TRUE,1,FALSE,material,NA
participant068,list2,high,description,relevant,the orange bat,color,#f8884f,filler,metal_wood_01,metal,orange,TRUE,1,FALSE,color,NA
participant068,list2,high,description,relevant,the yellow bat,color,#f8dc4f,filler,metal_wood_08,wood,yellow,TRUE,1,FALSE,color,NA
participant068,list2,low,description,irrelevant,the wood bat,sound,#fabe50,critical,metal_wood_09,wood,orange,TRUE,1,FALSE,material,NA
participant068,list2,low,description,relevant,the orange bat,color,#fabe50,critical,metal_wood_00,metal,orange,TRUE,1,FALSE,color,NA
participant068,list2,low,description,relevant,the orange bat,color,#fabe50,critical,metal_wood_00,metal,orange,TRUE,1,FALSE,color,NA
participant068,list2,low,description,irrelevant,the orange bat,color,#f8884f,critical,metal_wood_06,metal,orange,TRUE,1,FALSE,color,NA
participant068,list2,high,description,relevant,the wood bat,sound,#f8884f,filler,metal_wood_08,wood,orange,TRUE,1,FALSE,material,NA
participant068,list2,high,description,relevant,the orange bat,color,#f8884f,filler,metal_wood_00,metal,orange,TRUE,1,FALSE,color,NA
participant068,list2,low,description,relevant,the orange bat,color,#fabe50,critical,metal_wood_08,wood,orange,TRUE,1,FALSE,color,NA
participant068,list2,low,description,irrelevant,the wood bat,sound,#fabe50,critical,metal_wood_08,wood,orange,TRUE,1,FALSE,material,NA
participant068,list2,high,description,base,the orange bat,color,#f8884f,critical,metal_wood_00,metal,orange,TRUE,1,FALSE,color,NA
participant068,list2,low,description,relevant,the yellow wood bat,sound,#f8dc4f,critical,metal_wood_08,wood,yellow,TRUE,2,TRUE,color & material,color
participant068,list2,low,description,irrelevant,the yellow bat,color,#f8dc4f,critical,metal_wood_08,wood,yellow,TRUE,1,FALSE,color,NA
participant068,list2,low,description,relevant,the yellow wood bat,sound,#f8dc4f,critical,metal_wood_06,metal,yellow,FALSE,2,TRUE,color & material,color
participant068,list2,high,description,relevant,the yellow bat,color,#f8dc4f,filler,metal_wood_00,metal,yellow,TRUE,1,FALSE,color,NA
participant068,list2,high,description,base,the orange bat,color,#f8884f,critical,metal_wood_09,wood,orange,TRUE,1,FALSE,color,NA
participant068,list2,low,description,relevant,the orange bat,color,#fabe50,critical,metal_wood_01,metal,orange,TRUE,1,FALSE,color,NA
participant068,list2,high,description,base,the metal bat,sound,#f8dc4f,critical,metal_wood_00,metal,yellow,TRUE,1,FALSE,material,NA
participant068,list2,high,description,base,the wood bat,sound,#f8884f,critical,metal_wood_09,wood,orange,TRUE,1,FALSE,material,NA
participant068,list2,low,description,relevant,the yellow metal bat,sound,#f8dc4f,critical,metal_wood_06,metal,yellow,TRUE,2,TRUE,color & material,color
participant068,list2,low,description,irrelevant,the yellow bat,color,#f8dc4f,critical,metal_wood_06,metal,yellow,TRUE,1,FALSE,color,NA
participant068,list2,low,description,irrelevant,the yellow bat,color,#f8dc4f,critical,metal_wood_06,metal,yellow,TRUE,1,FALSE,color,NA
participant068,list2,high,description,relevant,the orange bat,color,#f8884f,filler,metal_wood_01,metal,orange,TRUE,1,FALSE,color,NA
participant068,list2,high,description,base,the wood bat,sound,#f8884f,critical,metal_wood_09,wood,orange,TRUE,1,FALSE,material,NA
participant068,list2,high,description,relevant,the metal bat,sound,#f8884f,filler,metal_wood_00,metal,orange,TRUE,1,FALSE,material,NA
participant068,list2,low,description,irrelevant,the yellow bat,color,#f8dc4f,critical,metal_wood_08,wood,yellow,TRUE,1,FALSE,color,NA
participant068,list2,high,description,base,the orange bat,color,#f8884f,critical,metal_wood_00,metal,orange,TRUE,1,FALSE,color,NA
participant068,list2,high,description,base,the yellow bat,color,#f8dc4f,critical,metal_wood_00,metal,yellow,TRUE,1,FALSE,color,NA
participant068,list2,high,description,base,the yellow bat,color,#f8dc4f,critical,metal_wood_00,metal,yellow,TRUE,1,FALSE,color,NA
participant068,list2,low,description,relevant,the yellow bat,color,#f9c350,critical,metal_wood_01,metal,yellow,TRUE,1,FALSE,color,NA
participant068,list2,low,description,irrelevant,the orange bat,color,#f8884f,critical,metal_wood_08,wood,orange,TRUE,1,FALSE,color,NA
participant068,list2,low,description,relevant,the yellow metal bat,sound,#f8dc4f,critical,metal_wood_06,metal,yellow,TRUE,2,TRUE,color & material,color
participant068,list2,high,description,base,the yellow bat,color,#f8dc4f,critical,metal_wood_00,metal,yellow,TRUE,1,FALSE,color,NA
participant068,list2,low,description,irrelevant,the orange bat,color,#f8884f,critical,metal_wood_06,metal,orange,TRUE,1,FALSE,color,NA
participant068,list2,low,description,irrelevant,the wood bat,sound,#fabe50,critical,metal_wood_09,wood,orange,TRUE,1,FALSE,material,NA
participant068,list2,high,description,base,the metal bat,sound,#f8dc4f,critical,metal_wood_00,metal,yellow,TRUE,1,FALSE,material,NA
participant068,list2,high,description,base,the wood bat,sound,#f8dc4f,critical,metal_wood_09,wood,yellow,TRUE,1,FALSE,material,NA
participant068,list2,low,description,relevant,the yellow bat,color,#f9c350,critical,metal_wood_08,wood,yellow,TRUE,1,FALSE,color,NA
participant068,list2,low,description,irrelevant,the wood bat,sound,#f9c350,critical,metal_wood_09,wood,yellow,TRUE,1,FALSE,material,NA
participant068,list2,low,description,irrelevant,the metal bat,sound,#f9c350,critical,metal_wood_01,metal,yellow,TRUE,1,FALSE,material,NA
participant068,list2,high,description,base,the wood bat,sound,#f8dc4f,critical,metal_wood_08,wood,yellow,TRUE,1,FALSE,material,NA
participant068,list2,high,description,base,the metal bat,sound,#f8884f,critical,metal_wood_00,metal,orange,TRUE,1,FALSE,material,NA
participant068,list2,high,description,relevant,the metal bat,sound,#f8884f,filler,metal_wood_00,metal,orange,TRUE,1,FALSE,material,NA
participant068,list2,low,description,relevant,the wood bat,sound,#f8dc4f,critical,metal_wood_08,wood,yellow,TRUE,1,FALSE,material,NA
participant068,list2,high,description,base,the orange bat,color,#f8884f,critical,metal_wood_00,metal,orange,TRUE,1,FALSE,color,NA
participant068,list2,high,description,relevant,the metal bat,sound,#f8dc4f,filler,metal_wood_00,metal,yellow,TRUE,1,FALSE,material,NA
participant068,list2,low,description,irrelevant,the orange bat,color,#f8884f,critical,metal_wood_08,wood,orange,TRUE,1,FALSE,color,NA
participant068,list2,high,description,base,the yellow bat,color,#f8dc4f,critical,metal_wood_09,wood,yellow,TRUE,1,FALSE,color,NA
participant069,list2,high,description,relevant,wooden yellow bat,color,#f8dc4f,filler,metal_wood_09,wood,yellow,TRUE,2,TRUE,color & material,material
participant069,list2,high,description,relevant,metal yellow bat,sound,#f8dc4f,filler,metal_wood_01,metal,yellow,TRUE,2,TRUE,color & material,color
participant069,list2,low,description,irrelevant,metal,sound,#fac250,critical,metal_wood_01,metal,yellow,TRUE,1,FALSE,material,NA
participant069,list2,low,description,irrelevant,orange wooden,color,#f8dc4f,critical,metal_wood_04,metal,yellow,FALSE,2,TRUE,color & material,material
participant069,list2,low,description,irrelevant,wooden,sound,#fabe50,critical,metal_wood_08,wood,orange,TRUE,1,FALSE,material,NA
participant069,list2,high,description,base,yellow wooden,color,#f8dc4f,critical,metal_wood_08,wood,yellow,TRUE,2,TRUE,color & material,material
participant069,list2,high,description,relevant,metal yellow,color,#f8dc4f,filler,metal_wood_01,metal,yellow,TRUE,2,TRUE,color & material,material
participant069,list2,high,description,relevant,wood yellow,sound,#f8dc4f,filler,metal_wood_09,wood,yellow,TRUE,2,TRUE,color & material,color
participant069,list2,high,description,base,metal orange,color,#f8884f,critical,metal_wood_01,metal,orange,TRUE,2,TRUE,color & material,material
participant069,list2,low,description,relevant,orange wood,sound,#f8884f,critical,metal_wood_07,wood,orange,TRUE,2,TRUE,color & material,color
participant069,list2,low,description,relevant,orange wood,sound,#f8884f,critical,metal_wood_07,wood,orange,TRUE,2,TRUE,color & material,color
participant069,list2,high,description,relevant,metal yellow,color,#f8dc4f,filler,metal_wood_00,metal,yellow,TRUE,2,TRUE,color & material,material
participant069,list2,low,description,irrelevant,wood orange,sound,#fabe50,critical,metal_wood_00,metal,orange,FALSE,2,TRUE,color & material,color
participant069,list2,high,description,base,metal,sound,#f8884f,critical,metal_wood_01,metal,orange,TRUE,1,FALSE,material,NA
participant069,list2,high,description,relevant,metal orange,color,#f8884f,filler,metal_wood_00,metal,orange,TRUE,2,TRUE,color & material,material
participant069,list2,low,description,irrelevant,yellow wood,color,#f8dc4f,critical,metal_wood_07,wood,yellow,TRUE,2,TRUE,color & material,material
participant069,list2,high,description,base,metal,sound,#f8884f,critical,metal_wood_00,metal,orange,TRUE,1,FALSE,material,NA
participant069,list2,high,description,base,yellow metal,color,#f8dc4f,critical,metal_wood_01,metal,yellow,TRUE,2,TRUE,color & material,material
participant069,list2,low,description,relevant,metal orange,sound,#f8884f,critical,metal_wood_04,metal,orange,TRUE,2,TRUE,color & material,color
participant069,list2,low,description,irrelevant,wood yellow,color,#f8dc4f,critical,metal_wood_07,wood,yellow,TRUE,2,TRUE,color & material,material
participant069,list2,low,description,irrelevant,wood,sound,#fac250,critical,metal_wood_09,wood,yellow,TRUE,1,FALSE,material,NA
participant069,list2,high,description,base,wood,sound,#f8884f,critical,metal_wood_08,wood,orange,TRUE,1,FALSE,material,NA
participant069,list2,low,description,relevant,yellow metal,color,#fac250,critical,metal_wood_00,metal,yellow,TRUE,2,TRUE,color & material,material
participant069,list2,high,description,relevant,metal,sound,#f8dc4f,filler,metal_wood_00,metal,yellow,TRUE,1,FALSE,material,NA
participant069,list2,low,description,relevant,orange,color,#fabe50,critical,metal_wood_08,wood,orange,TRUE,1,FALSE,color,NA
participant069,list2,low,description,relevant,orange,color,#fabe50,critical,metal_wood_00,metal,orange,TRUE,1,FALSE,color,NA
participant069,list2,low,description,irrelevant,orange,color,#f8884f,critical,metal_wood_04,metal,orange,TRUE,1,FALSE,color,NA
participant069,list2,high,description,base,metal,sound,#f8dc4f,critical,metal_wood_00,metal,yellow,TRUE,1,FALSE,material,NA
participant069,list2,high,description,relevant,wood,sound,#f8dc4f,filler,metal_wood_09,wood,yellow,TRUE,1,FALSE,material,NA
participant069,list2,low,description,relevant,metal orange,sound,#f8884f,critical,metal_wood_04,metal,orange,TRUE,2,TRUE,color & material,color
participant069,list2,low,description,relevant,orange,color,#fabe50,critical,metal_wood_00,metal,orange,TRUE,1,FALSE,color,NA
participant069,list2,high,description,relevant,wood,sound,#f8dc4f,filler,metal_wood_09,wood,yellow,TRUE,1,FALSE,material,NA
participant069,list2,low,description,irrelevant,yellow,color,#f8dc4f,critical,metal_wood_04,metal,yellow,TRUE,1,FALSE,color,NA
participant069,list2,low,description,irrelevant,orange,color,#f8884f,critical,metal_wood_04,metal,orange,TRUE,1,FALSE,color,NA
participant069,list2,low,description,irrelevant,wood orange,sound,#fabe50,critical,metal_wood_08,wood,orange,TRUE,2,TRUE,color & material,color
participant069,list2,high,description,relevant,orange,color,#f8884f,filler,metal_wood_01,metal,orange,TRUE,1,FALSE,color,NA
participant069,list2,high,description,base,wood,sound,#f8884f,critical,metal_wood_08,wood,orange,TRUE,1,FALSE,material,NA
participant069,list2,high,description,base,orange,color,#f8884f,critical,metal_wood_00,metal,orange,TRUE,1,FALSE,color,NA
participant069,list2,high,description,relevant,orange,color,#f8884f,filler,metal_wood_09,wood,orange,TRUE,1,FALSE,color,NA
participant069,list2,low,description,relevant,metal yellow,sound,#f8dc4f,critical,metal_wood_04,metal,yellow,TRUE,2,TRUE,color & material,color
participant069,list2,high,description,base,wood,sound,#f8884f,critical,metal_wood_08,wood,orange,TRUE,1,FALSE,material,NA
participant069,list2,high,description,base,yellow,color,#f8dc4f,critical,metal_wood_00,metal,yellow,TRUE,1,FALSE,color,NA
participant069,list2,high,description,relevant,metal,sound,#f8dc4f,filler,metal_wood_00,metal,yellow,TRUE,1,FALSE,material,NA
participant069,list2,low,description,irrelevant,wood,sound,#fac250,critical,metal_wood_08,wood,yellow,TRUE,1,FALSE,material,NA
participant069,list2,low,description,relevant,yellow,color,#fac250,critical,metal_wood_01,metal,yellow,TRUE,1,FALSE,color,NA
participant069,list2,low,description,relevant,orange metal,color,#fabe50,critical,metal_wood_00,metal,orange,TRUE,2,TRUE,color & material,material
participant069,list2,high,description,base,yellow,color,#f8dc4f,critical,metal_wood_01,metal,yellow,TRUE,1,FALSE,color,NA
participant069,list2,low,description,relevant,yellow,color,#fac250,critical,metal_wood_09,wood,yellow,TRUE,1,FALSE,color,NA
participant069,list2,low,description,relevant,metal orange,sound,#f8884f,critical,metal_wood_04,metal,orange,TRUE,2,TRUE,color & material,color
participant069,list2,high,description,base,metal,sound,#f8884f,critical,metal_wood_01,metal,orange,TRUE,1,FALSE,material,NA
participant069,list2,low,description,relevant,yellow,color,#fac250,critical,metal_wood_01,metal,yellow,TRUE,1,FALSE,color,NA
participant069,list2,high,description,base,orange,color,#f8884f,critical,metal_wood_08,wood,orange,TRUE,1,FALSE,color,NA
participant069,list2,low,description,relevant,wood,sound,#f8884f,critical,metal_wood_07,wood,orange,TRUE,1,FALSE,material,NA
participant069,list2,low,description,irrelevant,metal,sound,#fabe50,critical,metal_wood_01,metal,orange,TRUE,1,FALSE,material,NA
participant069,list2,low,description,irrelevant,orange,color,#f8884f,critical,metal_wood_07,wood,orange,TRUE,1,FALSE,color,NA
participant070,list2,high,description,relevant,metal yellow bat,sound,#f8dc4f,filler,metal_wood_00,metal,yellow,TRUE,2,TRUE,color & material,color
participant070,list2,high,description,relevant,wood orange bat,sound,#f8884f,filler,metal_wood_09,wood,orange,TRUE,2,TRUE,color & material,color
participant070,list2,low,description,relevant,wood orange bat,sound,#f8884f,critical,metal_wood_06,metal,orange,FALSE,2,TRUE,color & material,color
participant070,list2,high,description,base,metal bat,sound,#f8dc4f,critical,metal_wood_00,metal,yellow,TRUE,1,FALSE,material,NA
participant070,list2,low,description,relevant,yellow bat,color,#f9c750,critical,metal_wood_01,metal,orange,FALSE,1,FALSE,color,NA
participant070,list2,high,description,base,wood,sound,#f8dc4f,critical,metal_wood_08,wood,yellow,TRUE,1,FALSE,material,NA
participant070,list2,low,description,irrelevant,wood,sound,#f9cc50,critical,metal_wood_09,wood,yellow,TRUE,1,FALSE,material,NA
participant070,list2,high,description,base,orange,color,#f8884f,critical,metal_wood_08,wood,orange,TRUE,1,FALSE,color,NA
participant070,list2,low,description,irrelevant,yellow metal,sound,#f9cc50,critical,metal_wood_08,wood,yellow,FALSE,2,TRUE,color & material,color
participant070,list2,high,description,base,wood,sound,#f8dc4f,critical,metal_wood_08,wood,yellow,TRUE,1,FALSE,material,NA
participant070,list2,low,description,irrelevant,wood,sound,#f9c750,critical,metal_wood_08,wood,orange,TRUE,1,FALSE,material,NA
participant070,list2,high,description,base,wood,sound,#f8884f,critical,metal_wood_08,wood,orange,TRUE,1,FALSE,material,NA
participant070,list2,high,description,base,yellow,color,#f8dc4f,critical,metal_wood_08,wood,yellow,TRUE,1,FALSE,color,NA
participant070,list2,low,description,irrelevant,yellow metal,sound,#f9cc50,critical,metal_wood_00,metal,yellow,TRUE,2,TRUE,color & material,color
participant070,list2,low,description,irrelevant,wood,sound,#f9c750,critical,metal_wood_09,wood,orange,TRUE,1,FALSE,material,NA
participant070,list2,high,description,relevant,yellow,color,#f8dc4f,filler,metal_wood_01,metal,yellow,TRUE,1,FALSE,color,NA
participant070,list2,low,description,relevant,orange wood,color,#f9cc50,critical,metal_wood_08,wood,yellow,FALSE,2,TRUE,color & material,material
participant070,list2,high,description,base,orange,color,#f8884f,critical,metal_wood_09,wood,orange,TRUE,1,FALSE,color,NA
participant070,list2,high,description,relevant,yellow,color,#f8dc4f,filler,metal_wood_01,metal,yellow,TRUE,1,FALSE,color,NA
participant070,list2,high,description,base,metal,sound,#f8884f,critical,metal_wood_01,metal,orange,TRUE,1,FALSE,material,NA
participant070,list2,low,description,irrelevant,orange,color,#f8884f,critical,metal_wood_06,metal,orange,TRUE,1,FALSE,color,NA
participant070,list2,low,description,relevant,orange wood,color,#f9cc50,critical,metal_wood_09,wood,yellow,FALSE,2,TRUE,color & material,material
participant070,list2,high,description,relevant,orange,color,#f8884f,filler,metal_wood_01,metal,orange,TRUE,1,FALSE,color,NA
participant070,list2,high,description,base,yellow,color,#f8dc4f,critical,metal_wood_00,metal,yellow,TRUE,1,FALSE,color,NA
participant070,list2,low,description,relevant,wood,sound,#f8884f,critical,metal_wood_08,wood,orange,TRUE,1,FALSE,material,NA
participant070,list2,high,description,base,yellow,color,#f8dc4f,critical,metal_wood_09,wood,yellow,TRUE,1,FALSE,color,NA
participant070,list2,high,description,base,yellow,color,#f8dc4f,critical,metal_wood_08,wood,yellow,TRUE,1,FALSE,color,NA
participant070,list2,high,description,base,orange,color,#f8884f,critical,metal_wood_00,metal,orange,TRUE,1,FALSE,color,NA
participant070,list2,low,description,relevant,yellow,color,#f9c750,critical,metal_wood_08,wood,orange,FALSE,1,FALSE,color,NA
participant070,list2,low,description,relevant,wood,sound,#f8dc4f,critical,metal_wood_08,wood,yellow,TRUE,1,FALSE,material,NA
participant070,list2,low,description,relevant,yellow wood,sound,#f8dc4f,critical,metal_wood_06,metal,yellow,FALSE,2,TRUE,color & material,color
participant070,list2,low,description,irrelevant,metal,sound,#f9cc50,critical,metal_wood_01,metal,yellow,TRUE,1,FALSE,material,NA
participant070,list2,low,description,relevant,yellow wood,color,#f9c750,critical,metal_wood_08,wood,orange,FALSE,2,TRUE,color & material,material
participant070,list2,high,description,base,metal,sound,#f8884f,critical,metal_wood_00,metal,orange,TRUE,1,FALSE,material,NA
participant070,list2,high,description,relevant,orange,color,#f8884f,filler,metal_wood_08,wood,orange,TRUE,1,FALSE,color,NA
participant070,list2,high,description,relevant,yellow,color,#f8dc4f,filler,metal_wood_01,metal,yellow,TRUE,1,FALSE,color,NA
participant070,list2,low,description,relevant,yellow,color,#f9c750,critical,metal_wood_09,wood,orange,FALSE,1,FALSE,color,NA
participant070,list2,low,description,irrelevant,yellow metal,sound,#f9c750,critical,metal_wood_01,metal,orange,TRUE,2,TRUE,color & material,color
participant070,list2,low,description,irrelevant,yellow,color,#f8dc4f,critical,metal_wood_06,metal,yellow,TRUE,1,FALSE,color,NA
participant070,list2,high,description,relevant,orange,color,#f8884f,filler,metal_wood_08,wood,orange,TRUE,1,FALSE,color,NA
participant070,list2,low,description,irrelevant,yellow,color,#f8dc4f,critical,metal_wood_08,wood,yellow,TRUE,1,FALSE,color,NA
participant070,list2,low,description,irrelevant,wood,sound,#f9c750,critical,metal_wood_08,wood,orange,TRUE,1,FALSE,material,NA
participant070,list2,low,description,relevant,orange wood,color,#f9cc50,critical,metal_wood_08,wood,yellow,FALSE,2,TRUE,color & material,material
participant070,list2,low,description,relevant,orange metal,sound,#f8884f,critical,metal_wood_06,metal,orange,TRUE,2,TRUE,color & material,color
participant070,list2,low,description,irrelevant,yellow,color,#f8dc4f,critical,metal_wood_08,wood,yellow,TRUE,1,FALSE,color,NA
participant070,list2,low,description,irrelevant,yellow,color,#f8dc4f,critical,metal_wood_06,metal,yellow,TRUE,1,FALSE,color,NA
participant070,list2,low,description,irrelevant,yellow,color,#f8dc4f,critical,metal_wood_06,metal,yellow,TRUE,1,FALSE,color,NA
participant070,list2,high,description,base,metal,sound,#f8884f,critical,metal_wood_00,metal,orange,TRUE,1,FALSE,material,NA
participant070,list2,low,description,relevant,wood,sound,#f8884f,critical,metal_wood_08,wood,orange,TRUE,1,FALSE,material,NA
participant070,list2,high,description,relevant,metal,sound,#f8884f,filler,metal_wood_00,metal,orange,TRUE,1,FALSE,material,NA
participant070,list2,low,description,relevant,metal,sound,#f8884f,critical,metal_wood_06,metal,orange,TRUE,1,FALSE,material,NA
participant070,list2,high,description,relevant,wood,sound,#f8884f,filler,metal_wood_08,wood,orange,TRUE,1,FALSE,material,NA
participant070,list2,low,description,irrelevant,orange,color,#f8884f,critical,metal_wood_08,wood,orange,TRUE,1,FALSE,color,NA
participant070,list2,low,description,relevant,yellow metal,color,#f9cc50,critical,metal_wood_00,metal,yellow,TRUE,2,TRUE,color & material,material
participant070,list2,low,description,irrelevant,yellow metal,color,#f8dc4f,critical,metal_wood_08,wood,yellow,TRUE,2,TRUE,color & material,material
participant070,list2,high,description,base,orange,color,#f8884f,critical,metal_wood_08,wood,orange,TRUE,1,FALSE,color,NA
participant073,list1,high,description,relevant,"the orange and metal bat, the orange and wooden bat ",sound,#f8884f,filler,metal_wood_01,metal,orange,TRUE,7,TRUE,color & material,color
participant073,list1,low,description,relevant,the orange and wooden bat,sound,#f8884f,critical,metal_wood_04,metal,orange,FALSE,3,TRUE,color & material,color
participant073,list1,high,description,relevant,orange and wooden bat,color,#f8884f,filler,metal_wood_08,wood,orange,TRUE,3,TRUE,color & material,material
participant073,list1,high,description,relevant,the orange and wooden bat,sound,#f8884f,filler,metal_wood_09,wood,orange,TRUE,3,TRUE,color & material,color
participant073,list1,high,description,base,orange and metal bat,color,#f8884f,critical,metal_wood_09,wood,orange,TRUE,3,TRUE,color & material,material
participant073,list1,high,description,base,yellow and metal bat,sound,#f8dc4f,critical,metal_wood_01,metal,yellow,TRUE,3,TRUE,color & material,color
participant073,list1,low,description,irrelevant,yellow and wooden bat,sound,#f9c350,critical,metal_wood_01,metal,yellow,FALSE,3,TRUE,color & material,color
participant073,list1,high,description,base,yellow and wooden bat,sound,#f8dc4f,critical,metal_wood_09,wood,yellow,TRUE,3,TRUE,color & material,color
participant073,list1,low,description,irrelevant,yellow and wooden bat,sound,#f9c350,critical,metal_wood_08,wood,yellow,TRUE,3,TRUE,color & material,color
participant073,list1,low,description,irrelevant,yellow and metal bat,color,#f8dc4f,critical,metal_wood_04,metal,yellow,TRUE,3,TRUE,color & material,material
participant073,list1,high,description,base,orange and wooden bat,color,#f8884f,critical,metal_wood_09,wood,orange,TRUE,3,TRUE,color & material,material
participant073,list1,high,description,relevant,yellow and wooden bat,color,#f8dc4f,filler,metal_wood_08,wood,yellow,TRUE,3,TRUE,color & material,material
participant073,list1,low,description,relevant,yellow and metal bat,color,#f9c350,critical,metal_wood_01,metal,yellow,TRUE,3,TRUE,color & material,material
participant073,list1,low,description,irrelevant,yellow and wooden bat,color,#f8dc4f,critical,metal_wood_06,wood,yellow,TRUE,3,TRUE,color & material,material
participant073,list1,high,description,relevant,yellow and wooden bat,sound,#f8dc4f,filler,metal_wood_08,wood,yellow,TRUE,3,TRUE,color & material,color
participant073,list1,low,description,irrelevant,orange and wooden bat,color,#f8884f,critical,metal_wood_06,wood,orange,TRUE,3,TRUE,color & material,material
participant073,list1,low,description,relevant,orange and metal bat,color,#f9c350,critical,metal_wood_09,wood,yellow,FALSE,3,TRUE,color & material,material
participant073,list1,low,description,irrelevant,yellow and wooden bat,color,#f8dc4f,critical,metal_wood_06,wood,yellow,TRUE,3,TRUE,color & material,material
participant073,list1,high,description,base,orange and metal bat,color,#f8884f,critical,metal_wood_01,metal,orange,TRUE,3,TRUE,color & material,material
participant073,list1,high,description,base,yellow and metal bat,sound,#f8884f,critical,metal_wood_01,metal,orange,TRUE,3,TRUE,color & material,color
participant073,list1,low,description,irrelevant,orange and metal bat,color,#f8884f,critical,metal_wood_06,wood,orange,TRUE,3,TRUE,color & material,material
participant073,list1,high,description,relevant,orange and metal bat,color,#f8884f,filler,metal_wood_01,metal,orange,TRUE,3,TRUE,color & material,material
participant073,list1,high,description,base,yellow and wooden bat,color,#f8dc4f,critical,metal_wood_01,metal,yellow,TRUE,3,TRUE,color & material,material
participant073,list1,high,description,relevant,orange and metal bat,color,#f8884f,filler,metal_wood_01,metal,orange,TRUE,3,TRUE,color & material,material
participant073,list1,low,description,relevant,yellow and wooden bat,sound,#f8dc4f,critical,metal_wood_06,wood,yellow,TRUE,3,TRUE,color & material,color
participant073,list1,low,description,relevant,yellow and wooden bat,color,#f9c350,critical,metal_wood_08,wood,yellow,TRUE,3,TRUE,color & material,material
participant073,list1,low,description,irrelevant,yellow and metal bat,color,#f8dc4f,critical,metal_wood_04,metal,yellow,TRUE,3,TRUE,color & material,material
participant073,list1,high,description,relevant,yellow and metal bat,color,#f8dc4f,filler,metal_wood_00,metal,yellow,TRUE,3,TRUE,color & material,material
participant073,list1,low,description,relevant,yellow and metal bat,sound,#f8dc4f,critical,metal_wood_04,metal,yellow,TRUE,3,TRUE,color & material,color
participant073,list1,high,description,relevant,yellow and wooden bat,color,#f8dc4f,filler,metal_wood_08,wood,yellow,TRUE,3,TRUE,color & material,material
participant073,list1,low,description,irrelevant,yellow and wooden bat,sound,#f9c350,critical,metal_wood_09,wood,yellow,TRUE,3,TRUE,color & material,color
participant073,list1,low,description,relevant,orange and wooden bat,color,#fabb50,critical,metal_wood_09,wood,orange,TRUE,3,TRUE,color & material,material
participant073,list1,low,description,relevant,yellow and wooden bat,sound,#f8dc4f,critical,metal_wood_06,wood,yellow,TRUE,3,TRUE,color & material,color
participant073,list1,high,description,relevant,orange and metal bat,sound,#f8884f,filler,metal_wood_01,metal,orange,TRUE,3,TRUE,color & material,color
participant073,list1,high,description,base,orange and metal bat,sound,#f8884f,critical,metal_wood_00,metal,orange,TRUE,3,TRUE,color & material,color
participant073,list1,low,description,relevant,orange and metal bat,sound,#f8884f,critical,metal_wood_06,wood,orange,FALSE,3,TRUE,color & material,color
participant073,list1,high,description,base,orange and wooden bat,color,#f8884f,critical,metal_wood_09,wood,orange,TRUE,3,TRUE,color & material,material
participant073,list1,high,description,base,yellow and wooden bat,color,#f8dc4f,critical,metal_wood_09,wood,yellow,TRUE,3,TRUE,color & material,material
participant073,list1,high,description,base,yellow and wooden bat,color,#f8dc4f,critical,metal_wood_09,wood,yellow,TRUE,3,TRUE,color & material,material
participant073,list1,low,description,irrelevant,yellow and wooden bat,sound,#fabb50,critical,metal_wood_09,wood,orange,TRUE,3,TRUE,color & material,color
participant073,list1,high,description,base,orange and wooden bat,sound,#f8884f,critical,metal_wood_08,wood,orange,TRUE,3,TRUE,color & material,color
participant073,list1,low,description,relevant,yellow and metal bat,color,#fabb50,critical,metal_wood_00,metal,orange,FALSE,3,TRUE,color & material,material
participant073,list1,low,description,irrelevant,yellow and wooden bat,sound,#fabb50,critical,metal_wood_09,wood,orange,TRUE,3,TRUE,color & material,color
participant073,list1,low,description,irrelevant,orange and metal,color,#f8884f,critical,metal_wood_04,metal,orange,TRUE,3,TRUE,color & material,material
participant073,list1,low,description,irrelevant,orange and metal,color,#f8884f,critical,metal_wood_04,metal,orange,TRUE,3,TRUE,color & material,material
participant073,list1,high,description,base,orange and wooden,sound,#f8884f,critical,metal_wood_09,wood,orange,TRUE,3,TRUE,color & material,color
participant073,list1,low,description,relevant,orange and wooden,sound,#f8884f,critical,metal_wood_04,metal,orange,FALSE,3,TRUE,color & material,color
participant073,list1,low,description,relevant,yellow and wooden,color,#fabb50,critical,metal_wood_08,wood,orange,FALSE,3,TRUE,color & material,material
participant073,list1,low,description,relevant,yellow and wooden,sound,#f8dc4f,critical,metal_wood_04,metal,yellow,FALSE,3,TRUE,color & material,color
participant073,list1,low,description,irrelevant,yellow and wooden,sound,#fabb50,critical,metal_wood_00,metal,orange,FALSE,3,TRUE,color & material,color
participant073,list1,low,description,irrelevant,yellow and wooden,sound,#f9c350,critical,metal_wood_08,wood,yellow,TRUE,3,TRUE,color & material,color
participant073,list1,high,description,base,yellow and wooden,color,#f8dc4f,critical,metal_wood_08,wood,yellow,TRUE,3,TRUE,color & material,material
participant074,list3,high,description,relevant,the green and wooden bat,color,#4ff889,filler,metal_wood_09,NA,green,TRUE,3,TRUE,color & material,material
participant074,list3,high,description,relevant,the green and metal bat,sound,#4ff889,filler,metal_wood_01,metal,green,TRUE,3,TRUE,color & material,color
participant074,list3,high,description,relevant,the green bat,color,#4ff889,filler,metal_wood_00,metal,green,TRUE,1,FALSE,color,NA
participant074,list3,high,description,relevant,the metal bat,sound,#4fc0f8,filler,metal_wood_01,metal,blue,TRUE,1,FALSE,material,NA
participant074,list3,high,description,base,the wooden bat,sound,#4ff889,critical,metal_wood_09,NA,green,TRUE,1,FALSE,material,NA
participant074,list3,low,description,irrelevant,the metal bat,sound,#53e9e4,critical,metal_wood_00,metal,blue,TRUE,1,FALSE,material,NA
participant074,list3,low,description,irrelevant,the metal bat,sound,#53e9e4,critical,metal_wood_00,metal,blue,TRUE,1,FALSE,material,NA
participant074,list3,high,description,base,the blue bat,color,#4fc0f8,critical,metal_wood_00,metal,blue,TRUE,1,FALSE,color,NA
participant074,list3,low,description,relevant,the wooden bat,sound,#4ff889,critical,metal_wood_06,wood,green,TRUE,1,FALSE,material,NA
participant074,list3,high,description,relevant,the green bat,color,#4ff889,filler,metal_wood_09,NA,green,TRUE,1,FALSE,color,NA
participant074,list3,low,description,relevant,the wooden bat,sound,#4ff889,critical,metal_wood_03,metal,green,FALSE,1,FALSE,material,NA
participant074,list3,low,description,irrelevant,the green bat,color,#4ff889,critical,metal_wood_06,wood,green,TRUE,1,FALSE,color,NA
participant074,list3,high,description,relevant,the blue bat,color,#4fc0f8,filler,metal_wood_09,NA,blue,TRUE,1,FALSE,color,NA
participant074,list3,high,description,relevant,the wooden bat,sound,#4ff889,filler,metal_wood_09,NA,green,TRUE,1,FALSE,material,NA
participant074,list3,low,description,irrelevant,the wooden bat,sound,#50f5de,critical,metal_wood_09,NA,green,TRUE,1,FALSE,material,NA
participant074,list3,low,description,irrelevant,the wooden bat,sound,#53e9e4,critical,metal_wood_09,NA,blue,TRUE,1,FALSE,material,NA
participant074,list3,high,description,base,the metal bat,sound,#4ff889,critical,metal_wood_00,metal,green,TRUE,1,FALSE,material,NA
participant074,list3,low,description,irrelevant,the metal bat,sound,#50f5de,critical,metal_wood_01,metal,green,TRUE,1,FALSE,material,NA
participant074,list3,low,description,relevant,the blue and wooden bat,color,#53e9e4,critical,metal_wood_09,NA,blue,TRUE,3,TRUE,color & material,material
participant074,list3,low,description,relevant,the wooden bat,sound,#4fc0f8,critical,metal_wood_06,wood,blue,TRUE,1,FALSE,material,NA
participant074,list3,high,description,base,the blue metal bat,sound,#4fc0f8,critical,metal_wood_09,NA,blue,TRUE,2,TRUE,color & material,color
participant074,list3,high,description,base,the green bat,color,#4ff889,critical,metal_wood_01,metal,green,TRUE,1,FALSE,color,NA
participant074,list3,high,description,base,the metal bat,sound,#4ff889,critical,metal_wood_01,metal,green,TRUE,1,FALSE,material,NA
participant074,list3,high,description,base,the green bat,color,#4ff889,critical,metal_wood_09,NA,green,TRUE,1,FALSE,color,NA
participant074,list3,high,description,base,the metal bat,sound,#4fc0f8,critical,metal_wood_00,metal,blue,TRUE,1,FALSE,material,NA
participant074,list3,high,description,base,the blue and wooden bat,color,#4fc0f8,critical,metal_wood_09,NA,blue,TRUE,3,TRUE,color & material,material
participant074,list3,low,description,relevant,the metal bat,sound,#4ff889,critical,metal_wood_03,metal,green,TRUE,1,FALSE,material,NA
participant074,list3,low,description,irrelevant,the green bat,color,#4ff889,critical,metal_wood_03,metal,green,TRUE,1,FALSE,color,NA
participant074,list3,high,description,relevant,the metal bat,sound,#4fc0f8,filler,metal_wood_01,metal,blue,TRUE,1,FALSE,material,NA
participant074,list3,low,description,irrelevant,the green bat,color,#4ff889,critical,metal_wood_03,metal,green,TRUE,1,FALSE,color,NA
participant074,list3,low,description,irrelevant,the metal bat,sound,#50f5de,critical,metal_wood_00,metal,green,TRUE,1,FALSE,material,NA
participant074,list3,high,description,base,the metal bat,sound,#4fc0f8,critical,metal_wood_00,metal,blue,TRUE,1,FALSE,material,NA
participant074,list3,high,description,relevant,the wooden bat,sound,#4ff889,filler,metal_wood_09,NA,green,TRUE,1,FALSE,material,NA
participant074,list3,low,description,relevant,the metal bat,sound,#4fc0f8,critical,metal_wood_03,metal,blue,TRUE,1,FALSE,material,NA
participant074,list3,high,description,base,the green bat,color,#4ff889,critical,metal_wood_09,NA,green,TRUE,1,FALSE,color,NA
participant074,list3,high,description,base,the blue and wooden bat,color,#4fc0f8,critical,metal_wood_09,NA,blue,TRUE,3,TRUE,color & material,material
participant074,list3,low,description,relevant,the blue and wooden bat,color,#53e9e4,critical,metal_wood_09,NA,blue,TRUE,3,TRUE,color & material,material
participant074,list3,low,description,relevant,the blue and metal bat,sound,#4fc0f8,critical,metal_wood_06,wood,blue,FALSE,3,TRUE,color & material,color
participant074,list3,low,description,irrelevant,the blue and metal bat,color,#4fc0f8,critical,metal_wood_03,metal,blue,TRUE,3,TRUE,color & material,material
participant074,list3,high,description,relevant,the blue bat,color,#4fc0f8,filler,metal_wood_09,NA,blue,TRUE,1,FALSE,color,NA
participant074,list3,low,description,irrelevant,the blue bat,color,#4fc0f8,critical,metal_wood_06,wood,blue,TRUE,1,FALSE,color,NA
participant074,list3,low,description,irrelevant,the blue bat,color,#4fc0f8,critical,metal_wood_03,metal,blue,TRUE,1,FALSE,color,NA
participant074,list3,low,description,irrelevant,the blue and metal bat,sound,#53e9e4,critical,metal_wood_01,metal,blue,TRUE,3,TRUE,color & material,color
participant074,list3,low,description,relevant,the blue and wooden bat,color,#50f5de,critical,metal_wood_09,NA,green,TRUE,3,TRUE,color & material,material
participant074,list3,high,description,relevant,the wooden bat,sound,#4fc0f8,filler,metal_wood_09,NA,blue,TRUE,1,FALSE,material,NA
participant074,list3,high,description,base,the wooden bat,sound,#4fc0f8,critical,metal_wood_09,NA,blue,TRUE,1,FALSE,material,NA
participant074,list3,low,description,relevant,the wooden bat,sound,#4fc0f8,critical,metal_wood_06,wood,blue,TRUE,1,FALSE,material,NA
participant074,list3,low,description,relevant,the green bat,color,#50f5de,critical,metal_wood_01,metal,green,TRUE,1,FALSE,color,NA
participant074,list3,high,description,relevant,the blue bat,color,#4fc0f8,filler,metal_wood_01,metal,blue,TRUE,1,FALSE,color,NA
participant074,list3,low,description,irrelevant,the metal bat,sound,#50f5de,critical,metal_wood_01,metal,green,TRUE,1,FALSE,material,NA
participant074,list3,high,description,base,the blue bat,color,#4fc0f8,critical,metal_wood_00,metal,blue,TRUE,1,FALSE,color,NA
participant074,list3,low,description,relevant,the blue bat,color,#53e9e4,critical,metal_wood_01,metal,blue,TRUE,1,FALSE,color,NA
participant074,list3,low,description,relevant,the green bat,color,#50f5de,critical,metal_wood_00,metal,green,TRUE,1,FALSE,color,NA
participant074,list3,low,description,irrelevant,the green bat,color,#4ff889,critical,metal_wood_06,wood,green,TRUE,1,FALSE,color,NA
participant076,list1,low,description,irrelevant,metal yellow bat,sound,#fabb50,critical,metal_wood_01,metal,orange,TRUE,2,TRUE,color & material,color
participant076,list1,high,description,relevant,metal yellow bat,sound,#f8884f,filler,metal_wood_01,metal,orange,TRUE,2,TRUE,color & material,color
participant076,list1,high,description,base,metal bat,sound,#f8dc4f,critical,metal_wood_01,metal,yellow,TRUE,1,FALSE,material,NA
participant076,list1,low,description,irrelevant,wood bat,sound,#fabb50,critical,metal_wood_09,wood,orange,TRUE,1,FALSE,material,NA
participant076,list1,high,description,relevant,metal bat,sound,#f8884f,filler,metal_wood_01,metal,orange,TRUE,1,FALSE,material,NA
participant076,list1,high,description,base,wood metal,sound,#f8dc4f,critical,metal_wood_09,wood,yellow,TRUE,2,TRUE,material,color
participant076,list1,low,description,relevant,metal bat,sound,#f8dc4f,critical,metal_wood_06,wood,yellow,FALSE,1,FALSE,material,NA
participant076,list1,low,description,relevant,metal bat,sound,#f8dc4f,critical,metal_wood_03,metal,yellow,TRUE,1,FALSE,material,NA
participant076,list1,high,description,base,wood bat,sound,#f8884f,critical,metal_wood_09,wood,orange,TRUE,1,FALSE,material,NA
participant076,list1,low,description,relevant,metal bat,sound,#f8dc4f,critical,metal_wood_06,wood,yellow,FALSE,1,FALSE,material,NA
participant080,list1,high,description,relevant,the yellow wooden bat,sound,#f8dc4f,filler,metal_wood_09,wood,yellow,TRUE,2,TRUE,color & material,color
participant080,list1,high,description,relevant,yellow wooden bat,color,#f8dc4f,filler,metal_wood_08,wood,yellow,TRUE,2,TRUE,color & material,material
participant080,list1,high,description,base,the orange wooden bat,color,#f8884f,critical,metal_wood_08,wood,orange,TRUE,2,TRUE,color & material,material
participant080,list1,high,description,base,the orange wooden bat,sound,#f8884f,critical,metal_wood_08,wood,orange,TRUE,2,TRUE,color & material,color
participant080,list1,low,description,relevant,the orange metal bat,sound,#f8884f,critical,metal_wood_03,metal,orange,TRUE,2,TRUE,color & material,color
participant080,list1,low,description,irrelevant,the orange metal bat,sound,#faaf50,critical,metal_wood_00,metal,orange,TRUE,2,TRUE,color & material,color
participant080,list1,high,description,base,the yellow bat,color,#f8dc4f,critical,metal_wood_00,metal,yellow,TRUE,1,FALSE,color,NA
participant080,list1,low,description,irrelevant,the orange metal bat,color,#f8884f,critical,metal_wood_03,metal,orange,TRUE,2,TRUE,color & material,material
participant080,list1,high,description,base,the orange wooden bat,sound,#f8884f,critical,metal_wood_08,wood,orange,TRUE,2,TRUE,color & material,color
participant080,list1,low,description,relevant,the orange wooden bat,color,#faaf50,critical,metal_wood_09,wood,orange,TRUE,2,TRUE,color & material,material
participant080,list1,high,description,relevant,the metal bat,sound,#f8dc4f,filler,metal_wood_00,metal,yellow,TRUE,1,FALSE,material,NA
participant080,list1,high,description,base,the orange bat,color,#f8884f,critical,metal_wood_08,wood,orange,TRUE,1,FALSE,color,NA
participant080,list1,low,description,relevant,the orange wood bat,sound,#f8884f,critical,metal_wood_05,wood,orange,TRUE,2,TRUE,color & material,color
participant080,list1,high,description,base,the orange bat,color,#f8884f,critical,metal_wood_00,metal,orange,TRUE,1,FALSE,color,NA
participant080,list1,low,description,relevant,the yellow bat,color,#fab650,critical,metal_wood_00,metal,yellow,TRUE,1,FALSE,color,NA
participant080,list1,low,description,irrelevant,the yellow bat,color,#f8dc4f,critical,metal_wood_03,metal,yellow,TRUE,1,FALSE,color,NA
participant080,list1,low,description,relevant,the orange bat,color,#faaf50,critical,metal_wood_01,metal,orange,TRUE,1,FALSE,color,NA
participant080,list1,low,description,irrelevant,the orange bat,color,#f8884f,critical,metal_wood_03,metal,orange,TRUE,1,FALSE,color,NA
participant080,list1,high,description,relevant,the wooden bat,sound,#f8dc4f,filler,metal_wood_08,wood,yellow,TRUE,1,FALSE,material,NA
participant080,list1,low,description,irrelevant,the orange metal bat,sound,#faaf50,critical,metal_wood_01,metal,orange,TRUE,2,TRUE,color & material,color
participant080,list1,high,description,base,the orange metal bat,sound,#f8884f,critical,metal_wood_01,metal,orange,TRUE,2,TRUE,color & material,color
participant080,list1,high,description,relevant,the yellow bat,color,#f8dc4f,filler,metal_wood_09,wood,yellow,TRUE,1,FALSE,color,NA
participant080,list1,high,description,relevant,the wooden bat,sound,#f8dc4f,filler,metal_wood_08,wood,yellow,TRUE,1,FALSE,material,NA
participant080,list1,low,description,relevant,the yellow bat,color,#fab650,critical,metal_wood_00,metal,yellow,TRUE,1,FALSE,color,NA
participant080,list1,low,description,irrelevant,the yellow bat,color,#f8dc4f,critical,metal_wood_05,wood,yellow,TRUE,1,FALSE,color,NA
participant080,list1,high,description,base,the yellow bat,color,#f8dc4f,critical,metal_wood_01,metal,yellow,TRUE,1,FALSE,color,NA
participant080,list1,low,description,relevant,the orange wooden bat,sound,#f8884f,critical,metal_wood_03,metal,orange,FALSE,2,TRUE,color & material,color
participant080,list1,high,description,relevant,orange bat,color,#f8884f,filler,metal_wood_00,metal,orange,TRUE,1,FALSE,color,NA
participant080,list1,low,description,relevant,orange wood bat,sound,#f8884f,critical,metal_wood_05,wood,orange,TRUE,2,TRUE,color & material,color
participant080,list1,high,description,relevant,orange bat,color,#f8884f,filler,metal_wood_09,wood,orange,TRUE,1,FALSE,color,NA
participant080,list1,low,description,relevant,orange bat,color,#faaf50,critical,metal_wood_00,metal,orange,TRUE,1,FALSE,color,NA
participant080,list1,low,description,relevant,orange metal bat,sound,#f8884f,critical,metal_wood_03,metal,orange,TRUE,2,TRUE,color & material,color
participant080,list1,high,description,base,orange wood bat,sound,#f8884f,critical,metal_wood_09,wood,orange,TRUE,2,TRUE,color & material,color
participant080,list1,high,description,base,yellow metal bat,color,#f8dc4f,critical,metal_wood_00,metal,yellow,TRUE,2,TRUE,color & material,material
participant080,list1,low,description,irrelevant,orange metal bat,color,#f8884f,critical,metal_wood_05,wood,orange,TRUE,2,TRUE,color & material,material
participant080,list1,high,description,base,orange metal bat,sound,#f8884f,critical,metal_wood_01,metal,orange,TRUE,2,TRUE,color & material,color
participant080,list1,low,description,relevant,yellow metal bat,sound,#f8dc4f,critical,metal_wood_03,metal,yellow,TRUE,2,TRUE,color & material,color
participant080,list1,low,description,relevant,orange wood bat,color,#faaf50,critical,metal_wood_08,wood,orange,TRUE,2,TRUE,color & material,material
participant080,list1,low,description,relevant,yellow bat,color,#fab650,critical,metal_wood_01,metal,yellow,TRUE,1,FALSE,color,NA
participant080,list1,low,description,relevant,yellow bat,color,#fab650,critical,metal_wood_09,wood,yellow,TRUE,1,FALSE,color,NA
participant080,list1,low,description,irrelevant,yellow bat,color,#f8dc4f,critical,metal_wood_05,wood,yellow,TRUE,1,FALSE,color,NA
participant080,list1,high,description,base,orange wood bat,sound,#f8884f,critical,metal_wood_08,wood,orange,TRUE,2,TRUE,color & material,color
participant080,list1,high,description,base,orange metal bat,sound,#f8884f,critical,metal_wood_01,metal,orange,TRUE,2,TRUE,color & material,color
participant080,list1,high,description,relevant,yellow bat,color,#f8dc4f,filler,metal_wood_08,wood,yellow,TRUE,1,FALSE,color,NA
participant080,list1,low,description,irrelevant,yellow metal bat,sound,#fab650,critical,metal_wood_01,metal,yellow,TRUE,2,TRUE,color & material,color
participant080,list1,low,description,relevant,orange wood bat,sound,#f8884f,critical,metal_wood_05,wood,orange,TRUE,2,TRUE,color & material,color
participant080,list1,high,description,relevant,yellow metal bat,sound,#f8dc4f,filler,metal_wood_00,metal,yellow,TRUE,2,TRUE,color & material,color
participant080,list1,low,description,irrelevant,orange metal bat,sound,#fab650,critical,metal_wood_00,metal,yellow,TRUE,2,TRUE,color & material,color
participant080,list1,low,description,irrelevant,orange wood bat,sound,#faaf50,critical,metal_wood_09,wood,orange,TRUE,2,TRUE,color & material,color
participant080,list1,high,description,base,orange bat,color,#f8884f,critical,metal_wood_01,metal,orange,TRUE,1,FALSE,color,NA
participant080,list1,high,description,base,yellow bat,color,#f8dc4f,critical,metal_wood_08,wood,yellow,TRUE,1,FALSE,color,NA
participant080,list1,low,description,irrelevant,yellow metal bat,sound,#fab650,critical,metal_wood_00,metal,yellow,TRUE,2,TRUE,color & material,color
participant080,list1,high,description,base,yellow metal bat,sound,#f8dc4f,critical,metal_wood_01,metal,yellow,TRUE,2,TRUE,color & material,color
participant080,list1,low,description,relevant,orange wood bat,sound,#f8884f,critical,metal_wood_05,wood,orange,TRUE,2,TRUE,color & material,color
participant080,list1,low,description,irrelevant,orange bat,color,#f8884f,critical,metal_wood_05,wood,orange,TRUE,1,FALSE,color,NA
participant080,list1,low,description,irrelevant,yellow bat,color,#f8dc4f,critical,metal_wood_03,metal,yellow,TRUE,1,FALSE,color,NA
participant081,list3,high,description,relevant,the green bat,color,#4ff889,filler,metal_wood_01,metal,green,TRUE,1,FALSE,color,NA
participant081,list3,high,description,relevant,the blue bat,color,#4fc0f8,filler,metal_wood_01,metal,blue,TRUE,1,FALSE,color,NA
participant081,list3,low,description,relevant,the green metal,sound,#4fc0f8,critical,metal_wood_07,wood,blue,FALSE,2,TRUE,color & material,color
participant081,list3,low,description,relevant,the blue metal bat,color,#50f8d9,critical,metal_wood_00,metal,blue,TRUE,2,TRUE,color & material,material
participant081,list3,low,description,relevant,the green wood bat,color,#50f8d5,critical,metal_wood_08,wood,green,TRUE,2,TRUE,color & material,material
participant081,list3,low,description,irrelevant,the blue bat,color,#4fc0f8,critical,metal_wood_07,wood,blue,TRUE,1,FALSE,color,NA
participant081,list3,low,description,irrelevant,the green wood bat,sound,#50f8d9,critical,metal_wood_09,wood,blue,TRUE,2,TRUE,color & material,color
participant081,list3,low,description,relevant,the blue wood bat,sound,#4fc0f8,critical,metal_wood_07,wood,blue,TRUE,2,TRUE,color & material,color
participant081,list3,high,description,base,the green bat,color,#4ff889,critical,metal_wood_08,wood,green,TRUE,1,FALSE,color,NA
participant081,list3,low,description,relevant,the metal bat,sound,#4ff889,critical,metal_wood_06,metal,green,TRUE,1,FALSE,material,NA
participant081,list3,high,description,base,the blue bat,color,#4fc0f8,critical,metal_wood_01,metal,blue,TRUE,1,FALSE,color,NA
participant081,list3,low,description,irrelevant,the green wood bat,sound,#50f8d5,critical,metal_wood_08,wood,green,TRUE,2,TRUE,color & material,color
participant081,list3,low,description,relevant,the green bat,color,#50f8d5,critical,metal_wood_00,metal,green,TRUE,1,FALSE,color,NA
participant081,list3,high,description,relevant,the blue bat,color,#4fc0f8,filler,metal_wood_00,metal,blue,TRUE,1,FALSE,color,NA
participant081,list3,high,description,relevant,the metal bat,sound,#4ff889,filler,metal_wood_00,metal,green,TRUE,1,FALSE,material,NA
participant081,list3,high,description,base,the blue bat,color,#4fc0f8,critical,metal_wood_01,metal,blue,TRUE,1,FALSE,color,NA
participant081,list3,low,description,irrelevant,the green bat,color,#4ff889,critical,metal_wood_06,metal,green,TRUE,1,FALSE,color,NA
participant081,list3,high,description,relevant,the wood bat,sound,#4fc0f8,filler,metal_wood_08,wood,blue,TRUE,1,FALSE,material,NA
participant081,list3,high,description,base,the blue bat,color,#4fc0f8,critical,metal_wood_00,metal,blue,TRUE,1,FALSE,color,NA
participant081,list3,low,description,irrelevant,the green wood bat,sound,#50f8d5,critical,metal_wood_09,wood,green,TRUE,2,TRUE,color & material,color
participant081,list3,low,description,relevant,the green metal bat,color,#50f8d9,critical,metal_wood_00,metal,blue,FALSE,2,TRUE,color & material,material
participant081,list3,high,description,base,the green bat,color,#4ff889,critical,metal_wood_00,metal,green,TRUE,1,FALSE,color,NA
participant081,list3,high,description,relevant,the metal bat,sound,#4ff889,filler,metal_wood_00,metal,green,TRUE,1,FALSE,material,NA
participant081,list3,high,description,base,the green bat,color,#4ff889,critical,metal_wood_08,wood,green,TRUE,1,FALSE,color,NA
participant081,list3,low,description,irrelevant,the green bat,color,#4ff889,critical,metal_wood_07,wood,green,TRUE,1,FALSE,color,NA
participant081,list3,high,description,base,the blue metal bat,sound,#4fc0f8,critical,metal_wood_00,metal,blue,TRUE,2,TRUE,color & material,color
participant081,list3,high,description,relevant,the green bat,color,#4ff889,filler,metal_wood_01,metal,green,TRUE,1,FALSE,color,NA
participant081,list3,low,description,irrelevant,the metal bat,sound,#50f8d9,critical,metal_wood_00,metal,blue,TRUE,1,FALSE,material,NA
participant081,list3,low,description,irrelevant,the green bat,color,#4ff889,critical,metal_wood_06,metal,green,TRUE,1,FALSE,color,NA
participant081,list3,high,description,relevant,the blue bat,color,#4fc0f8,filler,metal_wood_09,wood,blue,TRUE,1,FALSE,color,NA
participant081,list3,high,description,base,the metal bat,sound,#4fc0f8,critical,metal_wood_01,metal,blue,TRUE,1,FALSE,material,NA
participant081,list3,high,description,relevant,the green bat,color,#4ff889,filler,metal_wood_09,wood,green,TRUE,1,FALSE,color,NA
participant081,list3,low,description,irrelevant,the wood bat,sound,#50f8d5,critical,metal_wood_09,wood,green,TRUE,1,FALSE,material,NA
participant081,list3,high,description,base,the blue bat,color,#4fc0f8,critical,metal_wood_01,metal,blue,TRUE,1,FALSE,color,NA
participant081,list3,high,description,base,the green metal bat,sound,#4ff889,critical,metal_wood_01,metal,green,TRUE,2,TRUE,color & material,color
participant081,list3,low,description,relevant,the green bat,color,#50f8d5,critical,metal_wood_01,metal,green,TRUE,1,FALSE,color,NA
participant081,list3,low,description,relevant,the blue wood bat,sound,#4fc0f8,critical,metal_wood_06,metal,blue,FALSE,2,TRUE,color & material,color
participant081,list3,low,description,irrelevant,the blue metal bat,sound,#50f8d9,critical,metal_wood_01,metal,blue,TRUE,2,TRUE,color & material,color
participant081,list3,low,description,relevant,the blue wood bat,sound,#4fc0f8,critical,metal_wood_06,metal,blue,FALSE,2,TRUE,color & material,color
participant081,list3,low,description,irrelevant,the green bat,color,#4ff889,critical,metal_wood_06,metal,green,TRUE,1,FALSE,color,NA
participant081,list3,low,description,irrelevant,the green bat,color,#4ff889,critical,metal_wood_07,wood,green,TRUE,1,FALSE,color,NA
participant081,list3,low,description,irrelevant,the green bat,color,#4ff889,critical,metal_wood_07,wood,green,TRUE,1,FALSE,color,NA
participant081,list3,low,description,irrelevant,the blue bat,color,#4fc0f8,critical,metal_wood_06,metal,blue,TRUE,1,FALSE,color,NA
participant081,list3,low,description,relevant,the blue metal bat,color,#50f8d9,critical,metal_wood_01,metal,blue,TRUE,2,TRUE,color & material,material
participant081,list3,high,description,relevant,the metal bat,sound,#4ff889,filler,metal_wood_00,metal,green,TRUE,1,FALSE,material,NA
participant081,list3,high,description,base,the wood bat,sound,#4fc0f8,critical,metal_wood_08,wood,blue,TRUE,1,FALSE,material,NA
participant081,list3,low,description,relevant,the green bat,color,#50f8d5,critical,metal_wood_09,wood,green,TRUE,1,FALSE,color,NA
participant081,list3,low,description,relevant,the wood bat,sound,#4fc0f8,critical,metal_wood_07,wood,blue,TRUE,1,FALSE,material,NA
participant081,list3,low,description,relevant,the metal bat,sound,#4fc0f8,critical,metal_wood_06,metal,blue,TRUE,1,FALSE,material,NA
participant081,list3,high,description,relevant,the wood bat,sound,#4fc0f8,filler,metal_wood_09,wood,blue,TRUE,1,FALSE,material,NA
participant081,list3,high,description,base,the blue wood bat,sound,#4fc0f8,critical,metal_wood_09,wood,blue,TRUE,2,TRUE,color & material,color
participant081,list3,high,description,base,the green bat,color,#4ff889,critical,metal_wood_01,metal,green,TRUE,1,FALSE,color,NA
participant081,list3,high,description,relevant,the wood bat,sound,#4ff889,filler,metal_wood_09,wood,green,TRUE,1,FALSE,material,NA
participant081,list3,low,description,relevant,the wood bat,sound,#4fc0f8,critical,metal_wood_07,wood,blue,TRUE,1,FALSE,material,NA
participant081,list3,low,description,relevant,the blue metal bat,color,#50f8d9,critical,metal_wood_00,metal,blue,TRUE,2,TRUE,color & material,material
participant082,list3,high,description,relevant,the green bat,color,#4ff889,filler,metal_wood_09,wood,green,TRUE,1,FALSE,color,NA
participant082,list3,low,description,irrelevant,the metal bat,sound,#51f2df,critical,metal_wood_01,metal,blue,TRUE,1,FALSE,material,NA
participant082,list3,low,description,irrelevant,the green bat,color,#4ff889,critical,metal_wood_04,wood,green,TRUE,1,FALSE,color,NA
participant082,list3,low,description,irrelevant,the green one,color,#4ff889,critical,metal_wood_03,metal,green,TRUE,1,FALSE,color,NA
participant082,list3,low,description,relevant,the metal,sound,#4fc0f8,critical,metal_wood_03,metal,blue,TRUE,1,FALSE,material,NA
participant082,list3,high,description,base,the blue,color,#4fc0f8,critical,metal_wood_00,metal,blue,TRUE,1,FALSE,color,NA
participant082,list3,high,description,base,the wood,sound,#4fc0f8,critical,metal_wood_08,wood,blue,TRUE,1,FALSE,material,NA
participant082,list3,low,description,relevant,the blue wood,color,#51f2df,critical,metal_wood_08,wood,blue,TRUE,2,TRUE,color & material,material
participant082,list3,low,description,relevant,the blue metal,sound,#4fc0f8,critical,metal_wood_04,wood,blue,FALSE,2,TRUE,color & material,color
participant082,list3,low,description,relevant,the wood,sound,#4ff889,critical,metal_wood_03,metal,green,FALSE,1,FALSE,material,NA
participant082,list3,high,description,relevant,the wood,sound,#4fc0f8,filler,metal_wood_08,wood,blue,TRUE,1,FALSE,material,NA
participant082,list3,high,description,base,the metal,sound,#4ff889,critical,metal_wood_00,metal,green,TRUE,1,FALSE,material,NA
participant082,list3,high,description,relevant,the blue,color,#4fc0f8,filler,metal_wood_09,wood,blue,TRUE,1,FALSE,color,NA
participant082,list3,high,description,relevant,the blue,color,#4fc0f8,filler,metal_wood_08,wood,blue,TRUE,1,FALSE,color,NA
participant082,list3,low,description,irrelevant,the green,color,#4ff889,critical,metal_wood_04,wood,green,TRUE,1,FALSE,color,NA
participant082,list3,low,description,irrelevant,the metal,sound,#51f2df,critical,metal_wood_01,metal,blue,TRUE,1,FALSE,material,NA
participant082,list3,low,description,irrelevant,metal,sound,#51f2df,critical,metal_wood_00,metal,blue,TRUE,1,FALSE,material,NA
participant082,list3,high,description,base,blue,color,#4fc0f8,critical,metal_wood_01,metal,blue,TRUE,1,FALSE,color,NA
participant082,list3,low,description,relevant,metal,sound,#4ff889,critical,metal_wood_03,metal,green,TRUE,1,FALSE,material,NA
participant082,list3,low,description,relevant,blue,color,#52ebe3,critical,metal_wood_01,metal,blue,TRUE,1,FALSE,color,NA
participant082,list3,high,description,base,blue,color,#4fc0f8,critical,metal_wood_01,metal,blue,TRUE,1,FALSE,color,NA
participant082,list3,low,description,relevant,metal blue,color,#51f2df,critical,metal_wood_00,metal,blue,TRUE,2,TRUE,color & material,material
participant082,list3,high,description,base,metal,sound,#4ff889,critical,metal_wood_00,metal,green,TRUE,1,FALSE,material,NA
participant082,list3,low,description,relevant,blue,color,#52ebe3,critical,metal_wood_00,metal,blue,TRUE,1,FALSE,color,NA
participant082,list3,low,description,relevant,green metal,sound,#4ff889,critical,metal_wood_04,wood,green,FALSE,2,TRUE,color & material,color
participant082,list3,high,description,base,metal,sound,#4fc0f8,critical,metal_wood_01,metal,blue,TRUE,1,FALSE,material,NA
participant082,list3,high,description,relevant,green,color,#4ff889,filler,metal_wood_01,metal,green,TRUE,1,FALSE,color,NA
participant082,list3,high,description,relevant,metal,sound,#4fc0f8,filler,metal_wood_00,metal,blue,TRUE,1,FALSE,material,NA
participant082,list3,low,description,irrelevant,wood,sound,#51f2df,critical,metal_wood_09,wood,blue,TRUE,1,FALSE,material,NA
participant082,list3,low,description,irrelevant,green,color,#4ff889,critical,metal_wood_03,metal,green,TRUE,1,FALSE,color,NA
participant082,list3,high,description,relevant,green,color,#4ff889,filler,metal_wood_08,wood,green,TRUE,1,FALSE,color,NA
participant082,list3,low,description,irrelevant,green,color,#4ff889,critical,metal_wood_03,metal,green,TRUE,1,FALSE,color,NA
participant082,list3,high,description,base,green,color,#4ff889,critical,metal_wood_01,metal,green,TRUE,1,FALSE,color,NA
participant082,list3,low,description,relevant,blue,color,#52ebe3,critical,metal_wood_08,wood,blue,TRUE,1,FALSE,color,NA
participant082,list3,low,description,relevant,blue,color,#52ebe3,critical,metal_wood_00,metal,blue,TRUE,1,FALSE,color,NA
participant082,list3,low,description,irrelevant,blue,color,#4fc0f8,critical,metal_wood_03,metal,blue,TRUE,1,FALSE,color,NA
participant082,list3,low,description,irrelevant,blue metal,sound,#52ebe3,critical,metal_wood_00,metal,blue,TRUE,2,TRUE,color & material,color
participant082,list3,low,description,relevant,green,color,#51f2df,critical,metal_wood_01,metal,blue,FALSE,1,FALSE,color,NA
participant082,list3,high,description,relevant,metal,sound,#4ff889,filler,metal_wood_00,metal,green,TRUE,1,FALSE,material,NA
participant082,list3,high,description,relevant,blue,color,#4fc0f8,filler,metal_wood_01,metal,blue,TRUE,1,FALSE,color,NA
participant082,list3,low,description,relevant,green,color,#51f2df,critical,metal_wood_08,wood,blue,FALSE,1,FALSE,color,NA
participant082,list3,low,description,relevant,blue wood,sound,#4fc0f8,critical,metal_wood_04,wood,blue,TRUE,2,TRUE,color & material,color
participant082,list3,high,description,base,metal,sound,#4fc0f8,critical,metal_wood_00,metal,blue,TRUE,1,FALSE,material,NA
participant082,list3,high,description,base,wood,sound,#4fc0f8,critical,metal_wood_08,wood,blue,TRUE,1,FALSE,material,NA
participant082,list3,high,description,base,green,color,#4ff889,critical,metal_wood_00,metal,green,TRUE,1,FALSE,color,NA
participant082,list3,low,description,relevant,metal,sound,#4fc0f8,critical,metal_wood_03,metal,blue,TRUE,1,FALSE,material,NA
participant082,list3,low,description,irrelevant,blue,color,#4fc0f8,critical,metal_wood_04,wood,blue,TRUE,1,FALSE,color,NA
participant082,list3,high,description,base,green,color,#4ff889,critical,metal_wood_09,wood,green,TRUE,1,FALSE,color,NA
participant082,list3,low,description,irrelevant,metal,sound,#52ebe3,critical,metal_wood_01,metal,blue,TRUE,1,FALSE,material,NA
participant082,list3,high,description,base,wood,sound,#4ff889,critical,metal_wood_09,wood,green,TRUE,1,FALSE,material,NA
participant082,list3,high,description,relevant,metal,sound,#4ff889,filler,metal_wood_00,metal,green,TRUE,1,FALSE,material,NA
participant082,list3,low,description,irrelevant,wood,sound,#52ebe3,critical,metal_wood_08,wood,blue,TRUE,1,FALSE,material,NA
participant082,list3,low,description,relevant,wood,sound,#4fc0f8,critical,metal_wood_04,wood,blue,TRUE,1,FALSE,material,NA
participant082,list3,high,description,base,blue,color,#4fc0f8,critical,metal_wood_09,wood,blue,TRUE,1,FALSE,color,NA
participant082,list3,high,description,relevant,wood,sound,#4ff889,filler,metal_wood_08,wood,green,TRUE,1,FALSE,material,NA
participant082,list3,high,description,base,wood,sound,#4fc0f8,critical,metal_wood_08,wood,blue,TRUE,1,FALSE,material,NA
participant082,list3,high,description,base,green,color,#4ff889,critical,metal_wood_09,wood,green,TRUE,1,FALSE,color,NA
participant083,list3,high,description,relevant,blue bat,color,#4fc0f8,filler,metal_wood_00,metal,blue,TRUE,1,FALSE,color,NA
participant083,list3,high,description,relevant,green metal bat,sound,#4ff889,filler,metal_wood_00,metal,green,TRUE,2,TRUE,color & material,color
participant083,list3,high,description,base,green metal bat,sound,#4ff889,critical,metal_wood_01,metal,green,TRUE,2,TRUE,color & material,color
participant083,list3,high,description,base,green metal bat,color,#4ff889,critical,metal_wood_01,metal,green,TRUE,2,TRUE,color & material,material
participant083,list3,low,description,relevant,green wood bat,color,#53f8c4,critical,metal_wood_08,wood,green,TRUE,2,TRUE,color & material,material
participant083,list3,low,description,irrelevant,blue wood bat,sound,#53f8c4,critical,metal_wood_09,wood,green,TRUE,2,TRUE,color & material,color
participant083,list3,low,description,irrelevant,blue metal bat,sound,#51f8ce,critical,metal_wood_00,metal,green,TRUE,2,TRUE,color & material,color
participant083,list3,low,description,relevant,green wood bat,sound,#4ff889,critical,metal_wood_06,wood,green,TRUE,2,TRUE,color & material,color
participant083,list3,high,description,base,blue wood bat,sound,#4fc0f8,critical,metal_wood_09,wood,blue,TRUE,2,TRUE,color & material,color
participant083,list3,high,description,relevant,green wood bat,sound,#4ff889,filler,metal_wood_08,wood,green,TRUE,2,TRUE,color & material,color
participant083,list3,low,description,irrelevant,blue wood bat,sound,#53f8c4,critical,metal_wood_08,wood,green,TRUE,2,TRUE,color & material,color
participant083,list3,high,description,base,green wood bat,sound,#4ff889,critical,metal_wood_08,wood,green,TRUE,2,TRUE,color & material,color
participant083,list3,low,description,irrelevant,blue wood bat,color,#4fc0f8,critical,metal_wood_06,wood,blue,TRUE,2,TRUE,color & material,material
participant083,list3,high,description,relevant,green wood bat,sound,#4ff889,filler,metal_wood_08,wood,green,TRUE,2,TRUE,color & material,color
participant083,list3,low,description,relevant,blue wood bat,color,#51f8ce,critical,metal_wood_08,wood,green,FALSE,2,TRUE,color & material,material
participant083,list3,high,description,base,blue wood bat,color,#4fc0f8,critical,metal_wood_09,wood,blue,TRUE,2,TRUE,color & material,material
participant083,list3,low,description,irrelevant,blue metal bat,color,#4fc0f8,critical,metal_wood_04,metal,blue,TRUE,2,TRUE,color & material,material
participant083,list3,low,description,relevant,blue metal bat,color,#51f8ce,critical,metal_wood_01,metal,green,FALSE,2,TRUE,color & material,material
participant083,list3,high,description,relevant,green metal bat,color,#4ff889,filler,metal_wood_00,metal,green,TRUE,2,TRUE,color & material,material
participant083,list3,low,description,irrelevant,green metal,color,#4ff889,critical,metal_wood_04,metal,green,TRUE,2,TRUE,color & material,material
participant083,list3,low,description,irrelevant,blue wood,sound,#53f8c4,critical,metal_wood_08,wood,green,TRUE,2,TRUE,color & material,color
participant083,list3,low,description,relevant,green metal,sound,#4ff889,critical,metal_wood_04,metal,green,TRUE,2,TRUE,color & material,color
participant083,list3,low,description,irrelevant,green metal,color,#4ff889,critical,metal_wood_04,metal,green,TRUE,2,TRUE,color & material,material
participant083,list3,high,description,base,blue metal,color,#4fc0f8,critical,metal_wood_00,metal,blue,TRUE,2,TRUE,color & material,material
participant083,list3,low,description,relevant,green metal,sound,#4ff889,critical,metal_wood_04,metal,green,TRUE,2,TRUE,color & material,color
participant083,list3,high,description,relevant,blue wood,color,#4fc0f8,filler,metal_wood_09,wood,blue,TRUE,2,TRUE,color & material,material
participant083,list3,high,description,base,green wood,color,#4ff889,critical,metal_wood_09,wood,green,TRUE,2,TRUE,color & material,material
participant083,list3,low,description,irrelevant,blue metal,sound,#53f8c4,critical,metal_wood_00,metal,green,TRUE,2,TRUE,color & material,color
participant083,list3,high,description,base,green wood,sound,#4ff889,critical,metal_wood_08,wood,green,TRUE,2,TRUE,color & material,color
participant083,list3,low,description,relevant,green wood,sound,#4ff889,critical,metal_wood_06,wood,green,TRUE,2,TRUE,color & material,color
participant083,list3,low,description,relevant,blue metal,color,#51f8ce,critical,metal_wood_00,metal,green,FALSE,2,TRUE,color & material,material
participant083,list3,high,description,base,green metal,sound,#4ff889,critical,metal_wood_00,metal,green,TRUE,2,TRUE,color & material,color
participant083,list3,low,description,irrelevant,blue wood,color,#4fc0f8,critical,metal_wood_06,wood,blue,TRUE,2,TRUE,color & material,material
participant083,list3,low,description,irrelevant,blue metal,sound,#51f8ce,critical,metal_wood_01,metal,green,TRUE,2,TRUE,color & material,color
participant083,list3,high,description,base,green metal,color,#4ff889,critical,metal_wood_01,metal,green,TRUE,2,TRUE,color & material,material
participant083,list3,high,description,relevant,blue metal,color,#4fc0f8,filler,metal_wood_01,metal,blue,TRUE,2,TRUE,color & material,material
participant083,list3,high,description,base,green wood,sound,#4ff889,critical,metal_wood_09,wood,green,TRUE,2,TRUE,color & material,color
participant083,list3,low,description,relevant,blue wood,sound,#4fc0f8,critical,metal_wood_06,wood,blue,TRUE,2,TRUE,color & material,color
participant083,list3,low,description,irrelevant,blue metal,sound,#51f8ce,critical,metal_wood_00,metal,green,TRUE,2,TRUE,color & material,color
participant083,list3,high,description,relevant,blue metal,sound,#4fc0f8,filler,metal_wood_00,metal,blue,TRUE,2,TRUE,color & material,color
participant083,list3,high,description,relevant,blue metal,sound,#4fc0f8,filler,metal_wood_00,metal,blue,TRUE,2,TRUE,color & material,color
participant083,list3,high,description,base,blue metal,color,#4fc0f8,critical,metal_wood_01,metal,blue,TRUE,2,TRUE,color & material,material
participant083,list3,low,description,irrelevant,green wood,color,#4ff889,critical,metal_wood_06,wood,green,TRUE,2,TRUE,color & material,material
participant083,list3,high,description,relevant,green metal,color,#4ff889,filler,metal_wood_01,metal,green,TRUE,2,TRUE,color & material,material
participant083,list3,low,description,relevant,blue metal,color,#51f8ce,critical,metal_wood_01,metal,green,FALSE,2,TRUE,color & material,material
participant083,list3,low,description,relevant,green wood,sound,#4ff889,critical,metal_wood_06,wood,green,TRUE,2,TRUE,color & material,color
participant083,list3,high,description,base,blue metal,sound,#4fc0f8,critical,metal_wood_00,metal,blue,TRUE,2,TRUE,color & material,color
participant083,list3,high,description,relevant,green metal,color,#4ff889,filler,metal_wood_01,metal,green,TRUE,2,TRUE,color & material,material
participant083,list3,low,description,relevant,green metal,color,#53f8c4,critical,metal_wood_01,metal,green,TRUE,2,TRUE,color & material,material
participant083,list3,high,description,relevant,green wood,sound,#4ff889,filler,metal_wood_08,wood,green,TRUE,2,TRUE,color & material,color
participant083,list3,low,description,relevant,blue metal,sound,#4fc0f8,critical,metal_wood_04,metal,blue,TRUE,2,TRUE,color & material,color
participant083,list3,low,description,relevant,green metal,sound,#4ff889,critical,metal_wood_04,metal,green,TRUE,2,TRUE,color & material,color
participant083,list3,high,description,base,blue metal,color,#4fc0f8,critical,metal_wood_01,metal,blue,TRUE,2,TRUE,color & material,material
participant083,list3,low,description,irrelevant,blue wood,color,#4fc0f8,critical,metal_wood_04,metal,blue,TRUE,2,TRUE,color & material,material
participant083,list3,high,description,base,green metal,sound,#4ff889,critical,metal_wood_00,metal,green,TRUE,2,TRUE,color & material,color
participant083,list3,low,description,relevant,green metal,color,#53f8c4,critical,metal_wood_00,metal,green,TRUE,2,TRUE,color & material,material
participant083,list3,low,description,irrelevant,blue wood,color,#4fc0f8,critical,metal_wood_06,wood,blue,TRUE,2,TRUE,color & material,material
participant083,list3,low,description,relevant,green metal,color,#53f8c4,critical,metal_wood_00,metal,green,TRUE,2,TRUE,color & material,material
participant083,list3,low,description,irrelevant,green metal,sound,#51f8ce,critical,metal_wood_01,metal,green,TRUE,2,TRUE,color & material,color
participant085,list1,high,description,relevant,the wooden bat,sound,#f8884f,filler,metal_wood_09,wood,orange,TRUE,1,FALSE,material,NA
participant085,list1,low,description,relevant,the yellow wooden bat,sound,#f8dc4f,critical,metal_wood_07,wood,yellow,TRUE,2,TRUE,color & material,color
participant085,list1,low,description,relevant,the orange bat,color,#faa850,critical,metal_wood_00,metal,orange,TRUE,1,FALSE,color,NA
participant085,list1,high,description,relevant,the orange metal bat,sound,#f8884f,filler,metal_wood_00,metal,orange,TRUE,2,TRUE,color & material,color
participant085,list1,low,description,relevant,the orange bat,color,#faa850,critical,metal_wood_01,metal,orange,TRUE,1,FALSE,color,NA
participant085,list1,low,description,irrelevant,the orange metal bat,sound,#faa850,critical,metal_wood_00,metal,orange,TRUE,2,TRUE,color & material,color
participant085,list1,high,description,relevant,the orange bat,color,#f8884f,filler,metal_wood_09,wood,orange,TRUE,1,FALSE,color,NA
participant085,list1,high,description,relevant,the orange metal bat ,sound,#f8884f,filler,metal_wood_00,metal,orange,TRUE,2,TRUE,color & material,color
participant085,list1,low,description,irrelevant,the orange bat,color,#f8884f,critical,metal_wood_07,wood,orange,TRUE,1,FALSE,color,NA
participant085,list1,low,description,irrelevant,the orange bat,color,#f8884f,critical,metal_wood_03,metal,orange,TRUE,1,FALSE,color,NA
participant085,list1,high,description,base,the yellow bat,color,#f8dc4f,critical,metal_wood_00,metal,yellow,TRUE,1,FALSE,color,NA
participant085,list1,high,description,base,the yellow wooden bat,sound,#f8dc4f,critical,metal_wood_09,wood,yellow,TRUE,2,TRUE,color & material,color
participant085,list1,low,description,irrelevant,the orange metal bat,sound,#faa850,critical,metal_wood_00,metal,orange,TRUE,2,TRUE,color & material,color
participant085,list1,high,description,relevant,the orange bat,color,#f8884f,filler,metal_wood_00,metal,orange,TRUE,1,FALSE,color,NA
participant085,list1,high,description,base,the yellow bat,color,#f8dc4f,critical,metal_wood_09,wood,yellow,TRUE,1,FALSE,color,NA
participant085,list1,low,description,irrelevant,the orange metal bat,sound,#fabd50,critical,metal_wood_01,metal,yellow,TRUE,2,TRUE,color & material,color
participant085,list1,low,description,relevant,the yellow bat,color,#fabd50,critical,metal_wood_09,wood,yellow,TRUE,1,FALSE,color,NA
participant085,list1,high,description,base,the yellow bat,color,#f8dc4f,critical,metal_wood_09,wood,yellow,TRUE,1,FALSE,color,NA
participant085,list1,high,description,relevant,the yellow bat,color,#f8dc4f,filler,metal_wood_00,metal,yellow,TRUE,1,FALSE,color,NA
participant085,list1,low,description,irrelevant,the yellow bat,color,#f8dc4f,critical,metal_wood_03,metal,yellow,TRUE,1,FALSE,color,NA
participant085,list1,high,description,base,the orange bat,color,#f8884f,critical,metal_wood_00,metal,orange,TRUE,1,FALSE,color,NA
participant085,list1,low,description,relevant,the orange bat,color,#faa850,critical,metal_wood_01,metal,orange,TRUE,1,FALSE,color,NA
participant085,list1,low,description,relevant,the yellow bat,color,#fabd50,critical,metal_wood_09,wood,yellow,TRUE,1,FALSE,color,NA
participant085,list1,high,description,base,the orange bat,color,#f8884f,critical,metal_wood_01,metal,orange,TRUE,1,FALSE,color,NA
participant085,list1,high,description,base,the orange bat,color,#f8884f,critical,metal_wood_01,metal,orange,TRUE,1,FALSE,color,NA
participant085,list1,high,description,base,the orange metal bat,sound,#f8884f,critical,metal_wood_00,metal,orange,TRUE,2,TRUE,color & material,color
participant085,list1,low,description,relevant,the orange bat,color,#faa850,critical,metal_wood_01,metal,orange,TRUE,1,FALSE,color,NA
participant085,list1,low,description,irrelevant,the yellow metal bat,sound,#fabd50,critical,metal_wood_00,metal,yellow,TRUE,2,TRUE,color & material,color
participant085,list1,low,description,irrelevant,the orange bat,color,#f8884f,critical,metal_wood_07,wood,orange,TRUE,1,FALSE,color,NA
participant085,list1,high,description,base,the yellow wooden bat,sound,#f8dc4f,critical,metal_wood_09,wood,yellow,TRUE,2,TRUE,color & material,color
participant085,list1,high,description,base,the orange bat,color,#f8884f,critical,metal_wood_00,metal,orange,TRUE,1,FALSE,color,NA
participant085,list1,low,description,irrelevant,the yellow bat,color,#f8dc4f,critical,metal_wood_03,metal,yellow,TRUE,1,FALSE,color,NA
participant085,list1,high,description,base,the yellow wooden bat,sound,#f8dc4f,critical,metal_wood_09,wood,yellow,TRUE,2,TRUE,color & material,color
participant085,list1,low,description,relevant,the yellow metal bat,sound,#f8dc4f,critical,metal_wood_03,metal,yellow,TRUE,2,TRUE,color & material,color
participant085,list1,high,description,relevant,the yellow wooden bat,sound,#f8dc4f,filler,metal_wood_09,wood,yellow,TRUE,2,TRUE,color & material,color
participant085,list1,high,description,base,the orange metal bat,sound,#f8884f,critical,metal_wood_00,metal,orange,TRUE,2,TRUE,color & material,color
participant085,list1,low,description,relevant,the yellow bat,color,#fabd50,critical,metal_wood_01,metal,yellow,TRUE,1,FALSE,color,NA
participant085,list1,low,description,relevant,the yellow bat,color,#fabd50,critical,metal_wood_00,metal,yellow,TRUE,1,FALSE,color,NA
participant085,list1,high,description,base,the yellow metal bat,sound,#f8dc4f,critical,metal_wood_01,metal,yellow,TRUE,2,TRUE,color & material,color
participant085,list1,high,description,relevant,the yellow bat,color,#f8dc4f,filler,metal_wood_09,wood,yellow,TRUE,1,FALSE,color,NA
participant085,list1,low,description,irrelevant,the orange bat,color,#f8884f,critical,metal_wood_07,wood,orange,TRUE,1,FALSE,color,NA
participant085,list1,low,description,irrelevant,the yellow metal bat,sound,#faa850,critical,metal_wood_01,metal,orange,TRUE,2,TRUE,color & material,color
participant085,list1,low,description,irrelevant,the yellow wooden bat,sound,#fabd50,critical,metal_wood_09,wood,yellow,TRUE,2,TRUE,color & material,color
participant085,list1,low,description,irrelevant,the yellow metal bat,sound,#faa850,critical,metal_wood_01,metal,orange,TRUE,2,TRUE,color & material,color
participant085,list1,high,description,relevant,the yellow wooden bat,sound,#f8dc4f,filler,metal_wood_09,wood,yellow,TRUE,2,TRUE,color & material,color
participant085,list1,low,description,irrelevant,the yellow metal bat,sound,#fabd50,critical,metal_wood_01,metal,yellow,TRUE,2,TRUE,color & material,color
participant085,list1,low,description,relevant,the yellow wooden bat,sound,#f8884f,critical,metal_wood_03,metal,orange,FALSE,2,TRUE,color & material,color
participant085,list1,low,description,irrelevant,the orange bat,color,#f8884f,critical,metal_wood_07,wood,orange,TRUE,1,FALSE,color,NA
participant085,list1,high,description,relevant,the yellow bat,color,#f8dc4f,filler,metal_wood_01,metal,yellow,TRUE,1,FALSE,color,NA
participant085,list1,low,description,relevant,the yellow wooden bat,sound,#f8dc4f,critical,metal_wood_07,wood,yellow,TRUE,2,TRUE,color & material,color
participant085,list1,low,description,relevant,the yellow metal bat,sound,#f8dc4f,critical,metal_wood_03,metal,yellow,TRUE,2,TRUE,color & material,color
participant085,list1,low,description,relevant,the orange metal bat,sound,#f8884f,critical,metal_wood_03,metal,orange,TRUE,2,TRUE,color & material,color
participant085,list1,high,description,base,the yellow wooden bat,sound,#f8dc4f,critical,metal_wood_09,wood,yellow,TRUE,2,TRUE,color & material,color
participant085,list1,low,description,irrelevant,the orange bat,color,#f8884f,critical,metal_wood_03,metal,orange,TRUE,1,FALSE,color,NA
participant085,list1,high,description,relevant,the orange bat,color,#f8884f,filler,metal_wood_09,wood,orange,TRUE,1,FALSE,color,NA
participant085,list1,low,description,relevant,the yellow wooden bat,sound,#f8dc4f,critical,metal_wood_07,wood,yellow,TRUE,2,TRUE,color & material,color
participant085,list1,low,description,relevant,the yellow wooden bat,sound,#f8dc4f,critical,metal_wood_07,wood,yellow,TRUE,2,TRUE,color & material,color
participant087,list4,high,description,relevant,the green wooden bat,sound,#4ff889,filler,metal_wood_09,wood,green,TRUE,2,TRUE,color & material,color
participant087,list4,high,description,relevant,blue wooden bat,sound,#4fc0f8,filler,metal_wood_08,wood,blue,TRUE,2,TRUE,color & material,color
participant087,list4,high,description,relevant,the green metal one,color,#4ff889,filler,metal_wood_00,metal,green,TRUE,2,TRUE,color & material,material
participant087,list4,high,description,base,the blue wooden one,color,#4fc0f8,critical,metal_wood_00,metal,blue,TRUE,2,TRUE,color & material,material
participant087,list4,low,description,relevant,the blue wooden one,sound,#4fc0f8,critical,metal_wood_07,wood,blue,TRUE,2,TRUE,color & material,color
participant087,list4,low,description,relevant,the blue wooden one,color,#53d9ec,critical,metal_wood_08,wood,blue,TRUE,2,TRUE,color & material,material
participant087,list4,low,description,irrelevant,the green wooden one,color,#4ff889,critical,metal_wood_03,metal,green,TRUE,2,TRUE,color & material,material
participant087,list4,low,description,relevant,blue wooden one,color,#53d9ec,critical,metal_wood_09,wood,blue,TRUE,2,TRUE,color & material,material
participant087,list4,high,description,relevant,blue metal,color,#4fc0f8,filler,metal_wood_00,metal,blue,TRUE,2,TRUE,color & material,material
participant087,list4,high,description,base,the blue metal one,sound,#4fc0f8,critical,metal_wood_01,metal,blue,TRUE,2,TRUE,color & material,color
participant087,list4,low,description,relevant,the blue metal one,sound,#4fc0f8,critical,metal_wood_03,metal,blue,TRUE,2,TRUE,color & material,color
participant087,list4,low,description,relevant,blue wooden one,color,#52ebe3,critical,metal_wood_09,wood,green,FALSE,2,TRUE,color & material,material
participant087,list4,low,description,relevant,light blue wooden one,color,#52ebe3,critical,metal_wood_01,metal,green,FALSE,3,TRUE,color & material,material
participant087,list4,low,description,relevant,the blue wooden one,sound,#4fc0f8,critical,metal_wood_03,metal,blue,FALSE,2,TRUE,color & material,color
participant087,list4,high,description,base,the green wooden one,color,#4ff889,critical,metal_wood_00,metal,green,TRUE,2,TRUE,color & material,material
participant087,list4,low,description,relevant,blue wooden one,sound,#4fc0f8,critical,metal_wood_07,wood,blue,TRUE,2,TRUE,color & material,color
participant087,list4,high,description,relevant,green wooden one,sound,#4ff889,filler,metal_wood_09,wood,green,TRUE,2,TRUE,color & material,color
participant087,list4,low,description,irrelevant,the blue metal one,color,#4ff889,critical,metal_wood_07,wood,green,FALSE,2,TRUE,color & material,material
participant087,list4,low,description,relevant,the blue metal one,sound,#4fc0f8,critical,metal_wood_03,metal,blue,TRUE,2,TRUE,color & material,color
participant087,list4,high,description,relevant,the blue wood one,color,#4fc0f8,filler,metal_wood_09,wood,blue,TRUE,2,TRUE,color & material,material
participant087,list4,high,description,base,the blue wooden one,color,#4fc0f8,critical,metal_wood_08,wood,blue,TRUE,2,TRUE,color & material,material
participant087,list4,high,description,base,the blue metal one,sound,#4fc0f8,critical,metal_wood_00,metal,blue,TRUE,2,TRUE,color & material,color
participant087,list4,low,description,irrelevant,the blue wooden one,sound,#53d9ec,critical,metal_wood_09,wood,blue,TRUE,2,TRUE,color & material,color
participant087,list4,low,description,irrelevant,the blue wooden one,sound,#52ebe3,critical,metal_wood_08,wood,green,TRUE,2,TRUE,color & material,color
participant087,list4,low,description,irrelevant,the green wooden one,sound,#53d9ec,critical,metal_wood_09,wood,blue,TRUE,2,TRUE,color & material,color
participant087,list4,high,description,base,the green wooden one,color,#4ff889,critical,metal_wood_09,wood,green,TRUE,2,TRUE,color & material,material
participant087,list4,low,description,irrelevant,the blue wooden one,sound,#52ebe3,critical,metal_wood_08,wood,green,TRUE,2,TRUE,color & material,color
participant087,list4,high,description,base,the green wooden one,sound,#4ff889,critical,metal_wood_09,wood,green,TRUE,2,TRUE,color & material,color
participant087,list4,low,description,relevant,the green wooden one,color,#52ebe3,critical,metal_wood_08,wood,green,TRUE,2,TRUE,color & material,material
participant087,list4,low,description,irrelevant,the blue wooden one,color,#4fc0f8,critical,metal_wood_07,wood,blue,TRUE,2,TRUE,color & material,material
participant087,list4,low,description,relevant,the green metal one,color,#52ebe3,critical,metal_wood_01,metal,green,TRUE,2,TRUE,color & material,material
participant087,list4,high,description,relevant,the green metal one,color,#4ff889,filler,metal_wood_00,metal,green,TRUE,2,TRUE,color & material,material
participant087,list4,high,description,base,the green metal one,sound,#4fc0f8,critical,metal_wood_00,metal,blue,TRUE,2,TRUE,color & material,color
participant087,list4,high,description,base,the green metal one,color,#4ff889,critical,metal_wood_01,metal,green,TRUE,2,TRUE,color & material,material
participant087,list4,high,description,relevant,green metal one,sound,#4ff889,filler,metal_wood_00,metal,green,TRUE,2,TRUE,color & material,color
participant087,list4,low,description,relevant,the blue wooden one,sound,#4fc0f8,critical,metal_wood_03,metal,blue,FALSE,2,TRUE,color & material,color
participant087,list4,low,description,irrelevant,the blue wooden one,color,#4fc0f8,critical,metal_wood_07,wood,blue,TRUE,2,TRUE,color & material,material
participant087,list4,low,description,irrelevant,the green metal one,sound,#52ebe3,critical,metal_wood_00,metal,green,TRUE,2,TRUE,color & material,color
participant087,list4,high,description,relevant,the blue wooden one,color,#4fc0f8,filler,metal_wood_08,wood,blue,TRUE,2,TRUE,color & material,material
participant087,list4,low,description,irrelevant,the blue wooden one,color,#4fc0f8,critical,metal_wood_07,wood,blue,TRUE,2,TRUE,color & material,material
participant087,list4,high,description,base,the wooden green one,sound,#4fc0f8,critical,metal_wood_08,wood,blue,TRUE,2,TRUE,color & material,color
participant087,list4,high,description,base,the blue wooden one,color,#4fc0f8,critical,metal_wood_08,wood,blue,TRUE,2,TRUE,color & material,material
participant087,list4,low,description,relevant,the green wooden one,sound,#4ff889,critical,metal_wood_07,wood,green,TRUE,2,TRUE,color & material,color
participant087,list4,low,description,irrelevant,the blue metal one,sound,#52ebe3,critical,metal_wood_01,metal,green,TRUE,2,TRUE,color & material,color
participant087,list4,high,description,base,the blue wooden one,sound,#4fc0f8,critical,metal_wood_09,wood,blue,TRUE,2,TRUE,color & material,color
participant087,list4,low,description,irrelevant,the green metal one,color,#4ff889,critical,metal_wood_03,metal,green,TRUE,2,TRUE,color & material,material
participant087,list4,low,description,relevant,the blue metal one,color,#53d9ec,critical,metal_wood_01,metal,blue,TRUE,2,TRUE,color & material,material
participant087,list4,high,description,base,the blue wooden one,sound,#4fc0f8,critical,metal_wood_09,wood,blue,TRUE,2,TRUE,color & material,color
participant087,list4,low,description,irrelevant,the green metal one,color,#4ff889,critical,metal_wood_03,metal,green,TRUE,2,TRUE,color & material,material
participant087,list4,low,description,relevant,the blue wooden one,color,#53d9ec,critical,metal_wood_08,wood,blue,TRUE,2,TRUE,color & material,material
participant087,list4,high,description,base,the green wooden one,color,#4ff889,critical,metal_wood_08,wood,green,TRUE,2,TRUE,color & material,material
participant087,list4,high,description,base,the blue wooden one,color,#4fc0f8,critical,metal_wood_08,wood,blue,TRUE,2,TRUE,color & material,material
participant087,list4,low,description,irrelevant,the green metal one,color,#4ff889,critical,metal_wood_03,metal,green,TRUE,2,TRUE,color & material,material
participant087,list4,low,description,relevant,the blue wooden one,sound,#4fc0f8,critical,metal_wood_07,wood,blue,TRUE,2,TRUE,color & material,color
participant087,list4,high,description,relevant,the green metal one,sound,#4ff889,filler,metal_wood_01,metal,green,TRUE,2,TRUE,color & material,color
participant087,list4,low,description,irrelevant,the green wooden one,sound,#53d9ec,critical,metal_wood_08,wood,blue,TRUE,2,TRUE,color & material,color
participant088,list1,high,description,relevant,the yellow wooden bat,sound,#f8dc4f,filler,metal_wood_08,wood,yellow,TRUE,2,TRUE,color & material,color
participant088,list1,high,description,relevant,the metal bat,sound,#f8884f,filler,metal_wood_01,metal,orange,TRUE,1,FALSE,material,NA
participant088,list1,low,description,relevant,the yellow bat,color,#fac050,critical,metal_wood_08,wood,yellow,TRUE,1,FALSE,color,NA
participant088,list1,low,description,irrelevant,the orange metal bat,sound,#fac050,critical,metal_wood_00,metal,yellow,TRUE,2,TRUE,color & material,color
participant088,list1,low,description,relevant,the orange wood bat,sound,#f8884f,critical,metal_wood_05,metal,orange,FALSE,2,TRUE,color & material,color
participant088,list1,high,description,base,the orange bat,color,#f8884f,critical,metal_wood_00,metal,orange,TRUE,1,FALSE,color,NA
participant088,list1,high,description,base,the orange bat,color,#f8884f,critical,metal_wood_08,wood,orange,TRUE,1,FALSE,color,NA
participant088,list1,low,description,irrelevant,the yellow bat,color,#f8dc4f,critical,metal_wood_05,metal,yellow,TRUE,1,FALSE,color,NA
participant088,list1,high,description,base,the yellow metal bat,sound,#f8dc4f,critical,metal_wood_00,metal,yellow,TRUE,2,TRUE,color & material,color
participant088,list1,low,description,relevant,yellow bat,color,#fac050,critical,metal_wood_01,metal,yellow,TRUE,1,FALSE,color,NA
participant088,list1,low,description,irrelevant,yellow bat,color,#f8dc4f,critical,metal_wood_05,metal,yellow,TRUE,1,FALSE,color,NA
participant088,list1,high,description,relevant,orange,color,#f8884f,filler,metal_wood_08,wood,orange,TRUE,1,FALSE,color,NA
participant088,list1,low,description,irrelevant,yellow,color,#f8dc4f,critical,metal_wood_06,wood,yellow,TRUE,1,FALSE,color,NA
participant088,list1,high,description,relevant,metal,sound,#f8884f,filler,metal_wood_01,metal,orange,TRUE,1,FALSE,material,NA
participant088,list1,low,description,relevant,wood,sound,#f8dc4f,critical,metal_wood_06,wood,yellow,TRUE,1,FALSE,material,NA
participant088,list1,high,description,relevant,yellow,color,#f8dc4f,filler,metal_wood_01,metal,yellow,TRUE,1,FALSE,color,NA
participant088,list1,low,description,irrelevant,yellow,color,#f8dc4f,critical,metal_wood_05,metal,yellow,TRUE,1,FALSE,color,NA
participant088,list1,high,description,base,yellow,color,#f8dc4f,critical,metal_wood_01,metal,yellow,TRUE,1,FALSE,color,NA
participant088,list1,high,description,base,orange,color,#f8884f,critical,metal_wood_01,metal,orange,TRUE,1,FALSE,color,NA
participant088,list1,low,description,relevant,yellow wood,sound,#f8dc4f,critical,metal_wood_06,wood,yellow,TRUE,2,TRUE,color & material,color
participant088,list1,low,description,irrelevant,yellow,color,#f8dc4f,critical,metal_wood_06,wood,yellow,TRUE,1,FALSE,color,NA
participant088,list1,low,description,irrelevant,metal,sound,#fac050,critical,metal_wood_00,metal,yellow,TRUE,1,FALSE,material,NA
participant088,list1,high,description,base,wood,sound,#f8dc4f,critical,metal_wood_08,wood,yellow,TRUE,1,FALSE,material,NA
participant088,list1,high,description,base,metal,sound,#f8884f,critical,metal_wood_01,metal,orange,TRUE,1,FALSE,material,NA
participant088,list1,high,description,relevant,metal,sound,#f8884f,filler,metal_wood_01,metal,orange,TRUE,1,FALSE,material,NA
participant088,list1,high,description,relevant,orange,color,#f8884f,filler,metal_wood_00,metal,orange,TRUE,1,FALSE,color,NA
participant088,list1,low,description,relevant,yellow,color,#fac050,critical,metal_wood_08,wood,yellow,TRUE,1,FALSE,color,NA
participant088,list1,high,description,base,orange wood,sound,#f8884f,critical,metal_wood_09,wood,orange,TRUE,2,TRUE,color & material,color
participant088,list1,high,description,base,yellow,color,#f8dc4f,critical,metal_wood_08,wood,yellow,TRUE,1,FALSE,color,NA
participant088,list1,high,description,relevant,yellow wood,color,#f8dc4f,filler,metal_wood_08,wood,yellow,TRUE,2,TRUE,color & material,material
participant088,list1,high,description,base,yellow metal,sound,#f8dc4f,critical,metal_wood_00,metal,yellow,TRUE,2,TRUE,color & material,color
participant088,list1,low,description,relevant,orange metal,color,#fac050,critical,metal_wood_01,metal,yellow,FALSE,2,TRUE,color & material,material
participant088,list1,high,description,relevant,orange,color,#f8884f,filler,metal_wood_00,metal,orange,TRUE,1,FALSE,color,NA
participant088,list1,low,description,irrelevant,wood,sound,#fabe50,critical,metal_wood_08,wood,orange,TRUE,1,FALSE,material,NA
participant088,list1,low,description,irrelevant,orange,color,#f8884f,critical,metal_wood_06,wood,orange,TRUE,1,FALSE,color,NA
participant088,list1,low,description,relevant,orange,color,#fabe50,critical,metal_wood_09,wood,orange,TRUE,1,FALSE,color,NA
participant088,list1,high,description,relevant,yellow wood,sound,#f8dc4f,filler,metal_wood_08,wood,yellow,TRUE,2,TRUE,color & material,color
participant088,list1,high,description,relevant,yellow,color,#f8dc4f,filler,metal_wood_08,wood,yellow,TRUE,1,FALSE,color,NA
participant088,list1,low,description,relevant,metal,sound,#f8dc4f,critical,metal_wood_05,metal,yellow,TRUE,1,FALSE,material,NA
participant088,list1,high,description,base,metal,sound,#f8884f,critical,metal_wood_01,metal,orange,TRUE,1,FALSE,material,NA
participant088,list1,low,description,irrelevant,wood,sound,#fac050,critical,metal_wood_08,wood,yellow,TRUE,1,FALSE,material,NA
participant088,list1,low,description,relevant,metal,sound,#f8dc4f,critical,metal_wood_05,metal,yellow,TRUE,1,FALSE,material,NA
participant088,list1,high,description,base,yellow,color,#f8dc4f,critical,metal_wood_00,metal,yellow,TRUE,1,FALSE,color,NA
participant088,list1,low,description,relevant,wood,sound,#f8884f,critical,metal_wood_06,wood,orange,TRUE,1,FALSE,material,NA
participant088,list1,high,description,base,yellow,color,#f8dc4f,critical,metal_wood_08,wood,yellow,TRUE,1,FALSE,color,NA
participant088,list1,low,description,relevant,orange,color,#fabe50,critical,metal_wood_01,metal,orange,TRUE,1,FALSE,color,NA
participant088,list1,low,description,relevant,wood,sound,#f8884f,critical,metal_wood_06,wood,orange,TRUE,1,FALSE,material,NA
participant088,list1,high,description,base,wood,sound,#f8884f,critical,metal_wood_09,wood,orange,TRUE,1,FALSE,material,NA
participant088,list1,low,description,relevant,orange,color,#fabe50,critical,metal_wood_00,metal,orange,TRUE,1,FALSE,color,NA
participant088,list1,low,description,irrelevant,wood,sound,#fabe50,critical,metal_wood_08,wood,orange,TRUE,1,FALSE,material,NA
participant088,list1,low,description,relevant,orange metal,color,#fabe50,critical,metal_wood_01,metal,orange,TRUE,2,TRUE,color & material,material
participant088,list1,low,description,relevant,metal,sound,#f8884f,critical,metal_wood_05,metal,orange,TRUE,1,FALSE,material,NA
participant088,list1,high,description,base,orange,color,#f8884f,critical,metal_wood_01,metal,orange,TRUE,1,FALSE,color,NA
participant088,list1,low,description,irrelevant,yellow,color,#f8dc4f,critical,metal_wood_05,metal,yellow,TRUE,1,FALSE,color,NA
participant088,list1,low,description,irrelevant,orange,color,#f8884f,critical,metal_wood_06,wood,orange,TRUE,1,FALSE,color,NA
participant088,list1,low,description,irrelevant,metal,sound,#fabe50,critical,metal_wood_01,metal,orange,TRUE,1,FALSE,material,NA
participant088,list1,high,description,relevant,orange wood,sound,#f8884f,filler,metal_wood_09,wood,orange,TRUE,2,TRUE,color & material,color
participant088,list1,low,description,irrelevant,metal,sound,#fabe50,critical,metal_wood_01,metal,orange,TRUE,1,FALSE,material,NA
participant089,list4,high,description,relevant,the metal bat,sound,#4ff889,filler,metal_wood_01,metal,green,TRUE,1,FALSE,material,NA
participant089,list4,high,description,relevant,the blue bat,color,#4fc0f8,filler,metal_wood_09,wood,blue,TRUE,1,FALSE,color,NA
participant089,list4,high,description,base,the metal bat,sound,#4ff889,critical,metal_wood_00,metal,green,TRUE,1,FALSE,material,NA
participant089,list4,high,description,base,the wood bat,sound,#4ff889,critical,metal_wood_09,wood,green,TRUE,1,FALSE,material,NA
participant089,list4,high,description,relevant,the metal bat,sound,#4fc0f8,filler,metal_wood_00,metal,blue,TRUE,1,FALSE,material,NA
participant089,list4,high,description,base,the blue bat,color,#4fc0f8,critical,metal_wood_08,wood,blue,TRUE,1,FALSE,color,NA
participant089,list4,low,description,irrelevant,the metal bat,sound,#53f8c4,critical,metal_wood_00,metal,blue,TRUE,1,FALSE,material,NA
participant089,list4,high,description,base,the blue bat,color,#4fc0f8,critical,metal_wood_00,metal,blue,TRUE,1,FALSE,color,NA
participant089,list4,high,description,base,the wood bat,sound,#4ff889,critical,metal_wood_09,wood,green,TRUE,1,FALSE,material,NA
participant089,list4,high,description,relevant,the green wood bat,color,#4ff889,filler,metal_wood_08,wood,green,TRUE,2,TRUE,color & material,material
participant089,list4,high,description,base,the green wood bat,color,#4ff889,critical,metal_wood_00,metal,green,TRUE,2,TRUE,color & material,material
participant089,list4,low,description,irrelevant,the blue bat,color,#4fc0f8,critical,metal_wood_06,metal,blue,TRUE,1,FALSE,color,NA
participant089,list4,low,description,irrelevant,the green bat,color,#4ff889,critical,metal_wood_08,wood,green,TRUE,1,FALSE,color,NA
participant089,list4,low,description,irrelevant,the blue wood bat,color,#4fc0f8,critical,metal_wood_08,wood,blue,TRUE,2,TRUE,color & material,material
participant089,list4,high,description,base,blue metal bat,sound,#4fc0f8,critical,metal_wood_00,metal,blue,TRUE,2,TRUE,color & material,color
participant089,list4,low,description,relevant,the green wood bat,sound,#4ff889,critical,metal_wood_06,metal,green,FALSE,2,TRUE,color & material,color
participant089,list4,low,description,irrelevant,the metal bat,sound,#52f8c8,critical,metal_wood_01,metal,blue,TRUE,1,FALSE,material,NA
participant089,list4,high,description,relevant,the green wood bat,sound,#4ff889,filler,metal_wood_09,wood,green,TRUE,2,TRUE,color & material,color
participant089,list4,high,description,relevant,blue metal bat,sound,#4fc0f8,filler,metal_wood_01,metal,blue,TRUE,2,TRUE,color & material,color
participant089,list4,low,description,irrelevant,the wood bat,sound,#53f8c4,critical,metal_wood_08,wood,blue,TRUE,1,FALSE,material,NA
participant089,list4,low,description,relevant,the blue wooden bat,sound,#4fc0f8,critical,metal_wood_06,metal,blue,FALSE,2,TRUE,color & material,color
participant089,list4,low,description,irrelevant,the green wood bat,color,#4ff889,critical,metal_wood_08,wood,green,TRUE,2,TRUE,color & material,material
participant089,list4,high,description,base,green bat,color,#4ff889,critical,metal_wood_00,metal,green,TRUE,1,FALSE,color,NA
participant089,list4,high,description,base,green wood bat,sound,#4ff889,critical,metal_wood_09,wood,green,TRUE,2,TRUE,color & material,color
participant089,list4,high,description,relevant,blue metal bat,color,#4fc0f8,filler,metal_wood_00,metal,blue,TRUE,2,TRUE,color & material,material
participant089,list4,high,description,relevant,wood bat,sound,#4fc0f8,filler,metal_wood_08,wood,blue,TRUE,1,FALSE,material,NA
participant089,list4,low,description,irrelevant,metal bat,sound,#52f8c8,critical,metal_wood_00,metal,blue,TRUE,1,FALSE,material,NA
participant089,list4,high,description,relevant,wood bat,sound,#4fc0f8,filler,metal_wood_08,wood,blue,TRUE,1,FALSE,material,NA
participant089,list4,low,description,relevant,wood bat,sound,#4ff889,critical,metal_wood_08,wood,green,TRUE,1,FALSE,material,NA
participant089,list4,high,description,relevant,green bat,color,#4ff889,filler,metal_wood_00,metal,green,TRUE,1,FALSE,color,NA
participant089,list4,low,description,irrelevant,green bat,color,#4ff889,critical,metal_wood_08,wood,green,TRUE,1,FALSE,color,NA
participant089,list4,low,description,relevant,green wood bat,sound,#4ff889,critical,metal_wood_06,metal,green,FALSE,2,TRUE,color & material,color
participant091,list1,high,description,relevant,wood,sound,#f8884f,filler,metal_wood_09,wood,orange,TRUE,1,FALSE,material,NA
participant091,list1,low,description,irrelevant,orange metal bat,color,#f8884f,critical,metal_wood_06,metal,orange,TRUE,2,TRUE,color & material,material
participant091,list1,low,description,irrelevant,orange metal,sound,#fab950,critical,metal_wood_00,metal,orange,TRUE,2,TRUE,color & material,color
participant091,list1,high,description,base,yellow bat,color,#f8dc4f,critical,metal_wood_08,wood,yellow,TRUE,1,FALSE,color,NA
participant091,list1,low,description,relevant,orange wood,color,#fab950,critical,metal_wood_09,wood,orange,TRUE,2,TRUE,color & material,material
participant091,list1,low,description,irrelevant,metal bat,sound,#f9c350,critical,metal_wood_00,metal,yellow,TRUE,1,FALSE,material,NA
participant091,list1,high,description,relevant,yellow bat,color,#f8dc4f,filler,metal_wood_09,wood,yellow,TRUE,1,FALSE,color,NA
participant091,list1,high,description,relevant,orange metal,sound,#f8884f,filler,metal_wood_00,metal,orange,TRUE,2,TRUE,color & material,color
participant091,list1,low,description,irrelevant,yellow wood,color,#f8dc4f,critical,metal_wood_07,wood,yellow,TRUE,2,TRUE,color & material,material
participant091,list1,low,description,irrelevant,orange wood,sound,#fab950,critical,metal_wood_08,wood,orange,TRUE,2,TRUE,color & material,color
participant091,list1,low,description,irrelevant,orange wood,color,#f8884f,critical,metal_wood_07,wood,orange,TRUE,2,TRUE,color & material,material
participant091,list1,high,description,relevant,yellow metal,color,#f8dc4f,filler,metal_wood_01,metal,yellow,TRUE,2,TRUE,color & material,material
participant091,list1,high,description,relevant,wood,sound,#f8dc4f,filler,metal_wood_08,wood,yellow,TRUE,1,FALSE,material,NA
participant091,list1,low,description,irrelevant,metal bat,sound,#f9c350,critical,metal_wood_01,metal,yellow,TRUE,1,FALSE,material,NA
participant091,list1,low,description,irrelevant,orange wood,color,#f8884f,critical,metal_wood_06,metal,orange,TRUE,2,TRUE,color & material,material
participant091,list1,low,description,relevant,orange bat,color,#fab950,critical,metal_wood_08,wood,orange,TRUE,1,FALSE,color,NA
participant091,list1,low,description,irrelevant,metal bat,sound,#fab950,critical,metal_wood_01,metal,orange,TRUE,1,FALSE,material,NA
participant091,list1,low,description,irrelevant,yellow wood,color,#f8dc4f,critical,metal_wood_07,wood,yellow,TRUE,2,TRUE,color & material,material
participant091,list1,low,description,relevant,yellow wood,color,#f9c350,critical,metal_wood_08,wood,yellow,TRUE,2,TRUE,color & material,material
participant091,list1,low,description,irrelevant,yellow metal,sound,#f9c350,critical,metal_wood_00,metal,yellow,TRUE,2,TRUE,color & material,color
participant091,list1,high,description,base,yellow metal,sound,#f8dc4f,critical,metal_wood_00,metal,yellow,TRUE,2,TRUE,color & material,color
participant091,list1,high,description,base,orange bat,color,#f8884f,critical,metal_wood_09,wood,orange,TRUE,1,FALSE,color,NA
participant091,list1,low,description,relevant,orange bat,color,#fab950,critical,metal_wood_01,metal,orange,TRUE,1,FALSE,color,NA
participant091,list1,low,description,irrelevant,orange metal,color,#f8884f,critical,metal_wood_06,metal,orange,TRUE,2,TRUE,color & material,material
participant091,list1,low,description,relevant,yellow metal,color,#f9c350,critical,metal_wood_01,metal,yellow,TRUE,2,TRUE,color & material,material
participant091,list1,low,description,relevant,yellow bat,color,#f9c350,critical,metal_wood_08,wood,yellow,TRUE,1,FALSE,color,NA
participant093,list4,high,description,relevant,blue wooden bat,color,#4fc0f8,filler,metal_wood_09,wood,blue,TRUE,2,TRUE,color & material,material
participant093,list4,high,description,base,metal green bat,color,#4ff889,critical,metal_wood_00,metal,green,TRUE,2,TRUE,color & material,material
participant093,list4,low,description,relevant,green metal bat,color,#51f2df,critical,metal_wood_00,metal,green,TRUE,2,TRUE,color & material,material
participant093,list4,low,description,relevant,blue wood bat,color,#53e7e5,critical,metal_wood_08,wood,blue,TRUE,2,TRUE,color & material,material
participant093,list4,high,description,base,green wooden bat,color,#4ff889,critical,metal_wood_08,wood,green,TRUE,2,TRUE,color & material,material
participant093,list4,low,description,irrelevant,blue bat,color,#4fc0f8,critical,metal_wood_08,wood,blue,TRUE,1,FALSE,color,NA
participant093,list4,low,description,irrelevant,green wooden bat,color,#4ff889,critical,metal_wood_08,wood,green,TRUE,2,TRUE,color & material,material
participant093,list4,high,description,base,wooden bat,sound,#4ff889,critical,metal_wood_08,wood,green,TRUE,1,FALSE,material,NA
participant093,list4,low,description,irrelevant,green metal bat,sound,#51f2df,critical,metal_wood_09,wood,green,FALSE,2,TRUE,color & material,color
participant093,list4,high,description,base,blue wood bat,color,#4fc0f8,critical,metal_wood_09,wood,blue,TRUE,2,TRUE,color & material,material
participant094,list1,high,description,relevant,the wooden orange bat,color,#f8884f,filler,metal_wood_09,wood,orange,TRUE,2,TRUE,color & material,material
participant094,list1,low,description,irrelevant,the yellow metal bat,sound,#fabd50,critical,metal_wood_09,wood,orange,FALSE,2,TRUE,color & material,color
participant094,list1,low,description,relevant,the wooden yellow bat,sound,#f8dc4f,critical,metal_wood_07,wood,yellow,TRUE,2,TRUE,color & material,color
participant094,list1,low,description,relevant,the orange wooden bat,color,#f9ca50,critical,metal_wood_00,metal,yellow,FALSE,2,TRUE,color & material,material
participant094,list1,low,description,irrelevant,the yellow wooden bat,sound,#fabd50,critical,metal_wood_01,metal,orange,FALSE,2,TRUE,color & material,color
participant094,list1,low,description,irrelevant,the orange metal bat,color,#f8dc4f,critical,metal_wood_03,metal,yellow,FALSE,2,TRUE,color & material,material
participant094,list1,high,description,base,the yellow metal bat,color,#f8dc4f,critical,metal_wood_01,metal,yellow,TRUE,2,TRUE,color & material,material
participant094,list1,low,description,irrelevant,the yellow metal bat,color,#f8dc4f,critical,metal_wood_03,metal,yellow,TRUE,2,TRUE,color & material,material
participant094,list1,low,description,irrelevant,the orange metal bat,color,#f8dc4f,critical,metal_wood_07,wood,yellow,FALSE,2,TRUE,color & material,material
participant094,list1,high,description,base,the yellow metal bat,sound,#f8dc4f,critical,metal_wood_01,metal,yellow,TRUE,2,TRUE,color & material,color
participant094,list1,low,description,relevant,the yellow wooden bat,color,#fabd50,critical,metal_wood_00,metal,orange,FALSE,2,TRUE,color & material,material
participant095,list2,high,description,relevant,the orange bat,color,#f8884f,filler,metal_wood_00,metal,orange,TRUE,1,FALSE,color,NA
participant095,list2,high,description,relevant,the wooden bat,sound,#f8884f,filler,metal_wood_09,wood,orange,TRUE,1,FALSE,material,NA
participant095,list2,low,description,relevant,the wooden bat,sound,#f8dc4f,critical,metal_wood_06,wood,yellow,TRUE,1,FALSE,material,NA
participant095,list2,low,description,relevant,the yellow bat,color,#fab750,critical,metal_wood_01,metal,yellow,TRUE,1,FALSE,color,NA
participant095,list2,high,description,base,the metal orange bat,sound,#f8884f,critical,metal_wood_00,metal,orange,TRUE,2,TRUE,color & material,color
participant095,list2,high,description,base,the orange wooden bat,sound,#f8dc4f,critical,metal_wood_09,wood,yellow,TRUE,2,TRUE,color & material,color
participant095,list2,high,description,base,the yellow bat,color,#f8dc4f,critical,metal_wood_01,metal,yellow,TRUE,1,FALSE,color,NA
participant095,list2,low,description,irrelevant,the orange metal bat,sound,#faaf50,critical,metal_wood_00,metal,orange,TRUE,2,TRUE,color & material,color
participant095,list2,high,description,base,the yellow metal bat,color,#f8dc4f,critical,metal_wood_00,metal,yellow,TRUE,2,TRUE,color & material,material
participant095,list2,high,description,relevant,the orange bat,color,#f8884f,filler,metal_wood_00,metal,orange,TRUE,1,FALSE,color,NA
participant095,list2,high,description,base,the orange metal bat,sound,#f8884f,critical,metal_wood_01,metal,orange,TRUE,2,TRUE,color & material,color
participant095,list2,high,description,relevant,the orange wooden bet,sound,#f8884f,filler,metal_wood_09,wood,orange,TRUE,3,TRUE,color & material,color
participant095,list2,low,description,relevant,the wooden yellow bat ,sound,#f8dc4f,critical,metal_wood_06,wood,yellow,TRUE,2,TRUE,color & material,color
participant095,list2,low,description,irrelevant,the yellow bat,color,#f8dc4f,critical,metal_wood_06,wood,yellow,TRUE,1,FALSE,color,NA
participant095,list2,low,description,relevant,the yellow bat,color,#fab750,critical,metal_wood_00,metal,yellow,TRUE,1,FALSE,color,NA
participant095,list2,low,description,irrelevant,the yellow bat,color,#f8dc4f,critical,metal_wood_06,wood,yellow,TRUE,1,FALSE,color,NA
participant095,list2,low,description,relevant,the yellow bat,color,#fab750,critical,metal_wood_01,metal,yellow,TRUE,1,FALSE,color,NA
participant095,list2,low,description,relevant,the metal orange bat,sound,#f8884f,critical,metal_wood_05,metal,orange,TRUE,2,TRUE,color & material,color
participant095,list2,low,description,irrelevant,the orange metal bat,color,#f8884f,critical,metal_wood_05,metal,orange,TRUE,2,TRUE,color & material,material
participant095,list2,high,description,base,the wooden orange bat,color,#f8884f,critical,metal_wood_09,wood,orange,TRUE,2,TRUE,color & material,material
participant095,list2,high,description,base,the orange bat,color,#f8884f,critical,metal_wood_09,wood,orange,TRUE,1,FALSE,color,NA
participant095,list2,low,description,irrelevant,the orange bat,color,#f8884f,critical,metal_wood_05,metal,orange,TRUE,1,FALSE,color,NA
participant095,list2,low,description,irrelevant,the yellow wooden bat,color,#f8dc4f,critical,metal_wood_05,metal,yellow,TRUE,2,TRUE,color & material,material
participant095,list2,low,description,relevant,the wooden orange bat,sound,#f8884f,critical,metal_wood_06,wood,orange,TRUE,2,TRUE,color & material,color
participant095,list2,low,description,relevant,the metal orange bat,sound,#f8884f,critical,metal_wood_05,metal,orange,TRUE,2,TRUE,color & material,color
participant095,list2,low,description,irrelevant,the orange wooden bat,sound,#fab750,critical,metal_wood_09,wood,yellow,TRUE,2,TRUE,color & material,color
participant095,list2,low,description,irrelevant,the orange bat,color,#f8884f,critical,metal_wood_05,metal,orange,TRUE,1,FALSE,color,NA
participant095,list2,low,description,irrelevant,the orange wooden bat,sound,#faaf50,critical,metal_wood_09,wood,orange,TRUE,2,TRUE,color & material,color
participant095,list2,low,description,relevant,the yellow bat,color,#fab750,critical,metal_wood_01,metal,yellow,TRUE,1,FALSE,color,NA
participant095,list2,low,description,irrelevant,the yellow metal bat,sound,#fab750,critical,metal_wood_09,wood,yellow,FALSE,2,TRUE,color & material,color
participant095,list2,low,description,relevant,the orange bat,color,#faaf50,critical,metal_wood_01,metal,orange,TRUE,1,FALSE,color,NA
participant095,list2,high,description,base,the orange bat,color,#f8884f,critical,metal_wood_00,metal,orange,TRUE,1,FALSE,color,NA
participant095,list2,low,description,irrelevant,the yellow wooden bat,sound,#fab750,critical,metal_wood_00,metal,yellow,FALSE,2,TRUE,color & material,color
participant095,list2,low,description,relevant,the orange metal bat,sound,#f8884f,critical,metal_wood_05,metal,orange,TRUE,2,TRUE,color & material,color
participant095,list2,high,description,base,the yellow metal bat,color,#f8dc4f,critical,metal_wood_00,metal,yellow,TRUE,2,TRUE,color & material,material
participant095,list2,high,description,base,the orange metal bat,sound,#f8884f,critical,metal_wood_00,metal,orange,TRUE,2,TRUE,color & material,color
participant095,list2,high,description,relevant,the yellow wooden bat,color,#f8dc4f,filler,metal_wood_09,wood,yellow,TRUE,2,TRUE,color & material,material
participant095,list2,low,description,irrelevant,the orange bat,color,#f8884f,critical,metal_wood_06,wood,orange,TRUE,1,FALSE,color,NA
participant095,list2,low,description,relevant,the orange bat,color,#faaf50,critical,metal_wood_09,wood,orange,TRUE,1,FALSE,color,NA
participant095,list2,low,description,relevant,the orange wooden bat,sound,#f8884f,critical,metal_wood_06,wood,orange,TRUE,2,TRUE,color & material,color
participant095,list2,high,description,base,the yellow metal bat,color,#f8dc4f,critical,metal_wood_00,metal,yellow,TRUE,2,TRUE,color & material,material
participant095,list2,high,description,relevant,the yellow metal bat,sound,#f8dc4f,filler,metal_wood_01,metal,yellow,TRUE,2,TRUE,color & material,color
participant095,list2,high,description,relevant,yellow bat,color,#f8dc4f,filler,metal_wood_09,wood,yellow,TRUE,1,FALSE,color,NA
participant095,list2,high,description,base,the orange bat,color,#f8884f,critical,metal_wood_09,wood,orange,TRUE,1,FALSE,color,NA
participant095,list2,low,description,irrelevant,the yellow bat ,color,#f8dc4f,critical,metal_wood_06,wood,yellow,TRUE,1,FALSE,color,NA
participant095,list2,high,description,base,the orange wooden bat ,sound,#f8884f,critical,metal_wood_09,wood,orange,TRUE,2,TRUE,color & material,color
participant095,list2,high,description,base,the yellow wooden bat,sound,#f8dc4f,critical,metal_wood_09,wood,yellow,TRUE,2,TRUE,color & material,color
participant095,list2,high,description,relevant,the yellow wooden bat ,sound,#f8dc4f,filler,metal_wood_09,wood,yellow,TRUE,2,TRUE,color & material,color
participant095,list2,low,description,irrelevant,the orange metal bat,sound,#fab750,critical,metal_wood_01,metal,yellow,TRUE,2,TRUE,color & material,color
participant095,list2,high,description,relevant,the yellow metal bat ,sound,#f8dc4f,filler,metal_wood_00,metal,yellow,TRUE,2,TRUE,color & material,color
participant095,list2,high,description,relevant,the yellow metal bat ,color,#f8dc4f,filler,metal_wood_01,metal,yellow,TRUE,2,TRUE,color & material,material
participant095,list2,low,description,relevant,the orange bat,color,#faaf50,critical,metal_wood_09,wood,orange,TRUE,1,FALSE,color,NA
participant095,list2,high,description,base,the orange metal bat,sound,#f8884f,critical,metal_wood_01,metal,orange,TRUE,2,TRUE,color & material,color
participant095,list2,low,description,relevant,the orange bat,color,#faaf50,critical,metal_wood_09,wood,orange,TRUE,1,FALSE,color,NA
participant101,list4,high,description,relevant,the metal bat,sound,#4fc0f8,filler,metal_wood_00,metal,blue,TRUE,1,FALSE,material,NA
participant101,list4,high,description,relevant,the green bat,color,#4ff889,filler,metal_wood_00,metal,green,TRUE,1,FALSE,color,NA
participant101,list4,low,description,irrelevant,the metal bat,sound,#52f8cb,critical,metal_wood_00,metal,green,TRUE,1,FALSE,material,NA
participant101,list4,high,description,relevant,the blue bat,color,#4fc0f8,filler,metal_wood_08,wood,blue,TRUE,1,FALSE,color,NA
participant101,list4,low,description,relevant,the metal bat,sound,#4fc0f8,critical,metal_wood_02,metal,blue,TRUE,1,FALSE,material,NA
participant101,list4,high,description,base,wooden green bat,color,#4ff889,critical,metal_wood_08,wood,green,TRUE,2,TRUE,color & material,material
participant101,list4,low,description,irrelevant,metal green bat,color,#4fc0f8,critical,metal_wood_03,wood,blue,FALSE,2,TRUE,color & material,material
participant101,list4,high,description,base,blue bat,color,#4fc0f8,critical,metal_wood_01,metal,blue,TRUE,1,FALSE,color,NA
participant101,list4,low,description,relevant,blue metal bat,sound,#4fc0f8,critical,metal_wood_02,metal,blue,TRUE,2,TRUE,color & material,color
participant101,list4,low,description,relevant,green wood bat,color,#52f8cb,critical,metal_wood_08,wood,green,TRUE,2,TRUE,color & material,material
participant101,list4,low,description,irrelevant,the metal bat,sound,#50f8d5,critical,metal_wood_00,metal,blue,TRUE,1,FALSE,material,NA
participant101,list4,high,description,base,the blue metal bat,color,#4fc0f8,critical,metal_wood_01,metal,blue,TRUE,2,TRUE,color & material,material
participant101,list4,low,description,irrelevant,the green bat,color,#4ff889,critical,metal_wood_02,metal,green,TRUE,1,FALSE,color,NA
participant101,list4,low,description,relevant,blue metal bat,sound,#4fc0f8,critical,metal_wood_03,wood,blue,FALSE,2,TRUE,color & material,color
participant101,list4,high,description,base,the blue bat,color,#4fc0f8,critical,metal_wood_01,metal,blue,TRUE,1,FALSE,color,NA
participant101,list4,low,description,relevant,the blue bat,color,#50f8d5,critical,metal_wood_01,metal,blue,TRUE,1,FALSE,color,NA
participant101,list4,high,description,base,green bat,color,#4ff889,critical,metal_wood_00,metal,green,TRUE,1,FALSE,color,NA
participant101,list4,low,description,relevant,the green metal bat,sound,#4ff889,critical,metal_wood_03,wood,green,FALSE,2,TRUE,color & material,color
participant101,list4,high,description,relevant,blue bat,color,#4fc0f8,filler,metal_wood_01,metal,blue,TRUE,1,FALSE,color,NA
participant101,list4,low,description,relevant,blue bat,color,#50f8d5,critical,metal_wood_00,metal,blue,TRUE,1,FALSE,color,NA
participant101,list4,high,description,relevant,green bat,color,#4ff889,filler,metal_wood_00,metal,green,TRUE,1,FALSE,color,NA
participant101,list4,low,description,irrelevant,green bat,color,#4ff889,critical,metal_wood_02,metal,green,TRUE,1,FALSE,color,NA
participant101,list4,low,description,irrelevant,blue bat,color,#4fc0f8,critical,metal_wood_02,metal,blue,TRUE,1,FALSE,color,NA
participant101,list4,high,description,base,blue bat,color,#4fc0f8,critical,metal_wood_00,metal,blue,TRUE,1,FALSE,color,NA
participant101,list4,low,description,irrelevant,green bat,color,#4ff889,critical,metal_wood_02,metal,green,TRUE,1,FALSE,color,NA
participant101,list4,low,description,relevant,blue metal bat,sound,#4fc0f8,critical,metal_wood_03,wood,blue,FALSE,2,TRUE,color & material,color
participant101,list4,high,description,base,green metal bat,sound,#4ff889,critical,metal_wood_01,metal,green,TRUE,2,TRUE,color & material,color
participant101,list4,high,description,relevant,metal bat,sound,#4fc0f8,filler,metal_wood_01,metal,blue,TRUE,1,FALSE,material,NA
participant101,list4,low,description,relevant,blue bat,color,#50f8d5,critical,metal_wood_01,metal,blue,TRUE,1,FALSE,color,NA
participant101,list4,low,description,relevant,metal bat,sound,#4ff889,critical,metal_wood_02,metal,green,TRUE,1,FALSE,material,NA
participant101,list4,high,description,base,green bat,color,#4ff889,critical,metal_wood_01,metal,green,TRUE,1,FALSE,color,NA
participant101,list4,low,description,irrelevant,blue bat,color,#4fc0f8,critical,metal_wood_03,wood,blue,TRUE,1,FALSE,color,NA
participant101,list4,low,description,relevant,blue metal bat,sound,#4fc0f8,critical,metal_wood_03,wood,blue,FALSE,2,TRUE,color & material,color
participant101,list4,low,description,irrelevant,metal green bat,sound,#50f8d5,critical,metal_wood_00,metal,blue,TRUE,2,TRUE,color & material,color
participant101,list4,low,description,relevant,blue bat,color,#50f8d5,critical,metal_wood_00,metal,blue,TRUE,1,FALSE,color,NA
participant101,list4,low,description,irrelevant,green metal bat,sound,#52f8cb,critical,metal_wood_01,metal,green,TRUE,2,TRUE,color & material,color
participant101,list4,low,description,irrelevant,metal bat,sound,#50f8d5,critical,metal_wood_01,metal,blue,TRUE,1,FALSE,material,NA
participant101,list4,high,description,base,wood bat,sound,#4ff889,critical,metal_wood_09,wood,green,TRUE,1,FALSE,material,NA
participant101,list4,high,description,base,wood bat,sound,#4fc0f8,critical,metal_wood_09,wood,blue,TRUE,1,FALSE,material,NA
participant101,list4,high,description,relevant,green bat,color,#4ff889,filler,metal_wood_00,metal,green,TRUE,1,FALSE,color,NA
participant101,list4,high,description,base,wood bat,sound,#4fc0f8,critical,metal_wood_09,wood,blue,TRUE,1,FALSE,material,NA
participant101,list4,high,description,base,green bat,color,#4ff889,critical,metal_wood_09,wood,green,TRUE,1,FALSE,color,NA
participant101,list4,high,description,relevant,metal bat,sound,#4fc0f8,filler,metal_wood_00,metal,blue,TRUE,1,FALSE,material,NA
participant101,list4,low,description,relevant,green metal bat,sound,#4ff889,critical,metal_wood_02,metal,green,TRUE,2,TRUE,color & material,color
participant101,list4,low,description,irrelevant,green bat,color,#4ff889,critical,metal_wood_03,wood,green,TRUE,1,FALSE,color,NA
participant101,list4,low,description,relevant,green bat,color,#52f8cb,critical,metal_wood_08,wood,green,TRUE,1,FALSE,color,NA
participant101,list4,high,description,relevant,blue bat,color,#4fc0f8,filler,metal_wood_09,wood,blue,TRUE,1,FALSE,color,NA
participant101,list4,low,description,relevant,green bat,color,#52f8cb,critical,metal_wood_01,metal,green,TRUE,1,FALSE,color,NA
participant101,list4,low,description,irrelevant,wood bat,sound,#50f8d5,critical,metal_wood_09,wood,blue,TRUE,1,FALSE,material,NA
participant101,list4,high,description,relevant,wood bat,sound,#4ff889,filler,metal_wood_08,wood,green,TRUE,1,FALSE,material,NA
participant101,list4,low,description,relevant,green bat,color,#52f8cb,critical,metal_wood_01,metal,green,TRUE,1,FALSE,color,NA
participant101,list4,low,description,irrelevant,blue bat,color,#4fc0f8,critical,metal_wood_03,wood,blue,TRUE,1,FALSE,color,NA
participant101,list4,high,description,relevant,wood bat,sound,#4fc0f8,filler,metal_wood_09,wood,blue,TRUE,1,FALSE,material,NA
participant101,list4,low,description,irrelevant,metal bat,sound,#52f8cb,critical,metal_wood_00,metal,green,TRUE,1,FALSE,material,NA
participant101,list4,high,description,relevant,wood bat,sound,#4ff889,filler,metal_wood_08,wood,green,TRUE,1,FALSE,material,NA
participant103,list1,high,description,relevant,orange wooden bat,color,#f8884f,filler,metal_wood_09,wood,orange,TRUE,2,TRUE,color & material,material
participant103,list1,high,description,relevant,yellow wooden bat,sound,#f8dc4f,filler,metal_wood_08,wood,yellow,TRUE,2,TRUE,color & material,color
participant103,list1,low,description,irrelevant,yellow metal bat,color,#f8dc4f,critical,metal_wood_04,wood,yellow,TRUE,2,TRUE,color & material,material
participant103,list1,high,description,base,yellow metal bat,color,#f8dc4f,critical,metal_wood_01,metal,yellow,TRUE,2,TRUE,color & material,material
participant103,list1,high,description,relevant,yellow metal bat,color,#f8dc4f,filler,metal_wood_01,metal,yellow,TRUE,2,TRUE,color & material,material
participant103,list1,low,description,irrelevant,yellow metal bat,sound,#f9ca50,critical,metal_wood_00,metal,orange,TRUE,2,TRUE,color & material,color
participant103,list1,high,description,relevant,yellow metal bat,color,#f8dc4f,filler,metal_wood_01,metal,yellow,TRUE,2,TRUE,color & material,material
participant103,list1,low,description,irrelevant,orange metal bat,color,#f8884f,critical,metal_wood_03,metal,orange,TRUE,2,TRUE,color & material,material
participant103,list1,low,description,irrelevant,yellow wooden bat,sound,#f9ca50,critical,metal_wood_08,wood,orange,TRUE,2,TRUE,color & material,color
participant103,list1,low,description,relevant,yellow wooden bat,color,#f9ca50,critical,metal_wood_09,wood,orange,FALSE,2,TRUE,color & material,material
participant103,list1,low,description,irrelevant,yellow metal bat,sound,#f9ca50,critical,metal_wood_01,metal,orange,TRUE,2,TRUE,color & material,color
participant103,list1,high,description,relevant,orange wooden bat,color,#f8884f,filler,metal_wood_09,wood,orange,TRUE,2,TRUE,color & material,material
participant103,list1,low,description,relevant,orange metal bat,sound,#f8884f,critical,metal_wood_04,wood,orange,FALSE,2,TRUE,color & material,color
participant103,list1,high,description,base,yellow metal bat,sound,#f8dc4f,critical,metal_wood_00,metal,yellow,TRUE,2,TRUE,color & material,color
participant103,list1,low,description,relevant,yellow metal bat,sound,#f8dc4f,critical,metal_wood_04,wood,yellow,FALSE,2,TRUE,color & material,color
participant103,list1,high,description,relevant,yellow metal bat,sound,#f8dc4f,filler,metal_wood_00,metal,yellow,TRUE,2,TRUE,color & material,color
participant103,list1,low,description,relevant,orange metal bat,color,#f9ca50,critical,metal_wood_00,metal,orange,TRUE,2,TRUE,color & material,material
participant103,list1,low,description,irrelevant,orange metal bat,color,#f8884f,critical,metal_wood_04,wood,orange,TRUE,2,TRUE,color & material,material
participant103,list1,high,description,relevant,orange wooden bat,sound,#f8884f,filler,metal_wood_09,wood,orange,TRUE,2,TRUE,color & material,color
participant103,list1,low,description,irrelevant,orange metal bat,color,#f8884f,critical,metal_wood_03,metal,orange,TRUE,2,TRUE,color & material,material
participant103,list1,high,description,base,orange wooden bat,sound,#f8884f,critical,metal_wood_08,wood,orange,TRUE,2,TRUE,color & material,color
participant103,list1,high,description,relevant,orange wooden bat,color,#f8884f,filler,metal_wood_08,wood,orange,TRUE,2,TRUE,color & material,material
participant103,list1,high,description,base,yellow wooden bat,color,#f8dc4f,critical,metal_wood_09,wood,yellow,TRUE,2,TRUE,color & material,material
participant103,list1,low,description,irrelevant,orange wooden bat,sound,#f9c850,critical,metal_wood_08,wood,yellow,TRUE,2,TRUE,color & material,color
participant103,list1,high,description,base,orange wooden bat,color,#f8884f,critical,metal_wood_01,metal,orange,TRUE,2,TRUE,color & material,material
participant103,list1,high,description,base,orange wooden bat,sound,#f8884f,critical,metal_wood_09,wood,orange,TRUE,2,TRUE,color & material,color
participant103,list1,high,description,base,yellow metal bat,color,#f8dc4f,critical,metal_wood_00,metal,yellow,TRUE,2,TRUE,color & material,material
participant103,list1,low,description,relevant,yellow metal bat,sound,#f8dc4f,critical,metal_wood_03,metal,yellow,TRUE,2,TRUE,color & material,color
participant103,list1,low,description,relevant,orange metal bat,sound,#f8884f,critical,metal_wood_03,metal,orange,TRUE,2,TRUE,color & material,color
participant103,list1,low,description,irrelevant,yellow wooden bat,sound,#f9c850,critical,metal_wood_09,wood,yellow,TRUE,2,TRUE,color & material,color
participant103,list1,low,description,irrelevant,yellow wooden bat,color,#f8dc4f,critical,metal_wood_03,metal,yellow,TRUE,2,TRUE,color & material,material
participant103,list1,low,description,irrelevant,orange metal bat,sound,#f9c850,critical,metal_wood_01,metal,yellow,TRUE,2,TRUE,color & material,color
participant103,list1,high,description,base,orange wooden bat,color,#f8884f,critical,metal_wood_08,wood,orange,TRUE,2,TRUE,color & material,material
participant103,list1,low,description,irrelevant,orange wooden bat,sound,#f9c850,critical,metal_wood_08,wood,yellow,TRUE,2,TRUE,color & material,color
participant103,list1,low,description,irrelevant,yellow metal bat,color,#f8dc4f,critical,metal_wood_04,wood,yellow,TRUE,2,TRUE,color & material,material
participant103,list1,low,description,relevant,orange metal bat,sound,#f8884f,critical,metal_wood_04,wood,orange,FALSE,2,TRUE,color & material,color
participant103,list1,low,description,relevant,orange metal bat,color,#f9ca50,critical,metal_wood_01,metal,orange,TRUE,2,TRUE,color & material,material
participant103,list1,low,description,relevant,orange wooden bat,color,#f9ca50,critical,metal_wood_08,wood,orange,TRUE,2,TRUE,color & material,material
participant103,list1,high,description,relevant,yellow metal bat,sound,#f8dc4f,filler,metal_wood_00,metal,yellow,TRUE,2,TRUE,color & material,color
participant103,list1,high,description,base,orange metal bat,sound,#f8884f,critical,metal_wood_00,metal,orange,TRUE,2,TRUE,color & material,color
participant103,list1,high,description,base,orange wooden bat,color,#f8884f,critical,metal_wood_09,wood,orange,TRUE,2,TRUE,color & material,material
participant103,list1,low,description,irrelevant,orange metal bat,sound,#f9ca50,critical,metal_wood_00,metal,orange,TRUE,2,TRUE,color & material,color
participant103,list1,low,description,relevant,orange metal bat,color,#f9c850,critical,metal_wood_01,metal,yellow,FALSE,2,TRUE,color & material,material
participant103,list1,high,description,base,orange metal bat,sound,#f8dc4f,critical,metal_wood_00,metal,yellow,TRUE,2,TRUE,color & material,color
participant103,list1,low,description,relevant,orange wooden bat,color,#f9c850,critical,metal_wood_09,wood,yellow,FALSE,2,TRUE,color & material,material
participant103,list1,low,description,relevant,orange metal bat,sound,#f8884f,critical,metal_wood_03,metal,orange,TRUE,2,TRUE,color & material,color
participant103,list1,low,description,relevant,yellow metal bat,sound,#f8dc4f,critical,metal_wood_03,metal,yellow,TRUE,2,TRUE,color & material,color
participant103,list1,high,description,relevant,orange wooden bat,sound,#f8884f,filler,metal_wood_09,wood,orange,TRUE,2,TRUE,color & material,color
participant103,list1,low,description,relevant,orange metal bat,color,#f9c850,critical,metal_wood_00,metal,yellow,FALSE,2,TRUE,color & material,material
participant103,list1,low,description,relevant,yellow wooden bat,color,#f9c850,critical,metal_wood_08,wood,yellow,TRUE,2,TRUE,color & material,material
participant103,list1,high,description,base,yellow wooden bat,sound,#f8dc4f,critical,metal_wood_09,wood,yellow,TRUE,2,TRUE,color & material,color
participant103,list1,low,description,irrelevant,yellow metal bat,color,#f8dc4f,critical,metal_wood_03,metal,yellow,TRUE,2,TRUE,color & material,material
participant103,list1,high,description,base,orange metal bat,color,#f8884f,critical,metal_wood_00,metal,orange,TRUE,2,TRUE,color & material,material
participant103,list1,high,description,relevant,yellow metal bat,color,#f8dc4f,filler,metal_wood_01,metal,yellow,TRUE,2,TRUE,color & material,material
participant103,list1,low,description,irrelevant,yellow metal bat,color,#f8dc4f,critical,metal_wood_04,wood,yellow,TRUE,2,TRUE,color & material,material
participant103,list1,high,description,base,orange metal bat,sound,#f8884f,critical,metal_wood_00,metal,orange,TRUE,2,TRUE,color & material,color
participant103,list1,high,description,relevant,yellow metal bat,sound,#f8884f,filler,metal_wood_00,metal,orange,TRUE,2,TRUE,color & material,color
participant104,list3,high,description,relevant,the green bat,color,#4ff889,filler,metal_wood_01,metal,green,TRUE,1,FALSE,color,NA
participant104,list3,high,description,relevant,the green bat,color,#4ff889,filler,metal_wood_00,metal,green,TRUE,1,FALSE,color,NA
participant104,list3,low,description,irrelevant,the blue wood bat,color,#4fc0f8,critical,metal_wood_04,metal,blue,TRUE,2,TRUE,color & material,material
participant104,list3,low,description,irrelevant,the green wood bat,sound,#52f8c8,critical,metal_wood_08,wood,green,TRUE,2,TRUE,color & material,color
participant104,list3,low,description,relevant,the green wood bat,sound,#4ff889,critical,metal_wood_04,metal,green,FALSE,2,TRUE,color & material,color
participant104,list3,low,description,relevant,blue metal bat,sound,#4fc0f8,critical,metal_wood_04,metal,blue,TRUE,2,TRUE,color & material,color
participant104,list3,low,description,irrelevant,blue metal bat,sound,#52f8c8,critical,metal_wood_00,metal,green,TRUE,2,TRUE,color & material,color
participant104,list3,high,description,base,green wood bat,color,#4ff889,critical,metal_wood_09,wood,green,TRUE,2,TRUE,color & material,material
participant104,list3,high,description,relevant,green metal bat,color,#4ff889,filler,metal_wood_00,metal,green,TRUE,2,TRUE,color & material,material
participant104,list3,low,description,relevant,green metal bat,color,#52f8c8,critical,metal_wood_00,metal,green,TRUE,2,TRUE,color & material,material
participant104,list3,high,description,relevant,blue metal,sound,#4fc0f8,filler,metal_wood_01,metal,blue,TRUE,2,TRUE,color & material,color
participant104,list3,low,description,irrelevant,green wood bat,sound,#51f8d2,critical,metal_wood_09,wood,blue,TRUE,2,TRUE,color & material,color
participant104,list3,high,description,base,green metal,color,#4ff889,critical,metal_wood_00,metal,green,TRUE,2,TRUE,color & material,material
participant104,list3,high,description,relevant,blue wood bat,color,#4fc0f8,filler,metal_wood_09,wood,blue,TRUE,2,TRUE,color & material,material
participant104,list3,low,description,relevant,green wood bat,color,#52f8c8,critical,metal_wood_08,wood,green,TRUE,2,TRUE,color & material,material
participant104,list3,low,description,relevant,blue metal bat,color,#51f8d2,critical,metal_wood_01,metal,blue,TRUE,2,TRUE,color & material,material
participant104,list3,high,description,base,blue wood bat,sound,#4fc0f8,critical,metal_wood_09,wood,blue,TRUE,2,TRUE,color & material,color
participant104,list3,low,description,relevant,the green wood bat,sound,#4ff889,critical,metal_wood_04,metal,green,FALSE,2,TRUE,color & material,color
participant104,list3,high,description,base,green wood bat,sound,#4ff889,critical,metal_wood_08,wood,green,TRUE,2,TRUE,color & material,color
participant104,list3,low,description,relevant,green wood bat,sound,#4ff889,critical,metal_wood_05,wood,green,TRUE,2,TRUE,color & material,color
participant104,list3,high,description,relevant,the green metal bat,sound,#4ff889,filler,metal_wood_01,metal,green,TRUE,2,TRUE,color & material,color
participant104,list3,high,description,relevant,blue metal,sound,#4fc0f8,filler,metal_wood_00,metal,blue,TRUE,2,TRUE,color & material,color
participant104,list3,high,description,base,blue metal bat,color,#4fc0f8,critical,metal_wood_00,metal,blue,TRUE,2,TRUE,color & material,material
participant104,list3,low,description,relevant,blue metal bat,color,#51f8d2,critical,metal_wood_01,metal,blue,TRUE,2,TRUE,color & material,material
participant104,list3,low,description,irrelevant,blue wood bat,color,#4fc0f8,critical,metal_wood_05,wood,blue,TRUE,2,TRUE,color & material,material
participant104,list3,high,description,base,green wood bat,color,#4ff889,critical,metal_wood_09,wood,green,TRUE,2,TRUE,color & material,material
participant104,list3,low,description,relevant,green wood bat,sound,#4fc0f8,critical,metal_wood_05,wood,blue,TRUE,2,TRUE,color & material,color
participant104,list3,high,description,relevant,blue metal bat,color,#4fc0f8,filler,metal_wood_00,metal,blue,TRUE,2,TRUE,color & material,material
participant104,list3,low,description,irrelevant,blue wood bat,sound,#51f8d2,critical,metal_wood_08,wood,blue,TRUE,2,TRUE,color & material,color
participant104,list3,high,description,base,blue metal bat,sound,#4fc0f8,critical,metal_wood_00,metal,blue,TRUE,2,TRUE,color & material,color
participant104,list3,low,description,relevant,blue metal bat,sound,#4fc0f8,critical,metal_wood_04,metal,blue,TRUE,2,TRUE,color & material,color
participant104,list3,low,description,irrelevant,green wood bat,color,#4ff889,critical,metal_wood_04,metal,green,TRUE,2,TRUE,color & material,material
participant104,list3,high,description,base,blue metal bat,color,#4fc0f8,critical,metal_wood_01,metal,blue,TRUE,2,TRUE,color & material,material
participant104,list3,high,description,relevant,green wood bat,sound,#4ff889,filler,metal_wood_08,wood,green,TRUE,2,TRUE,color & material,color
participant104,list3,high,description,base,blue wood bat,sound,#4fc0f8,critical,metal_wood_08,wood,blue,TRUE,2,TRUE,color & material,color
participant104,list3,low,description,irrelevant,blue wood bat,sound,#51f8d2,critical,metal_wood_09,wood,blue,TRUE,2,TRUE,color & material,color
participant104,list3,low,description,relevant,green wood bat,color,#52f8c8,critical,metal_wood_08,wood,green,TRUE,2,TRUE,color & material,material
participant104,list3,low,description,relevant,green metal bat,color,#52f8c8,critical,metal_wood_01,metal,green,TRUE,2,TRUE,color & material,material
participant104,list3,high,description,relevant,blue wood bat,sound,#4fc0f8,filler,metal_wood_08,wood,blue,TRUE,2,TRUE,color & material,color
participant104,list3,low,description,relevant,blue wood bat,sound,#4fc0f8,critical,metal_wood_05,wood,blue,TRUE,2,TRUE,color & material,color
participant104,list3,low,description,irrelevant,blue wood bat,color,#4fc0f8,critical,metal_wood_05,wood,blue,TRUE,2,TRUE,color & material,material
participant104,list3,high,description,base,blue metal bat,sound,#4fc0f8,critical,metal_wood_00,metal,blue,TRUE,2,TRUE,color & material,color
participant104,list3,high,description,base,green metal bat,color,#4ff889,critical,metal_wood_01,metal,green,TRUE,2,TRUE,color & material,material
participant104,list3,high,description,relevant,blue wood bat,sound,#4fc0f8,filler,metal_wood_08,wood,blue,TRUE,2,TRUE,color & material,color
participant104,list3,high,description,base,green metal bat,sound,#4ff889,critical,metal_wood_00,metal,green,TRUE,2,TRUE,color & material,color
participant104,list3,low,description,relevant,blue wood bat,sound,#4fc0f8,critical,metal_wood_05,wood,blue,TRUE,2,TRUE,color & material,color
participant104,list3,high,description,relevant,blue metal,color,#4fc0f8,filler,metal_wood_01,metal,blue,TRUE,2,TRUE,color & material,material
participant104,list3,low,description,irrelevant,green wood bat,color,#4ff889,critical,metal_wood_05,wood,green,TRUE,2,TRUE,color & material,material
participant104,list3,high,description,base,blue metal bat,sound,#4ff889,critical,metal_wood_01,metal,green,TRUE,2,TRUE,color & material,color
participant104,list3,low,description,irrelevant,blue wood bat,color,#4fc0f8,critical,metal_wood_05,wood,blue,TRUE,2,TRUE,color & material,material
participant104,list3,high,description,base,blue metal bat,color,#4fc0f8,critical,metal_wood_01,metal,blue,TRUE,2,TRUE,color & material,material
participant104,list3,low,description,irrelevant,blue wood bat,color,#4fc0f8,critical,metal_wood_04,metal,blue,TRUE,2,TRUE,color & material,material
participant104,list3,low,description,irrelevant,blue metal bat,sound,#52f8c8,critical,metal_wood_00,metal,green,TRUE,2,TRUE,color & material,color
participant104,list3,low,description,relevant,blue metal bat,color,#51f8d2,critical,metal_wood_00,metal,blue,TRUE,2,TRUE,color & material,material
participant104,list3,high,description,base,green wood bat,sound,#4fc0f8,critical,metal_wood_09,wood,blue,TRUE,2,TRUE,color & material,color
participant104,list3,low,description,irrelevant,blue metal bat,sound,#52f8c8,critical,metal_wood_01,metal,green,TRUE,2,TRUE,color & material,color
participant104,list3,low,description,relevant,blue metal bat,color,#51f8d2,critical,metal_wood_00,metal,blue,TRUE,2,TRUE,color & material,material
participant104,list3,low,description,irrelevant,green wood bat,color,#4fc0f8,critical,metal_wood_04,metal,blue,FALSE,2,TRUE,color & material,material
participant105,list2,high,description,relevant,wooden bat,sound,#f8884f,filler,metal_wood_09,wood,orange,TRUE,1,FALSE,material,NA
participant105,list2,low,description,relevant,orange metal bat,sound,#f8884f,critical,metal_wood_05,NA,orange,TRUE,2,TRUE,color & material,color
participant105,list2,high,description,base,metal bat,sound,#f8884f,critical,metal_wood_00,metal,orange,TRUE,1,FALSE,material,NA
participant105,list2,low,description,irrelevant,yellow bat,color,#f8dc4f,critical,metal_wood_01,metal,yellow,TRUE,1,FALSE,color,NA
participant105,list2,high,description,relevant,yellow bat,color,#f8dc4f,filler,metal_wood_09,wood,yellow,TRUE,1,FALSE,color,NA
participant105,list2,low,description,relevant,wooden bat,sound,#f8884f,critical,metal_wood_05,NA,orange,TRUE,1,FALSE,material,NA
participant105,list2,low,description,irrelevant,metal bat,sound,#fab250,critical,metal_wood_09,wood,yellow,FALSE,1,FALSE,material,NA
participant105,list2,low,description,relevant,yellow bat,color,#fab250,critical,metal_wood_09,wood,yellow,TRUE,1,FALSE,color,NA
participant105,list2,high,description,relevant,orange bat,color,#f8884f,filler,metal_wood_00,metal,orange,TRUE,1,FALSE,color,NA
participant105,list2,low,description,relevant,yellow bat,color,#fab250,critical,metal_wood_09,wood,yellow,TRUE,1,FALSE,color,NA
participant105,list2,high,description,base,orange bat,color,#f8884f,critical,metal_wood_09,wood,orange,TRUE,1,FALSE,color,NA
participant105,list2,high,description,relevant,yellow bat,color,#f8dc4f,filler,metal_wood_00,metal,yellow,TRUE,1,FALSE,color,NA
participant105,list2,high,description,base,yellow bat,color,#f8dc4f,critical,metal_wood_09,wood,yellow,TRUE,1,FALSE,color,NA
participant105,list2,low,description,irrelevant,"orange, wooden bat",sound,#faac50,critical,metal_wood_00,metal,orange,FALSE,2,TRUE,color & material,color
participant105,list2,high,description,base,yellow bat,color,#f8dc4f,critical,metal_wood_09,wood,yellow,TRUE,1,FALSE,color,NA
participant105,list2,low,description,irrelevant,yellow bat,color,#f8dc4f,critical,metal_wood_01,metal,yellow,TRUE,1,FALSE,color,NA
participant105,list2,low,description,irrelevant,metallic bat,sound,#fab250,critical,metal_wood_00,metal,yellow,TRUE,1,FALSE,color & material,NA
participant105,list2,low,description,irrelevant,orange bat,color,#f8884f,critical,metal_wood_05,NA,orange,TRUE,1,FALSE,color,NA
participant105,list2,low,description,irrelevant,wooden bat,sound,#fab250,critical,metal_wood_09,wood,yellow,TRUE,1,FALSE,material,NA
participant105,list2,high,description,base,orange bat,color,#f8884f,critical,metal_wood_09,wood,orange,TRUE,1,FALSE,color,NA
participant105,list2,low,description,relevant,metallic bat,sound,#f8dc4f,critical,metal_wood_01,metal,yellow,TRUE,1,FALSE,color & material,NA
participant105,list2,high,description,base,wooden bat,sound,#f8884f,critical,metal_wood_09,wood,orange,TRUE,1,FALSE,material,NA
participant105,list2,high,description,relevant,yellow bat,color,#f8dc4f,filler,metal_wood_00,metal,yellow,TRUE,1,FALSE,color,NA
participant105,list2,low,description,relevant,yellow bat,color,#fab250,critical,metal_wood_00,metal,yellow,TRUE,1,FALSE,color,NA
participant105,list2,high,description,base,orange ,color,#f8884f,critical,metal_wood_09,wood,orange,TRUE,1,FALSE,color,NA
participant105,list2,high,description,base,metallic,sound,#f8dc4f,critical,metal_wood_00,metal,yellow,TRUE,1,FALSE,color & material,NA
participant105,list2,high,description,base,orange,color,#f8884f,critical,metal_wood_00,metal,orange,TRUE,1,FALSE,color,NA
participant105,list2,low,description,relevant,orange,color,#faac50,critical,metal_wood_00,metal,orange,TRUE,1,FALSE,color,NA
participant105,list2,low,description,relevant,orange,color,#faac50,critical,metal_wood_09,wood,orange,TRUE,1,FALSE,color,NA
participant105,list2,high,description,relevant,wooden,sound,#f8dc4f,filler,metal_wood_09,wood,yellow,TRUE,1,FALSE,material,NA
participant105,list2,low,description,relevant,metallic,sound,#f8884f,critical,metal_wood_01,metal,orange,TRUE,1,FALSE,color & material,NA
participant105,list2,low,description,relevant,orange,color,#faac50,critical,metal_wood_09,wood,orange,TRUE,1,FALSE,color,NA
participant105,list2,low,description,relevant,wooden,sound,#f8884f,critical,metal_wood_05,NA,orange,TRUE,1,FALSE,material,NA
participant105,list2,high,description,relevant,orange,color,#f8884f,filler,metal_wood_00,metal,orange,TRUE,1,FALSE,color,NA
participant105,list2,low,description,irrelevant,orange,color,#f8884f,critical,metal_wood_01,metal,orange,TRUE,1,FALSE,color,NA
participant105,list2,low,description,irrelevant,wooden,sound,#faac50,critical,metal_wood_09,wood,orange,TRUE,1,FALSE,material,NA
participant105,list2,low,description,irrelevant,yellow,color,#f8dc4f,critical,metal_wood_01,metal,yellow,TRUE,1,FALSE,color,NA
participant105,list2,low,description,irrelevant,yellow,color,#f8dc4f,critical,metal_wood_05,NA,yellow,TRUE,1,FALSE,color,NA
participant105,list2,low,description,irrelevant,metallic,sound,#fab250,critical,metal_wood_00,metal,yellow,TRUE,1,FALSE,color & material,NA
participant105,list2,high,description,base,wooden,sound,#f8884f,critical,metal_wood_09,wood,orange,TRUE,1,FALSE,material,NA
participant105,list2,high,description,base,wooden,sound,#f8884f,critical,metal_wood_09,wood,orange,TRUE,1,FALSE,material,NA
participant105,list2,low,description,irrelevant,wooden,sound,#faac50,critical,metal_wood_09,wood,orange,TRUE,1,FALSE,material,NA
participant105,list2,high,description,base,metalli,sound,#f8884f,critical,metal_wood_00,metal,orange,TRUE,1,FALSE,color & material,NA
participant105,list2,high,description,base,wooden,sound,#f8884f,critical,metal_wood_09,wood,orange,TRUE,1,FALSE,material,NA
participant105,list2,low,description,relevant,mwtallic,sound,#f8884f,critical,metal_wood_01,metal,orange,FALSE,1,FALSE,material,NA
participant105,list2,high,description,relevant,orangee,color,#f8884f,filler,metal_wood_00,metal,orange,TRUE,1,FALSE,color,NA
participant105,list2,low,description,relevant,metallic,sound,#f8884f,critical,metal_wood_01,metal,orange,TRUE,1,FALSE,color & material,NA
participant105,list2,high,description,relevant,metallic,sound,#f8884f,filler,metal_wood_00,metal,orange,TRUE,1,FALSE,color & material,NA
participant105,list2,low,description,relevant,orange,color,#faac50,critical,metal_wood_09,wood,orange,TRUE,1,FALSE,color,NA
participant105,list2,high,description,relevant,metallic,sound,#f8dc4f,filler,metal_wood_00,metal,yellow,TRUE,1,FALSE,color & material,NA
participant105,list2,low,description,relevant,yellow,color,#fab250,critical,metal_wood_09,wood,yellow,TRUE,1,FALSE,color,NA
participant105,list2,high,description,base,metallic,sound,#f8884f,critical,metal_wood_00,metal,orange,TRUE,1,FALSE,color & material,NA
participant106,list4,high,description,relevant,metal blue bat,sound,#4fc0f8,filler,metal_wood_01,metal,blue,TRUE,2,TRUE,color & material,color
participant106,list4,high,description,relevant,green bat,color,#4ff889,filler,metal_wood_08,wood,green,TRUE,1,FALSE,color,NA
participant106,list4,high,description,relevant,blue bat,color,#4fc0f8,filler,metal_wood_08,wood,blue,TRUE,1,FALSE,color,NA
participant106,list4,high,description,base,blue bat,color,#4fc0f8,critical,metal_wood_09,wood,blue,TRUE,1,FALSE,color,NA
participant106,list4,low,description,relevant,blue wood bat,color,#51f8d2,critical,metal_wood_00,metal,NA,TRUE,2,TRUE,color & material,material
participant106,list4,low,description,irrelevant,green bat,color,#4ff889,critical,metal_wood_03,metal,green,TRUE,1,FALSE,color,NA
participant106,list4,low,description,relevant,blue bat,color,#51f8ce,critical,metal_wood_08,wood,blue,TRUE,1,FALSE,color,NA
participant106,list4,high,description,relevant,green wood bat,sound,#4ff889,filler,metal_wood_08,wood,green,TRUE,2,TRUE,color & material,color
participant106,list4,high,description,relevant,wood bat,sound,#4ff889,filler,metal_wood_08,wood,green,TRUE,1,FALSE,material,NA
participant106,list4,high,description,base,wood bat,sound,#4ff889,critical,metal_wood_09,wood,green,TRUE,1,FALSE,material,NA
participant106,list4,low,description,irrelevant,wood bat,sound,#51f8ce,critical,metal_wood_08,wood,blue,TRUE,1,FALSE,material,NA
participant106,list4,low,description,irrelevant,green wood bat,color,#4ff889,critical,metal_wood_06,wood,green,TRUE,2,TRUE,color & material,material
participant106,list4,high,description,relevant,wood bat,sound,#4fc0f8,filler,metal_wood_08,wood,blue,TRUE,1,FALSE,material,NA
participant106,list4,low,description,irrelevant,blue bat,color,#4fc0f8,critical,metal_wood_06,wood,blue,TRUE,1,FALSE,color,NA
participant106,list4,low,description,relevant,green bat,color,#51f8d2,critical,metal_wood_00,metal,NA,TRUE,1,FALSE,color,NA
participant106,list4,low,description,relevant,green wood bat,color,#51f8ce,critical,metal_wood_09,wood,blue,FALSE,2,TRUE,color & material,material
participant106,list4,low,description,relevant,blue bat,color,#51f8ce,critical,metal_wood_09,wood,blue,TRUE,1,FALSE,color,NA
participant106,list4,low,description,relevant,wood bat,sound,#4ff889,critical,metal_wood_06,wood,green,TRUE,1,FALSE,material,NA
participant106,list4,high,description,base,green bat,color,#4ff889,critical,metal_wood_00,metal,green,TRUE,1,FALSE,color,NA
participant106,list4,high,description,base,wood bat,sound,#4fc0f8,critical,metal_wood_08,wood,blue,TRUE,1,FALSE,material,NA
participant106,list4,low,description,relevant,blue bat,color,#51f8d2,critical,metal_wood_08,wood,NA,TRUE,1,FALSE,color,NA
participant107,list3,high,description,relevant,the blue bat,color,#4fc0f8,filler,metal_wood_00,metal,blue,TRUE,1,FALSE,color,NA
participant107,list3,high,description,relevant,the wooden bat,sound,#4ff889,filler,metal_wood_09,wood,green,TRUE,1,FALSE,material,NA
participant107,list3,high,description,base,the blue and metal bat,color,#4fc0f8,critical,metal_wood_09,wood,blue,TRUE,3,TRUE,color & material,material
participant107,list3,high,description,base,the green bat,color,#4ff889,critical,metal_wood_00,metal,green,TRUE,1,FALSE,color,NA
participant107,list3,low,description,relevant,the green bat,color,#53f8bd,critical,metal_wood_09,wood,green,TRUE,1,FALSE,color,NA
participant107,list3,low,description,irrelevant,the blue metal bat,sound,#4ff8dc,critical,metal_wood_09,wood,blue,FALSE,2,TRUE,color & material,color
participant107,list3,high,description,base,the green and wooden bat,sound,#4ff889,critical,metal_wood_09,wood,green,TRUE,3,TRUE,color & material,color
participant107,list3,low,description,irrelevant,the wooden bat,sound,#4ff8dc,critical,metal_wood_09,wood,blue,TRUE,1,FALSE,material,NA
participant107,list3,high,description,relevant,the blue and wooden bat,sound,#4fc0f8,filler,metal_wood_09,wood,blue,TRUE,3,TRUE,color & material,color
participant107,list3,low,description,irrelevant,the blue bat,color,#4fc0f8,critical,metal_wood_08,wood,blue,TRUE,1,FALSE,color,NA
participant107,list3,low,description,irrelevant,the green and metal bat,color,#4ff889,critical,metal_wood_05,metal,green,TRUE,3,TRUE,color & material,material
participant107,list3,low,description,irrelevant,the wooden bat,sound,#53f8bd,critical,metal_wood_09,wood,green,TRUE,1,FALSE,material,NA
participant107,list3,low,description,relevant,the blue and metal bat,sound,#4fc0f8,critical,metal_wood_05,metal,blue,TRUE,3,TRUE,color & material,color
participant107,list3,low,description,relevant,the green and wooden bat,sound,#4ff889,critical,metal_wood_08,wood,green,TRUE,3,TRUE,color & material,color
participant107,list3,high,description,base,the blue bat,color,#4fc0f8,critical,metal_wood_01,metal,blue,TRUE,1,FALSE,color,NA
participant107,list3,high,description,relevant,the blue and metal bat,sound,#4fc0f8,filler,metal_wood_01,metal,blue,TRUE,3,TRUE,color & material,color
participant107,list3,high,description,base,the green and metal bat,sound,#4ff889,critical,metal_wood_00,metal,green,TRUE,3,TRUE,color & material,color
participant107,list3,high,description,relevant,the blue bat,color,#4fc0f8,filler,metal_wood_09,wood,blue,TRUE,1,FALSE,color,NA
participant107,list3,high,description,base,the blue and wooden bat,sound,#4fc0f8,critical,metal_wood_09,wood,blue,TRUE,3,TRUE,color & material,color
participant107,list3,low,description,relevant,the blue and metal bat,sound,#4fc0f8,critical,metal_wood_05,metal,blue,TRUE,3,TRUE,color & material,color
participant107,list3,high,description,base,the green and wooden bat,color,#4ff889,critical,metal_wood_09,wood,green,TRUE,3,TRUE,color & material,material
participant107,list3,high,description,base,the blue bat,color,#4fc0f8,critical,metal_wood_09,wood,blue,TRUE,1,FALSE,color,NA
participant107,list3,low,description,relevant,the blue and wooden bat,sound,#4fc0f8,critical,metal_wood_08,wood,blue,TRUE,3,TRUE,color & material,color
participant107,list3,low,description,irrelevant,the wooden bat,sound,#53f8bd,critical,metal_wood_09,wood,green,TRUE,1,FALSE,material,NA
participant107,list3,low,description,irrelevant,the green bat,color,#4ff889,critical,metal_wood_08,wood,green,TRUE,1,FALSE,color,NA
participant107,list3,low,description,irrelevant,the green bat,color,#4ff889,critical,metal_wood_08,wood,green,TRUE,1,FALSE,color,NA
participant107,list3,high,description,relevant,the green bat,color,#4ff889,filler,metal_wood_09,wood,green,TRUE,1,FALSE,color,NA
participant107,list3,high,description,relevant,the metal bat,sound,#4fc0f8,filler,metal_wood_00,metal,blue,TRUE,1,FALSE,material,NA
participant107,list3,high,description,base,the green and wooden bat,sound,#4ff889,critical,metal_wood_09,wood,green,TRUE,3,TRUE,color & material,color
participant107,list3,high,description,base,the blue and wooden bat,sound,#4fc0f8,critical,metal_wood_09,wood,blue,TRUE,3,TRUE,color & material,color
participant107,list3,high,description,base,the blue bat,color,#4fc0f8,critical,metal_wood_00,metal,blue,TRUE,1,FALSE,color,NA
participant107,list3,high,description,relevant,the blue bat,color,#4fc0f8,filler,metal_wood_00,metal,blue,TRUE,1,FALSE,color,NA
participant107,list3,high,description,relevant,the green bat,color,#4ff889,filler,metal_wood_00,metal,green,TRUE,1,FALSE,color,NA
participant107,list3,low,description,irrelevant,the green and metal bat,color,#4ff889,critical,metal_wood_05,metal,green,TRUE,3,TRUE,color & material,material
participant107,list3,low,description,relevant,the blue bat,color,#4ff8dc,critical,metal_wood_09,wood,blue,TRUE,1,FALSE,color,NA
participant107,list3,high,description,base,the green bat,color,#4ff889,critical,metal_wood_01,metal,green,TRUE,1,FALSE,color,NA
participant107,list3,low,description,relevant,the blue bat,color,#4ff8dc,critical,metal_wood_00,metal,blue,TRUE,1,FALSE,color,NA
participant107,list3,low,description,relevant,the green and wooden bat,sound,#4ff889,critical,metal_wood_08,wood,green,TRUE,3,TRUE,color & material,color
participant107,list3,high,description,base,the bleu and metal bat,sound,#4fc0f8,critical,metal_wood_01,metal,blue,TRUE,3,TRUE,color & material,color
participant107,list3,low,description,irrelevant,the blue bat,color,#4fc0f8,critical,metal_wood_08,wood,blue,TRUE,1,FALSE,color,NA
participant107,list3,low,description,relevant,the green bat,color,#53f8bd,critical,metal_wood_00,metal,green,TRUE,1,FALSE,color,NA
participant107,list3,low,description,irrelevant,the blue bat,color,#4fc0f8,critical,metal_wood_05,metal,blue,TRUE,1,FALSE,color,NA
participant107,list3,low,description,relevant,the green bat,color,#53f8bd,critical,metal_wood_01,metal,green,TRUE,1,FALSE,color,NA
participant107,list3,low,description,irrelevant,the blue and metal bat,sound,#53f8bd,critical,metal_wood_09,wood,green,FALSE,3,TRUE,color & material,color
participant107,list3,low,description,relevant,the green bat,color,#53f8bd,critical,metal_wood_09,wood,green,TRUE,1,FALSE,color,NA
participant107,list3,low,description,relevant,the green and metal bat,sound,#4ff889,critical,metal_wood_05,metal,green,TRUE,3,TRUE,color & material,color
participant107,list3,low,description,irrelevant,the wooden bat,sound,#53f8bd,critical,metal_wood_09,wood,green,TRUE,1,FALSE,material,NA
participant107,list3,low,description,relevant,the blue and metal bat,sound,#4fc0f8,critical,metal_wood_08,wood,blue,FALSE,3,TRUE,color & material,color
participant107,list3,high,description,relevant,the green bat,color,#4ff889,filler,metal_wood_09,wood,green,TRUE,1,FALSE,color,NA
participant107,list3,low,description,irrelevant,the metal bat,sound,#4ff8dc,critical,metal_wood_00,metal,blue,TRUE,1,FALSE,material,NA
participant107,list3,low,description,irrelevant,the wooden bat,sound,#4ff8dc,critical,metal_wood_09,wood,blue,TRUE,1,FALSE,material,NA
participant107,list3,high,description,base,the green bat,color,#4ff889,critical,metal_wood_09,wood,green,TRUE,1,FALSE,color,NA
participant107,list3,low,description,relevant,the green and metal bat,sound,#4ff889,critical,metal_wood_05,metal,green,TRUE,3,TRUE,color & material,color
participant107,list3,low,description,irrelevant,the blue and wooden bat,color,#4ff889,critical,metal_wood_05,metal,green,FALSE,3,TRUE,color & material,material
participant107,list3,high,description,base,the green and metal bat,sound,#4ff889,critical,metal_wood_00,metal,green,TRUE,3,TRUE,color & material,color
participant107,list3,high,description,relevant,the green and wooden bat,sound,#4ff889,filler,metal_wood_09,wood,green,TRUE,3,TRUE,color & material,color
participant107,list3,low,description,relevant,the blue and metal bat,color,#4ff8dc,critical,metal_wood_01,metal,blue,TRUE,3,TRUE,color & material,material
participant108,list1,high,description,relevant,orange metal bat,sound,#f8dc4f,filler,metal_wood_00,metal,yellow,TRUE,2,TRUE,color & material,color
participant108,list1,high,description,relevant,orange wooden bat,color,#f8884f,filler,metal_wood_09,wood,orange,TRUE,2,TRUE,color & material,material
participant108,list1,high,description,relevant,yellow bat,color,#f8dc4f,filler,metal_wood_00,metal,yellow,TRUE,1,FALSE,color,NA
participant108,list1,low,description,relevant,orange bat,color,#fab750,critical,metal_wood_09,wood,orange,TRUE,1,FALSE,color,NA
participant108,list1,high,description,base,orange bat,color,#f8884f,critical,metal_wood_00,metal,orange,TRUE,1,FALSE,color,NA
participant108,list1,low,description,relevant,yellow bat,color,#fabe50,critical,metal_wood_01,metal,yellow,TRUE,1,FALSE,color,NA
participant108,list1,low,description,irrelevant,wood bat,sound,#fab750,critical,metal_wood_09,wood,orange,TRUE,1,FALSE,material,NA
participant108,list1,low,description,irrelevant,orange metal bat,sound,#fabe50,critical,metal_wood_00,metal,yellow,TRUE,2,TRUE,color & material,color
participant108,list1,low,description,relevant,wood bat,sound,#f8884f,critical,metal_wood_05,wood,orange,TRUE,1,FALSE,material,NA
participant108,list1,high,description,relevant,wood bat,sound,#f8884f,filler,metal_wood_09,wood,orange,TRUE,1,FALSE,material,NA
participant108,list1,low,description,irrelevant,wood orange bat,sound,#fab750,critical,metal_wood_09,wood,orange,TRUE,2,TRUE,color & material,color
participant108,list1,low,description,irrelevant,yellow bat,color,#f8dc4f,critical,metal_wood_02,metal,yellow,TRUE,1,FALSE,color,NA
participant108,list1,low,description,irrelevant,wood bat,sound,#fabe50,critical,metal_wood_09,wood,yellow,TRUE,1,FALSE,material,NA
participant108,list1,high,description,base,metal bat,sound,#f8dc4f,critical,metal_wood_01,metal,yellow,TRUE,1,FALSE,material,NA
participant108,list1,low,description,irrelevant,wood orange bat,color,#f8dc4f,critical,metal_wood_05,wood,yellow,FALSE,2,TRUE,color & material,material
participant108,list1,low,description,irrelevant,wood orange,color,#f8884f,critical,metal_wood_05,wood,orange,TRUE,2,TRUE,color & material,material
participant108,list1,high,description,base,orange,color,#f8884f,critical,metal_wood_09,wood,orange,TRUE,1,FALSE,color,NA
participant108,list1,low,description,relevant,yellow metal,color,#fabe50,critical,metal_wood_09,wood,yellow,TRUE,2,TRUE,color & material,material
participant108,list1,high,description,base,yellow metal,color,#f8dc4f,critical,metal_wood_00,metal,yellow,TRUE,2,TRUE,color & material,material
participant108,list1,low,description,relevant,orange,color,#fab750,critical,metal_wood_00,metal,orange,TRUE,1,FALSE,color,NA
participant108,list1,high,description,relevant,yellow,color,#f8dc4f,filler,metal_wood_01,metal,yellow,TRUE,1,FALSE,color,NA
participant108,list1,high,description,base,orange,color,#f8884f,critical,metal_wood_01,metal,orange,TRUE,1,FALSE,color,NA
participant108,list1,high,description,base,metal,sound,#f8dc4f,critical,metal_wood_00,metal,yellow,TRUE,1,FALSE,material,NA
participant108,list1,high,description,base,metal,sound,#f8884f,critical,metal_wood_00,metal,orange,TRUE,1,FALSE,material,NA
participant108,list1,low,description,relevant,wood,sound,#f8dc4f,critical,metal_wood_05,wood,yellow,TRUE,1,FALSE,material,NA
participant108,list1,low,description,relevant,metal,sound,#f8884f,critical,metal_wood_02,metal,orange,TRUE,1,FALSE,material,NA
participant108,list1,high,description,base,orange,color,#f8884f,critical,metal_wood_09,wood,orange,TRUE,1,FALSE,color,NA
participant108,list1,high,description,base,wood,sound,#f8884f,critical,metal_wood_09,wood,orange,TRUE,1,FALSE,material,NA
participant108,list1,high,description,relevant,metal,sound,#f8dc4f,filler,metal_wood_00,metal,yellow,TRUE,1,FALSE,material,NA
participant108,list1,high,description,base,wood,sound,#f8884f,critical,metal_wood_09,wood,orange,TRUE,1,FALSE,material,NA
participant108,list1,low,description,relevant,wood orange,sound,#f8884f,critical,metal_wood_05,wood,orange,TRUE,2,TRUE,color & material,color
participant108,list1,low,description,irrelevant,wood,sound,#fabe50,critical,metal_wood_09,wood,yellow,TRUE,1,FALSE,material,NA
participant108,list1,low,description,relevant,orange metal,color,#fab750,critical,metal_wood_00,metal,orange,TRUE,2,TRUE,color & material,material
participant108,list1,high,description,base,yellow,color,#f8dc4f,critical,metal_wood_01,metal,yellow,TRUE,1,FALSE,color,NA
participant108,list1,high,description,relevant,wood,sound,#f8dc4f,filler,metal_wood_09,wood,yellow,TRUE,1,FALSE,material,NA
participant108,list1,high,description,base,wood,sound,#f8884f,critical,metal_wood_09,wood,orange,TRUE,1,FALSE,material,NA
participant108,list1,high,description,relevant,wood,sound,#f8884f,filler,metal_wood_09,wood,orange,TRUE,1,FALSE,material,NA
participant108,list1,low,description,irrelevant,wood orange,color,#f8884f,critical,metal_wood_05,wood,orange,TRUE,2,TRUE,color & material,material
participant108,list1,low,description,irrelevant,orange wood,sound,#fab750,critical,metal_wood_09,wood,orange,TRUE,2,TRUE,color & material,color
participant108,list1,high,description,relevant,orange,color,#f8884f,filler,metal_wood_09,wood,orange,TRUE,1,FALSE,color,NA
participant108,list1,high,description,relevant,orange,color,#f8884f,filler,metal_wood_00,metal,orange,TRUE,1,FALSE,color,NA
participant108,list1,low,description,irrelevant,orange wood,sound,#fab750,critical,metal_wood_09,wood,orange,TRUE,2,TRUE,color & material,color
participant108,list1,high,description,base,yellow,color,#f8dc4f,critical,metal_wood_09,wood,yellow,TRUE,1,FALSE,color,NA
participant108,list1,low,description,relevant,metal,sound,#f8dc4f,critical,metal_wood_02,metal,yellow,TRUE,1,FALSE,material,NA
participant108,list1,low,description,relevant,wood orange,color,#fabe50,critical,metal_wood_09,wood,yellow,FALSE,2,TRUE,color & material,material
participant108,list1,low,description,irrelevant,orange,color,#f8884f,critical,metal_wood_05,wood,orange,TRUE,1,FALSE,color,NA
participant108,list1,low,description,relevant,orange metal,color,#fab750,critical,metal_wood_09,wood,orange,TRUE,2,TRUE,color & material,material
participant108,list1,low,description,irrelevant,orange,color,#f8884f,critical,metal_wood_02,metal,orange,TRUE,1,FALSE,color,NA
participant108,list1,high,description,base,yellow,color,#f8dc4f,critical,metal_wood_09,wood,yellow,TRUE,1,FALSE,color,NA
participant108,list1,low,description,relevant,yellow,color,#fabe50,critical,metal_wood_01,metal,yellow,TRUE,1,FALSE,color,NA
participant108,list1,high,description,relevant,orange metal,sound,#f8884f,filler,metal_wood_01,metal,orange,TRUE,2,TRUE,color & material,color
participant108,list1,high,description,relevant,yellow,color,#f8dc4f,filler,metal_wood_01,metal,yellow,TRUE,1,FALSE,color,NA
participant111,list4,high,description,relevant,a green bat,color,#4ff889,filler,metal_wood_01,metal,green,TRUE,1,FALSE,color,NA
participant111,list4,high,description,relevant,a green and wooden bat,sound,#4ff889,filler,metal_wood_09,wood,green,TRUE,3,TRUE,color & material,color
participant111,list4,low,description,relevant,a green and metal bat,color,#53f8c4,critical,metal_wood_01,metal,NA,TRUE,3,TRUE,color & material,material
participant111,list4,high,description,relevant,a blue and metal bat,sound,#4fc0f8,filler,metal_wood_00,metal,blue,TRUE,3,TRUE,color & material,color
participant111,list4,low,description,irrelevant,a bluish green metal bat,sound,#53f8c4,critical,metal_wood_01,metal,NA,TRUE,3,TRUE,color & material,color
participant111,list4,low,description,irrelevant,a blue wooden bat,color,#4fc0f8,critical,metal_wood_05,wood,blue,TRUE,2,TRUE,color & material,material
participant111,list4,high,description,base,a blue metal bat,color,#4fc0f8,critical,metal_wood_00,metal,blue,TRUE,2,TRUE,color & material,material
participant111,list4,high,description,relevant,a blue metal bat,color,#4fc0f8,filler,metal_wood_00,metal,blue,TRUE,2,TRUE,color & material,material
participant111,list4,high,description,relevant,a green metal bat,color,#4ff889,filler,metal_wood_01,metal,green,TRUE,2,TRUE,color & material,material
participant111,list4,high,description,base,a green metal bat,sound,#4ff889,critical,metal_wood_01,metal,green,TRUE,2,TRUE,color & material,color
participant111,list4,low,description,irrelevant,a blue wooden bat,color,#4fc0f8,critical,metal_wood_05,wood,blue,TRUE,2,TRUE,color & material,material
participant111,list4,low,description,irrelevant,a blue metal bat,color,#4fc0f8,critical,metal_wood_03,metal,blue,TRUE,2,TRUE,color & material,material
participant111,list4,low,description,irrelevant,a bluish green wooden bat,sound,#53f8c4,critical,metal_wood_08,wood,NA,TRUE,3,TRUE,color & material,color
participant111,list4,low,description,relevant,a green wooden bat,sound,#4ff889,critical,metal_wood_05,wood,green,TRUE,2,TRUE,color & material,color
participant111,list4,low,description,irrelevant,a green metal bat,color,#4ff889,critical,metal_wood_03,metal,green,TRUE,2,TRUE,color & material,material
participant111,list4,low,description,irrelevant,a bluish green wooden bat,sound,#53f8c4,critical,metal_wood_08,wood,NA,TRUE,3,TRUE,color & material,color
participant111,list4,high,description,base,a blue wooden bat,color,#4fc0f8,critical,metal_wood_08,wood,blue,TRUE,2,TRUE,color & material,material
participant111,list4,high,description,base,a green metal bat,color,#4ff889,critical,metal_wood_01,metal,green,TRUE,2,TRUE,color & material,material
participant111,list4,low,description,irrelevant,a bluish green wooden bat,sound,#53f8c4,critical,metal_wood_08,wood,NA,TRUE,3,TRUE,color & material,color
participant111,list4,high,description,relevant,a blue metal bat,sound,#4fc0f8,filler,metal_wood_00,metal,blue,TRUE,2,TRUE,color & material,color
participant111,list4,low,description,relevant,a blue wooden bat,sound,#4fc0f8,critical,metal_wood_05,wood,blue,TRUE,2,TRUE,color & material,color
participant111,list4,high,description,relevant,a blue wooden bat,sound,#4fc0f8,filler,metal_wood_08,wood,blue,TRUE,2,TRUE,color & material,color
participant111,list4,high,description,base,a blue wooden bat,sound,#4fc0f8,critical,metal_wood_08,wood,blue,TRUE,2,TRUE,color & material,color
participant111,list4,low,description,irrelevant,a blue metal bat,color,#4fc0f8,critical,metal_wood_03,metal,blue,TRUE,2,TRUE,color & material,material
participant111,list4,high,description,base,a blue wooden bat,sound,#4fc0f8,critical,metal_wood_09,wood,blue,TRUE,2,TRUE,color & material,color
participant111,list4,low,description,irrelevant,a bluish green metal bat,sound,#53f8c4,critical,metal_wood_01,metal,NA,TRUE,3,TRUE,color & material,color
participant111,list4,low,description,relevant,a bluish green wooden bat,color,#53f8c4,critical,metal_wood_08,wood,NA,TRUE,3,TRUE,color & material,material
participant111,list4,high,description,base,a blue bat,color,#4fc0f8,critical,metal_wood_08,wood,blue,TRUE,1,FALSE,color,NA
participant111,list4,low,description,relevant,a bluish green metal bat,color,#53f8c4,critical,metal_wood_08,wood,NA,TRUE,3,TRUE,color & material,material
participant111,list4,low,description,relevant,a blue metal bat,sound,#4fc0f8,critical,metal_wood_05,wood,blue,FALSE,2,TRUE,color & material,color
participant111,list4,high,description,relevant,a green bat,color,#4ff889,filler,metal_wood_09,wood,green,TRUE,1,FALSE,color,NA
participant111,list4,low,description,relevant,a greenish blue metal bat,color,#53f8c4,critical,metal_wood_01,metal,NA,TRUE,3,TRUE,color & material,material
participant111,list4,high,description,base,a green wooden bat,color,#4ff889,critical,metal_wood_08,wood,green,TRUE,2,TRUE,color & material,material
participant111,list4,low,description,irrelevant,a metal bat,sound,#53f8c4,critical,metal_wood_01,metal,NA,TRUE,1,FALSE,material,NA
participant111,list4,low,description,irrelevant,a green bat,color,#4ff889,critical,metal_wood_03,metal,green,TRUE,1,FALSE,color,NA
participant111,list4,high,description,relevant,a blue bat,color,#4fc0f8,filler,metal_wood_01,metal,blue,TRUE,1,FALSE,color,NA
participant111,list4,high,description,base,a green metal bat,color,#4ff889,critical,metal_wood_01,metal,green,TRUE,2,TRUE,color & material,material
participant111,list4,low,description,relevant,a greenish blue metal bat,color,#53f8c4,critical,metal_wood_00,metal,NA,TRUE,3,TRUE,color & material,material
participant111,list4,low,description,relevant,a blue wooden bat,sound,#4fc0f8,critical,metal_wood_05,wood,blue,TRUE,2,TRUE,color & material,color
participant111,list4,low,description,relevant,a green metal bat,sound,#4ff889,critical,metal_wood_03,metal,green,TRUE,2,TRUE,color & material,color
participant111,list4,high,description,base,a green metal bat,sound,#4ff889,critical,metal_wood_01,metal,green,TRUE,2,TRUE,color & material,color
participant111,list4,high,description,base,a green metal bat,sound,#4ff889,critical,metal_wood_00,metal,green,TRUE,2,TRUE,color & material,color
participant111,list4,low,description,irrelevant,a green bat,color,#4ff889,critical,metal_wood_05,wood,green,TRUE,1,FALSE,color,NA
participant111,list4,low,description,relevant,a green metal bat,sound,#4ff889,critical,metal_wood_03,metal,green,TRUE,2,TRUE,color & material,color
participant111,list4,low,description,irrelevant,a bluish green metal bat,sound,#53f8c4,critical,metal_wood_00,metal,NA,TRUE,3,TRUE,color & material,color
participant111,list4,low,description,relevant,a green metal bat,sound,#4ff889,critical,metal_wood_03,metal,green,TRUE,2,TRUE,color & material,color
participant111,list4,high,description,relevant,a blue bat,color,#4fc0f8,filler,metal_wood_00,metal,blue,TRUE,1,FALSE,color,NA
participant111,list4,high,description,base,a blue bat,color,#4fc0f8,critical,metal_wood_09,wood,blue,TRUE,1,FALSE,color,NA
participant111,list4,low,description,relevant,a greenish blue wooden bat,color,#53f8c4,critical,metal_wood_08,wood,NA,TRUE,3,TRUE,color & material,material
participant111,list4,low,description,irrelevant,a blue wooden bat,color,#4fc0f8,critical,metal_wood_05,wood,blue,TRUE,2,TRUE,color & material,material
participant111,list4,high,description,base,a green wooden bat,sound,#4ff889,critical,metal_wood_09,wood,green,TRUE,2,TRUE,color & material,color
participant111,list4,low,description,relevant,a bluish green wooden bat,color,#53f8c4,critical,metal_wood_09,wood,NA,TRUE,3,TRUE,color & material,material
participant111,list4,high,description,base, a green bat,color,#4ff889,critical,metal_wood_01,metal,green,TRUE,1,FALSE,color,NA
participant111,list4,low,description,relevant,a greenish blue metal bat,color,#53f8c4,critical,metal_wood_01,metal,NA,TRUE,3,TRUE,color & material,material
participant111,list4,high,description,relevant,a blue metal bat,sound,#4fc0f8,filler,metal_wood_01,metal,blue,TRUE,2,TRUE,color & material,color
participant112,list2,high,description,relevant,yellow metal bat,color,#f8dc4f,filler,metal_wood_08,wood,yellow,TRUE,2,TRUE,color & material,material
participant112,list2,high,description,relevant,orange metal bat,sound,#f8884f,filler,metal_wood_00,metal,orange,TRUE,2,TRUE,color & material,color
participant112,list2,high,description,base,yellow wood bat,sound,#f8dc4f,critical,metal_wood_08,wood,yellow,TRUE,2,TRUE,color & material,color
participant112,list2,low,description,irrelevant,yellow wood bat,sound,#f9c550,critical,metal_wood_09,wood,yellow,TRUE,2,TRUE,color & material,color
participant112,list2,low,description,irrelevant,yellow wood bat,color,#f8dc4f,critical,metal_wood_05,wood,yellow,TRUE,2,TRUE,color & material,material
participant112,list2,low,description,irrelevant,orange bat,color,#f8884f,critical,metal_wood_05,wood,orange,TRUE,1,FALSE,color,NA
participant112,list2,low,description,irrelevant,the metal bat,sound,#fac050,critical,metal_wood_09,wood,orange,FALSE,1,FALSE,material,NA
participant112,list2,high,description,base,yellow metal bat,color,#f8dc4f,critical,metal_wood_01,metal,yellow,TRUE,2,TRUE,color & material,material
participant112,list2,low,description,relevant,orange wood bat,sound,#f8884f,critical,metal_wood_05,wood,orange,TRUE,2,TRUE,color & material,color
participant112,list2,high,description,relevant,wood bat,sound,#f8dc4f,filler,metal_wood_09,wood,yellow,TRUE,1,FALSE,material,NA
participant112,list2,low,description,relevant,orange metal bat,color,#fac050,critical,metal_wood_00,metal,orange,TRUE,2,TRUE,color & material,material
participant112,list2,high,description,relevant,wood bat,sound,#f8884f,filler,metal_wood_08,wood,orange,TRUE,1,FALSE,material,NA
participant112,list2,low,description,irrelevant,orange bat,color,#f8884f,critical,metal_wood_05,wood,orange,TRUE,1,FALSE,color,NA
participant112,list2,high,description,base,metal orange bat,color,#f8884f,critical,metal_wood_01,metal,orange,TRUE,2,TRUE,color & material,material
participant112,list2,high,description,base,orange bat,color,#f8884f,critical,metal_wood_08,wood,orange,TRUE,1,FALSE,color,NA
participant112,list2,low,description,relevant,orange bat,color,#fac050,critical,metal_wood_08,wood,orange,TRUE,1,FALSE,color,NA
participant112,list2,low,description,relevant,yellow bat,color,#f9c550,critical,metal_wood_01,metal,yellow,TRUE,1,FALSE,color,NA
participant112,list2,low,description,irrelevant,wood bat,sound,#f9c550,critical,metal_wood_08,wood,yellow,TRUE,1,FALSE,material,NA
participant112,list2,low,description,irrelevant,metal orange bat,sound,#f9c550,critical,metal_wood_00,metal,yellow,TRUE,2,TRUE,color & material,color
participant112,list2,high,description,relevant,orange bat,color,#f8884f,filler,metal_wood_00,metal,orange,TRUE,1,FALSE,color,NA
participant112,list2,low,description,relevant,orange metal bat,sound,#f8884f,critical,metal_wood_05,wood,orange,FALSE,2,TRUE,color & material,color
participant112,list2,low,description,relevant,wood yellow bat,color,#f9c550,critical,metal_wood_08,wood,yellow,TRUE,2,TRUE,color & material,material
participant112,list2,low,description,irrelevant,wood bat,sound,#fac050,critical,metal_wood_09,wood,orange,TRUE,1,FALSE,material,NA
participant112,list2,low,description,irrelevant,yellow bat,color,#f8dc4f,critical,metal_wood_02,metal,yellow,TRUE,1,FALSE,color,NA
participant112,list2,low,description,irrelevant,yellow bat,color,#f8dc4f,critical,metal_wood_05,wood,yellow,TRUE,1,FALSE,color,NA
participant112,list2,high,description,relevant,yellow bat,color,#f8dc4f,filler,metal_wood_01,metal,yellow,TRUE,1,FALSE,color,NA
participant112,list2,low,description,relevant,orange bat,color,#fac050,critical,metal_wood_09,wood,orange,TRUE,1,FALSE,color,NA
participant112,list2,high,description,base,orange bat,color,#f8884f,critical,metal_wood_09,wood,orange,TRUE,1,FALSE,color,NA
participant112,list2,high,description,relevant,wood bat,sound,#f8dc4f,filler,metal_wood_08,wood,yellow,TRUE,1,FALSE,material,NA
participant112,list2,high,description,base,orange bat,color,#f8884f,critical,metal_wood_00,metal,orange,TRUE,1,FALSE,color,NA
participant112,list2,low,description,relevant,orange metal bat,sound,#f8884f,critical,metal_wood_02,metal,orange,TRUE,2,TRUE,color & material,color
participant112,list2,high,description,base,metal bat,sound,#f8dc4f,critical,metal_wood_00,metal,yellow,TRUE,1,FALSE,material,NA
participant112,list2,low,description,relevant,metal bat,sound,#f8dc4f,critical,metal_wood_02,metal,yellow,TRUE,1,FALSE,material,NA
participant112,list2,high,description,base,yellow bat,color,#f8dc4f,critical,metal_wood_09,wood,yellow,TRUE,1,FALSE,color,NA
participant112,list2,low,description,irrelevant,wood bat,sound,#fac050,critical,metal_wood_09,wood,orange,TRUE,1,FALSE,material,NA
participant112,list2,low,description,relevant,metal bat,sound,#f8dc4f,critical,metal_wood_02,metal,yellow,TRUE,1,FALSE,material,NA
participant112,list2,high,description,base,yellow metal bat,sound,#f8dc4f,critical,metal_wood_00,metal,yellow,TRUE,2,TRUE,color & material,color
participant112,list2,low,description,relevant,yellow wood bat,color,#f9c550,critical,metal_wood_01,metal,yellow,TRUE,2,TRUE,color & material,material
participant112,list2,low,description,relevant,yellow metal bat,sound,#f8dc4f,critical,metal_wood_02,metal,yellow,TRUE,2,TRUE,color & material,color
participant112,list2,low,description,irrelevant,orange bat,color,#f8884f,critical,metal_wood_02,metal,orange,TRUE,1,FALSE,color,NA
participant112,list2,high,description,relevant,orange bat,color,#f8884f,filler,metal_wood_09,wood,orange,TRUE,1,FALSE,color,NA
participant112,list2,high,description,base,yellow bat,color,#f8dc4f,critical,metal_wood_08,wood,yellow,TRUE,1,FALSE,color,NA
participant112,list2,low,description,irrelevant,yellow wood bat,color,#f8dc4f,critical,metal_wood_02,metal,yellow,TRUE,2,TRUE,color & material,material
participant112,list2,low,description,irrelevant,yellow metal bat,color,#f8dc4f,critical,metal_wood_02,metal,yellow,TRUE,2,TRUE,color & material,material
participant112,list2,high,description,relevant,yellow metal bat,sound,#f8dc4f,filler,metal_wood_00,metal,yellow,TRUE,2,TRUE,color & material,color
participant112,list2,high,description,base,wood bat,sound,#f8884f,critical,metal_wood_09,wood,orange,TRUE,1,FALSE,material,NA
participant112,list2,low,description,relevant,yellow wood bat,sound,#f8dc4f,critical,metal_wood_05,wood,yellow,TRUE,2,TRUE,color & material,color
participant112,list2,high,description,relevant,yellow bat,color,#f8dc4f,filler,metal_wood_08,wood,yellow,TRUE,1,FALSE,color,NA
participant112,list2,high,description,base,wood orange bat,sound,#f8884f,critical,metal_wood_08,wood,orange,TRUE,2,TRUE,color & material,color
participant112,list2,low,description,relevant,wood yellow bat,sound,#f8dc4f,critical,metal_wood_05,wood,yellow,TRUE,2,TRUE,color & material,color
participant112,list2,high,description,relevant,orange bat,color,#f8884f,filler,metal_wood_01,metal,orange,TRUE,1,FALSE,color,NA
participant112,list2,high,description,base,yellow bat,color,#f8dc4f,critical,metal_wood_01,metal,yellow,TRUE,1,FALSE,color,NA
participant112,list2,low,description,irrelevant,wood bat,sound,#f9c550,critical,metal_wood_09,wood,yellow,TRUE,1,FALSE,material,NA
participant112,list2,low,description,relevant,wood yellow bat,color,#f9c550,critical,metal_wood_08,wood,yellow,TRUE,2,TRUE,color & material,material
participant112,list2,high,description,base,metal bat,sound,#f8884f,critical,metal_wood_01,metal,orange,TRUE,1,FALSE,material,NA
participant112,list2,low,description,relevant,orange metal bat,color,#fac050,critical,metal_wood_00,metal,orange,TRUE,2,TRUE,color & material,material
participant113,list1,high,description,relevant,yellow metal bat,sound,#f8dc4f,filler,metal_wood_00,metal,yellow,TRUE,2,TRUE,color & material,color
participant113,list1,high,description,relevant,orange wooden bat,color,#f8884f,filler,metal_wood_08,wood,orange,TRUE,2,TRUE,color & material,material
participant113,list1,high,description,base,yellow wooden bat,color,#f8dc4f,critical,metal_wood_09,wood,yellow,TRUE,2,TRUE,color & material,material
participant113,list1,high,description,relevant,yellow metal bat,sound,#f8dc4f,filler,metal_wood_00,metal,yellow,TRUE,2,TRUE,color & material,color
participant113,list1,high,description,base,orange wooden bat ,sound,#f8dc4f,critical,metal_wood_08,wood,yellow,TRUE,2,TRUE,color & material,color
participant113,list1,high,description,relevant,yellow metal bat ,color,#f8dc4f,filler,metal_wood_00,metal,yellow,TRUE,2,TRUE,color & material,material
participant113,list1,high,description,base,orange metal bat,sound,#f8884f,critical,metal_wood_00,metal,orange,TRUE,2,TRUE,color & material,color
participant113,list1,high,description,base,yellow wooden bat,color,#f8dc4f,critical,metal_wood_08,wood,yellow,TRUE,2,TRUE,color & material,material
participant113,list1,low,description,irrelevant,orange wooden bat,sound,#fab650,critical,metal_wood_09,wood,orange,TRUE,2,TRUE,color & material,color
participant113,list1,low,description,irrelevant,orange metal bat,sound,#fabb50,critical,metal_wood_00,metal,yellow,TRUE,2,TRUE,color & material,color
participant113,list1,high,description,relevant,yellow metal bat,sound,#f8dc4f,filler,metal_wood_01,metal,yellow,TRUE,2,TRUE,color & material,color
participant113,list1,low,description,relevant,orange metal bat ,color,#fab650,critical,metal_wood_00,metal,orange,TRUE,2,TRUE,color & material,material
participant113,list1,low,description,relevant,orange metal bat ,sound,#f8884f,critical,metal_wood_02,metal,orange,TRUE,2,TRUE,color & material,color
participant113,list1,low,description,relevant,orange wooden bat,sound,#f8dc4f,critical,metal_wood_08,wood,yellow,TRUE,2,TRUE,color & material,color
participant113,list1,high,description,base,yellow wooden bat ,sound,#f8dc4f,critical,metal_wood_08,wood,yellow,TRUE,2,TRUE,color & material,color
participant113,list1,low,description,relevant,yellow wooden bat,sound,#f8dc4f,critical,metal_wood_08,wood,yellow,TRUE,2,TRUE,color & material,color
participant113,list1,high,description,relevant,orange metal bat ,color,#f8884f,filler,metal_wood_00,metal,orange,TRUE,2,TRUE,color & material,material
participant113,list1,high,description,base,orange metal bat ,sound,#f8884f,critical,metal_wood_01,metal,orange,TRUE,2,TRUE,color & material,color
participant113,list1,high,description,base,yellow metal wood ,sound,#f8dc4f,critical,metal_wood_01,metal,yellow,TRUE,3,TRUE,color & material,color
participant113,list1,low,description,irrelevant,orange metal bat ,color,#f8884f,critical,metal_wood_02,metal,orange,TRUE,2,TRUE,color & material,material
participant113,list1,low,description,irrelevant,orange metal ,sound,#fab650,critical,metal_wood_00,metal,orange,TRUE,2,TRUE,color & material,color
participant113,list1,low,description,relevant,orange metal bat,sound,#f8dc4f,critical,metal_wood_02,metal,yellow,TRUE,2,TRUE,color & material,color
participant113,list1,high,description,base,yellow wooden metal ,sound,#f8dc4f,critical,metal_wood_09,wood,yellow,TRUE,3,TRUE,color & material,color
participant113,list1,low,description,irrelevant,orange metal bat,sound,#fabb50,critical,metal_wood_00,metal,yellow,TRUE,2,TRUE,color & material,color
participant113,list1,low,description,irrelevant,yellow wooden bat ,color,#f8dc4f,critical,metal_wood_02,metal,yellow,TRUE,2,TRUE,color & material,material
participant113,list1,high,description,relevant,orange metal bat ,color,#f8884f,filler,metal_wood_01,metal,orange,TRUE,2,TRUE,color & material,material
participant113,list1,low,description,relevant,orange wooden bat ,color,#fabb50,critical,metal_wood_08,wood,yellow,FALSE,2,TRUE,color & material,material
participant113,list1,low,description,irrelevant,yellow wooden bat ,color,#f8dc4f,critical,metal_wood_08,wood,yellow,TRUE,2,TRUE,color & material,material
participant113,list1,low,description,irrelevant,yellow wooden bat ,sound,#fabb50,critical,metal_wood_08,wood,yellow,TRUE,2,TRUE,color & material,color
participant113,list1,high,description,base,orange wooden bat ,color,#f8884f,critical,metal_wood_08,wood,orange,TRUE,2,TRUE,color & material,material
participant113,list1,low,description,irrelevant,yellow metal bat ,color,#f8dc4f,critical,metal_wood_02,metal,yellow,TRUE,2,TRUE,color & material,material
participant113,list1,low,description,relevant,yellow wooden bat ,sound,#f8dc4f,critical,metal_wood_08,wood,yellow,TRUE,2,TRUE,color & material,color
participant113,list1,low,description,relevant,yellow wooden bat,color,#fab650,critical,metal_wood_09,wood,orange,FALSE,2,TRUE,color & material,material
participant113,list1,low,description,relevant,yellow wooden bat ,sound,#f8dc4f,critical,metal_wood_08,wood,yellow,TRUE,2,TRUE,color & material,color
participant113,list1,low,description,relevant,orange metal bat,color,#fab650,critical,metal_wood_01,metal,orange,TRUE,2,TRUE,color & material,material
participant113,list1,low,description,relevant,orange metal bat ,color,#fabb50,critical,metal_wood_01,metal,yellow,FALSE,2,TRUE,color & material,material
participant113,list1,high,description,relevant,orange wooden bat ,sound,#f8884f,filler,metal_wood_08,wood,orange,TRUE,2,TRUE,color & material,color
participant113,list1,low,description,irrelevant,yellow wooden bat,color,#f8884f,critical,metal_wood_08,wood,orange,FALSE,2,TRUE,color & material,material
participant113,list1,high,description,base,orange metal bat ,color,#f8884f,critical,metal_wood_01,metal,orange,TRUE,2,TRUE,color & material,material
participant113,list1,high,description,relevant,yellow metal bat,color,#f8dc4f,filler,metal_wood_00,metal,yellow,TRUE,2,TRUE,color & material,material
participant113,list1,high,description,base,yellow metal bat ,color,#f8dc4f,critical,metal_wood_01,metal,yellow,TRUE,2,TRUE,color & material,material
participant113,list1,low,description,irrelevant,orange wooden bat ,sound,#fab650,critical,metal_wood_09,wood,orange,TRUE,2,TRUE,color & material,color
participant113,list1,high,description,base,yellow wooden bat ,sound,#f8dc4f,critical,metal_wood_09,wood,yellow,TRUE,2,TRUE,color & material,color
participant113,list1,high,description,relevant,yellow metal bat ,color,#f8dc4f,filler,metal_wood_00,metal,yellow,TRUE,2,TRUE,color & material,material
participant113,list1,low,description,irrelevant,orange wooden bat,sound,#fab650,critical,metal_wood_09,wood,orange,TRUE,2,TRUE,color & material,color
participant113,list1,low,description,relevant,orange metal bat ,sound,#f8884f,critical,metal_wood_02,metal,orange,TRUE,2,TRUE,color & material,color
participant113,list1,low,description,relevant,orange metal bat ,color,#fabb50,critical,metal_wood_00,metal,yellow,FALSE,2,TRUE,color & material,material
participant113,list1,low,description,irrelevant,yellow metal bat ,sound,#fabb50,critical,metal_wood_00,metal,yellow,TRUE,2,TRUE,color & material,color
participant113,list1,high,description,relevant,yellow wooden bat ,sound,#f8dc4f,filler,metal_wood_09,wood,yellow,TRUE,2,TRUE,color & material,color
participant113,list1,low,description,relevant,yellow wooden bat ,color,#fab650,critical,metal_wood_09,wood,orange,FALSE,2,TRUE,color & material,material
participant113,list1,low,description,relevant,orange metal bat,sound,#f8884f,critical,metal_wood_02,metal,orange,TRUE,2,TRUE,color & material,color
participant113,list1,high,description,base,orange metal bat ,sound,#f8884f,critical,metal_wood_00,metal,orange,TRUE,2,TRUE,color & material,color
participant113,list1,low,description,relevant,yellow wood bat ,color,#fabb50,critical,metal_wood_09,wood,yellow,TRUE,2,TRUE,color & material,material
participant113,list1,low,description,irrelevant,orange wood bat ,color,#f8884f,critical,metal_wood_08,wood,orange,TRUE,2,TRUE,color & material,material
participant113,list1,high,description,base,yellow wood bat ,color,#f8dc4f,critical,metal_wood_01,metal,yellow,TRUE,2,TRUE,color & material,material
participant113,list1,high,description,base,orange metal bat ,color,#f8884f,critical,metal_wood_01,metal,orange,TRUE,2,TRUE,color & material,material
participant113,list1,low,description,irrelevant,orange wood bat ,color,#f8884f,critical,metal_wood_08,wood,orange,TRUE,2,TRUE,color & material,material
participant113,list1,low,description,irrelevant,orange metal bat ,color,#f8884f,critical,metal_wood_02,metal,orange,TRUE,2,TRUE,color & material,material
participant113,list1,high,description,relevant,yellow wooden bat ,sound,#f8dc4f,filler,metal_wood_09,wood,yellow,TRUE,2,TRUE,color & material,color
participant114,list1,high,description,relevant,the yellow bat.,color,#f8dc4f,filler,metal_wood_00,metal,yellow,TRUE,2,TRUE,color,material
participant114,list1,high,description,relevant,the wooden bat.,sound,#f8884f,filler,metal_wood_08,wood,orange,TRUE,2,TRUE,material,color
participant114,list1,low,description,relevant,the orange wooden bat.,sound,#f8884f,critical,metal_wood_03,metal,orange,FALSE,3,TRUE,color & material,color
participant114,list1,high,description,relevant,the metal bat.,sound,#f8dc4f,filler,metal_wood_00,metal,yellow,TRUE,2,TRUE,material,color
participant114,list1,high,description,relevant,the orange wooden bat.,color,#f8884f,filler,metal_wood_08,wood,orange,TRUE,3,TRUE,color & material,material
participant114,list1,high,description,base,the metal yellow bat.,sound,#f8dc4f,critical,metal_wood_01,metal,yellow,TRUE,3,TRUE,color & material,color
participant114,list1,low,description,relevant,the metal yellow bat.,sound,#f8dc4f,critical,metal_wood_03,metal,yellow,TRUE,3,TRUE,color & material,color
participant114,list1,low,description,relevant,the wooden bat.,sound,#f8884f,critical,metal_wood_07,wood,orange,TRUE,2,TRUE,material,color
participant114,list1,low,description,irrelevant,the metal bat,sound,#f9c550,critical,metal_wood_00,metal,orange,TRUE,1,FALSE,material,NA
participant114,list1,low,description,irrelevant,the wooden bat.,sound,#f9c550,critical,metal_wood_09,wood,orange,TRUE,2,TRUE,material,color
participant114,list1,high,description,base,the metal yellow bat,color,#f8dc4f,critical,metal_wood_01,metal,yellow,TRUE,2,TRUE,color & material,material
participant114,list1,low,description,relevant,the yellow bat,color,#f9ca50,critical,metal_wood_00,metal,yellow,TRUE,1,FALSE,color,NA
participant114,list1,low,description,irrelevant,the wooden orange bat,color,#f8dc4f,critical,metal_wood_03,metal,yellow,FALSE,2,TRUE,color & material,material
participant114,list1,low,description,irrelevant,the orange bat,color,#f8884f,critical,metal_wood_07,wood,orange,TRUE,1,FALSE,color,NA
participant114,list1,low,description,relevant,the metal orange bat,sound,#f8884f,critical,metal_wood_03,metal,orange,TRUE,2,TRUE,color & material,color
participant114,list1,high,description,base,the wooden orange bat,sound,#f8884f,critical,metal_wood_09,wood,orange,TRUE,2,TRUE,color & material,color
participant114,list1,high,description,base,the wooden orange bat,sound,#f8884f,critical,metal_wood_09,wood,orange,TRUE,2,TRUE,color & material,color
participant114,list1,high,description,base,the orange bat,color,#f8884f,critical,metal_wood_01,metal,orange,TRUE,1,FALSE,color,NA
participant114,list1,low,description,relevant,the wooden orange bat,sound,#f8884f,critical,metal_wood_07,wood,orange,TRUE,2,TRUE,color & material,color
participant114,list1,low,description,irrelevant,the metal yellow bat,sound,#f9c550,critical,metal_wood_00,metal,orange,TRUE,2,TRUE,color & material,color
participant114,list1,high,description,base,the wooden orange bat,sound,#f8884f,critical,metal_wood_08,wood,orange,TRUE,2,TRUE,color & material,color
participant114,list1,low,description,irrelevant,the yellow bat,color,#f8dc4f,critical,metal_wood_07,wood,yellow,TRUE,1,FALSE,color,NA
participant114,list1,low,description,relevant,the yellow bat,color,#f9ca50,critical,metal_wood_01,metal,yellow,TRUE,1,FALSE,color,NA
participant114,list1,low,description,relevant,the orange bat,color,#f9c550,critical,metal_wood_01,metal,orange,TRUE,1,FALSE,color,NA
participant114,list1,low,description,relevant,the metal yellow bat,color,#f9c550,critical,metal_wood_00,metal,orange,FALSE,2,TRUE,color & material,material
participant114,list1,low,description,relevant,the metal yellow bat,sound,#f8dc4f,critical,metal_wood_03,metal,yellow,TRUE,2,TRUE,color & material,color
participant114,list1,high,description,base,the metal yellow bat,sound,#f8dc4f,critical,metal_wood_01,metal,yellow,TRUE,2,TRUE,color & material,color
participant114,list1,high,description,base,the orange bat,color,#f8884f,critical,metal_wood_08,wood,orange,TRUE,1,FALSE,color,NA
participant114,list1,high,description,base,the metal orange bat,sound,#f8884f,critical,metal_wood_01,metal,orange,TRUE,2,TRUE,color & material,color
participant114,list1,high,description,base,the yellow bat,color,#f8dc4f,critical,metal_wood_01,metal,yellow,TRUE,1,FALSE,color,NA
participant114,list1,low,description,irrelevant,the metal bat,sound,#f9ca50,critical,metal_wood_01,metal,yellow,TRUE,1,FALSE,material,NA
participant114,list1,high,description,relevant,the metal bat,sound,#f8884f,filler,metal_wood_01,metal,orange,TRUE,1,FALSE,material,NA
participant114,list1,high,description,relevant,the metal bat,sound,#f8dc4f,filler,metal_wood_00,metal,yellow,TRUE,1,FALSE,material,NA
participant114,list1,low,description,irrelevant,the yellow metal bat,sound,#f9c550,critical,metal_wood_01,metal,orange,TRUE,2,TRUE,color & material,color
participant114,list1,low,description,irrelevant,the metal bat,sound,#f9ca50,critical,metal_wood_01,metal,yellow,TRUE,1,FALSE,material,NA
participant114,list1,low,description,irrelevant,the yellow bat,color,#f8dc4f,critical,metal_wood_03,metal,yellow,TRUE,1,FALSE,color,NA
participant114,list1,low,description,relevant,the orange wooden bat,color,#f9c550,critical,metal_wood_00,metal,orange,TRUE,2,TRUE,color & material,material
participant114,list1,low,description,irrelevant,the orange bat,color,#f8884f,critical,metal_wood_03,metal,orange,TRUE,1,FALSE,color,NA
participant114,list1,high,description,relevant,the wooden bat,sound,#f8884f,filler,metal_wood_09,wood,orange,TRUE,1,FALSE,material,NA
participant114,list1,high,description,base,the yellow bat,color,#f8dc4f,critical,metal_wood_01,metal,yellow,TRUE,1,FALSE,color,NA
participant114,list1,high,description,base,the wooden orange bat,sound,#f8884f,critical,metal_wood_09,wood,orange,TRUE,2,TRUE,color & material,color
participant114,list1,low,description,relevant,the wooden orange bat,sound,#f8884f,critical,metal_wood_07,wood,orange,TRUE,2,TRUE,color & material,color
participant114,list1,high,description,relevant,the yellow bat,color,#f8dc4f,filler,metal_wood_00,metal,yellow,TRUE,1,FALSE,color,NA
participant114,list1,low,description,relevant,the yellow bat,color,#f9ca50,critical,metal_wood_08,wood,yellow,TRUE,1,FALSE,color,NA
participant114,list1,low,description,irrelevant,the wooden bat,sound,#f9ca50,critical,metal_wood_01,metal,yellow,FALSE,1,FALSE,material,NA
participant114,list1,low,description,irrelevant,the wooden yellow bat,sound,#f9ca50,critical,metal_wood_09,wood,yellow,TRUE,2,TRUE,color & material,color
participant114,list1,low,description,irrelevant,the wooden yellow bat,color,#f8dc4f,critical,metal_wood_07,wood,yellow,TRUE,2,TRUE,color & material,material
participant114,list1,low,description,irrelevant,the yellow bat,color,#f8dc4f,critical,metal_wood_07,wood,yellow,TRUE,1,FALSE,color,NA
participant114,list1,high,description,base,the orange bat,color,#f8884f,critical,metal_wood_01,metal,orange,TRUE,1,FALSE,color,NA
participant114,list1,high,description,relevant,the orange bat,color,#f8884f,filler,metal_wood_01,metal,orange,TRUE,1,FALSE,color,NA
participant114,list1,high,description,base,the orange metal bat,sound,#f8884f,critical,metal_wood_01,metal,orange,TRUE,2,TRUE,color & material,color
participant114,list1,high,description,relevant,the wooden orange bat,sound,#f8884f,filler,metal_wood_08,wood,orange,TRUE,2,TRUE,color & material,color
participant114,list1,low,description,relevant,the wooden yellow bat,color,#f9c550,critical,metal_wood_09,wood,orange,FALSE,2,TRUE,color & material,material
participant114,list1,high,description,relevant,the wooden orange bat,color,#f8884f,filler,metal_wood_08,wood,orange,TRUE,2,TRUE,color & material,material
participant114,list1,high,description,base,the wooden yellow bat,color,#f8dc4f,critical,metal_wood_09,wood,yellow,TRUE,2,TRUE,color & material,material
participant114,list1,high,description,relevant,the wooden yellow bat,color,#f8dc4f,filler,metal_wood_01,metal,yellow,TRUE,2,TRUE,color & material,material
participant114,list1,low,description,relevant,the wooden orange bat,sound,#f8884f,critical,metal_wood_07,wood,orange,TRUE,2,TRUE,color & material,color
participant114,list1,high,description,base,the wooden orange bat,color,#f8884f,critical,metal_wood_00,metal,orange,TRUE,2,TRUE,color & material,material
participant115,list4,high,description,relevant,the green wood bat,sound,#4ff889,filler,metal_wood_09,wood,green,TRUE,2,TRUE,color & material,color
participant115,list4,high,description,base,the green and wood bat,sound,#4ff889,critical,metal_wood_08,wood,green,TRUE,3,TRUE,color & material,color
participant115,list4,high,description,relevant,the blue and metal bat,color,#4fc0f8,filler,metal_wood_00,metal,blue,TRUE,3,TRUE,color & material,material
participant115,list4,low,description,relevant,the blue metal bat,color,#53e4e6,critical,metal_wood_01,metal,green,FALSE,2,TRUE,color & material,material
participant115,list4,high,description,relevant,the blue metal bat,sound,#4fc0f8,filler,metal_wood_00,metal,blue,TRUE,2,TRUE,color & material,color
participant115,list4,low,description,irrelevant,green wood bat,color,#4ff889,critical,metal_wood_08,wood,green,TRUE,2,TRUE,color & material,material
participant115,list4,low,description,irrelevant,blue wood bat,sound,#54dbeb,critical,metal_wood_08,wood,blue,TRUE,2,TRUE,color & material,color
participant115,list4,low,description,relevant,blue metal bat,color,#54dbeb,critical,metal_wood_01,metal,blue,TRUE,2,TRUE,color & material,material
participant115,list4,high,description,relevant,blue wood bat,color,#4fc0f8,filler,metal_wood_08,wood,blue,TRUE,2,TRUE,color & material,material
participant115,list4,low,description,relevant,blue wood bat,sound,#4ff889,critical,metal_wood_08,wood,green,TRUE,2,TRUE,color & material,color
participant115,list4,high,description,base,green metal bat,color,#4ff889,critical,metal_wood_08,wood,green,TRUE,2,TRUE,color & material,material
participant115,list4,high,description,base,blue wood bat,color,#4fc0f8,critical,metal_wood_09,wood,blue,TRUE,2,TRUE,color & material,material
participant115,list4,low,description,relevant,blue wood bat,sound,#4fc0f8,critical,metal_wood_08,wood,blue,TRUE,2,TRUE,color & material,color
participant115,list4,low,description,irrelevant,green metal bat,color,#4ff889,critical,metal_wood_04,metal,green,TRUE,2,TRUE,color & material,material
participant115,list4,high,description,relevant,blue metal bat,color,#4fc0f8,filler,metal_wood_01,metal,blue,TRUE,2,TRUE,color & material,material
participant115,list4,low,description,relevant,green wood,color,#53e4e6,critical,metal_wood_09,wood,green,TRUE,2,TRUE,color & material,material
participant115,list4,low,description,relevant,green wood,color,#54dbeb,critical,metal_wood_08,wood,blue,FALSE,2,TRUE,color & material,material
participant115,list4,low,description,relevant,green wood,sound,#4ff889,critical,metal_wood_08,wood,green,TRUE,2,TRUE,color & material,color
participant115,list4,low,description,irrelevant,blue wood,sound,#53e4e6,critical,metal_wood_09,wood,green,TRUE,2,TRUE,color & material,color
participant115,list4,low,description,irrelevant,blue metal,color,#4fc0f8,critical,metal_wood_04,metal,blue,TRUE,2,TRUE,color & material,material
participant115,list4,low,description,irrelevant,green wood,color,#4ff889,critical,metal_wood_08,wood,green,TRUE,2,TRUE,color & material,material
participant115,list4,high,description,base,green wood,color,#4ff889,critical,metal_wood_09,wood,green,TRUE,2,TRUE,color & material,material
participant115,list4,low,description,relevant,blue metal,sound,#4fc0f8,critical,metal_wood_04,metal,blue,TRUE,2,TRUE,color & material,color
participant115,list4,low,description,relevant,blue metal,sound,#4fc0f8,critical,metal_wood_04,metal,blue,TRUE,2,TRUE,color & material,color
participant115,list4,high,description,relevant,green metal,color,#4ff889,filler,metal_wood_00,metal,green,TRUE,2,TRUE,color & material,material
participant115,list4,low,description,relevant,blue metal,sound,#4fc0f8,critical,metal_wood_04,metal,blue,TRUE,2,TRUE,color & material,color
participant115,list4,high,description,relevant,green metal,color,#4ff889,filler,metal_wood_00,metal,green,TRUE,2,TRUE,color & material,material
participant115,list4,high,description,base,green wood,sound,#4ff889,critical,metal_wood_08,wood,green,TRUE,2,TRUE,color & material,color
participant115,list4,low,description,relevant,blue metal,color,#54dbeb,critical,metal_wood_01,metal,blue,TRUE,2,TRUE,color & material,material
participant115,list4,high,description,base,green wood,color,#4ff889,critical,metal_wood_08,wood,green,TRUE,2,TRUE,color & material,material
participant115,list4,low,description,irrelevant,green wood,sound,#53e4e6,critical,metal_wood_08,wood,green,TRUE,2,TRUE,color & material,color
participant115,list4,low,description,irrelevant,green metal,sound,#53e4e6,critical,metal_wood_01,metal,green,TRUE,2,TRUE,color & material,color
participant115,list4,low,description,irrelevant,green metal,sound,#53e4e6,critical,metal_wood_00,metal,green,TRUE,2,TRUE,color & material,color
participant115,list4,high,description,base,blue metal,sound,#4fc0f8,critical,metal_wood_00,metal,blue,TRUE,2,TRUE,color & material,color
participant115,list4,low,description,irrelevant,blue metal,sound,#54dbeb,critical,metal_wood_00,metal,blue,TRUE,2,TRUE,color & material,color
participant115,list4,low,description,irrelevant,green wood,color,#4ff889,critical,metal_wood_08,wood,green,TRUE,2,TRUE,color & material,material
participant115,list4,high,description,base,green metal,sound,#4ff889,critical,metal_wood_00,metal,green,TRUE,2,TRUE,color & material,color
participant115,list4,high,description,base,blue metal,color,#4fc0f8,critical,metal_wood_01,metal,blue,TRUE,2,TRUE,color & material,material
participant115,list4,high,description,base,blue metal,color,#4fc0f8,critical,metal_wood_00,metal,blue,TRUE,2,TRUE,color & material,material
participant115,list4,low,description,irrelevant,green metal,color,#4ff889,critical,metal_wood_04,metal,green,TRUE,2,TRUE,color & material,material
participant115,list4,high,description,base,blue wood,sound,#4fc0f8,critical,metal_wood_08,wood,blue,TRUE,2,TRUE,color & material,color
participant115,list4,high,description,base,blue wood,color,#4fc0f8,critical,metal_wood_09,wood,blue,TRUE,2,TRUE,color & material,material
participant115,list4,low,description,irrelevant,blue metal,sound,#54dbeb,critical,metal_wood_09,wood,blue,FALSE,2,TRUE,color & material,color
participant115,list4,low,description,relevant,green metal,sound,#4ff889,critical,metal_wood_04,metal,green,TRUE,2,TRUE,color & material,color
participant115,list4,high,description,relevant,blue wood,sound,#4fc0f8,filler,metal_wood_08,wood,blue,TRUE,2,TRUE,color & material,color
participant115,list4,low,description,relevant,green metal,color,#53e4e6,critical,metal_wood_08,wood,green,TRUE,2,TRUE,color & material,material
participant115,list4,low,description,irrelevant,blue metal,color,#4fc0f8,critical,metal_wood_04,metal,blue,TRUE,2,TRUE,color & material,material
participant115,list4,high,description,relevant,green metal,color,#4ff889,filler,metal_wood_01,metal,green,TRUE,2,TRUE,color & material,material
participant115,list4,high,description,relevant,green wood,sound,#4ff889,filler,metal_wood_08,wood,green,TRUE,2,TRUE,color & material,color
participant115,list4,high,description,base,green metal,color,#4ff889,critical,metal_wood_01,metal,green,TRUE,2,TRUE,color & material,material
participant115,list4,high,description,base,blue wood,sound,#4fc0f8,critical,metal_wood_09,wood,blue,TRUE,2,TRUE,color & material,color
participant115,list4,low,description,irrelevant,green metal,sound,#54dbeb,critical,metal_wood_01,metal,blue,TRUE,2,TRUE,color & material,color
participant115,list4,high,description,relevant,green metal,sound,#4ff889,filler,metal_wood_01,metal,green,TRUE,2,TRUE,color & material,color
participant115,list4,high,description,base,green metal,sound,#4fc0f8,critical,metal_wood_00,metal,blue,TRUE,2,TRUE,color & material,color
participant115,list4,low,description,relevant,blue wood,sound,#4fc0f8,critical,metal_wood_08,wood,blue,TRUE,2,TRUE,color & material,color
participant115,list4,low,description,relevant,green metal,color,#53e4e6,critical,metal_wood_08,wood,green,TRUE,2,TRUE,color & material,material
participant115,list4,high,description,base,blue metal,sound,#4fc0f8,critical,metal_wood_00,metal,blue,TRUE,2,TRUE,color & material,color
participant115,list4,low,description,irrelevant,blue wood,color,#4fc0f8,critical,metal_wood_08,wood,blue,TRUE,2,TRUE,color & material,material
participant116,list3,high,description,relevant,green metal,color,#4ff889,filler,metal_wood_00,metal,green,TRUE,2,TRUE,color & material,material
participant116,list3,high,description,base,blue metal bat,sound,#4fc0f8,critical,metal_wood_00,metal,blue,TRUE,2,TRUE,color & material,color
participant116,list3,low,description,relevant,blue metal bat,color,#52ebe3,critical,metal_wood_01,metal,green,FALSE,2,TRUE,color & material,material
participant116,list3,high,description,relevant,blue metal bat,color,#4fc0f8,filler,metal_wood_00,metal,blue,TRUE,2,TRUE,color & material,material
participant116,list3,low,description,relevant,blue wood bat,color,#53e9e4,critical,metal_wood_09,wood,blue,TRUE,2,TRUE,color & material,material
participant116,list3,high,description,base,green wood bat,sound,#4ff889,critical,metal_wood_08,wood,green,TRUE,2,TRUE,color & material,color
participant116,list3,low,description,relevant,greenish blue metal bat,color,#52ebe3,critical,metal_wood_08,wood,green,TRUE,3,TRUE,color & material,material
participant116,list3,high,description,relevant,blue metal bat,sound,#4fc0f8,filler,metal_wood_00,metal,blue,TRUE,2,TRUE,color & material,color
participant116,list3,low,description,irrelevant,green wood bat,color,#4ff889,critical,metal_wood_06,wood,green,TRUE,2,TRUE,color & material,material
participant116,list3,high,description,relevant,green wood bat,color,#4ff889,filler,metal_wood_09,wood,green,TRUE,2,TRUE,color & material,material
participant116,list3,low,description,irrelevant,blue wood bat,color,#4fc0f8,critical,metal_wood_06,wood,blue,TRUE,2,TRUE,color & material,material
participant116,list3,low,description,irrelevant,blue wood bat,color,#4fc0f8,critical,metal_wood_04,metal,blue,TRUE,2,TRUE,color & material,material
participant116,list3,high,description,base,green metal bat,color,#4ff889,critical,metal_wood_00,metal,green,TRUE,2,TRUE,color & material,material
participant116,list3,high,description,base,blue wood bat,color,#4fc0f8,critical,metal_wood_08,wood,blue,TRUE,2,TRUE,color & material,material
participant116,list3,high,description,base,green metal bat,color,#4ff889,critical,metal_wood_00,metal,green,TRUE,2,TRUE,color & material,material
participant116,list3,low,description,relevant,blue metal bat,sound,#4fc0f8,critical,metal_wood_04,metal,blue,TRUE,2,TRUE,color & material,color
participant116,list3,low,description,irrelevant,blue wood bat,color,#4ff889,critical,metal_wood_06,wood,green,FALSE,2,TRUE,color & material,material
participant116,list3,high,description,base,blue metal bat,sound,#4fc0f8,critical,metal_wood_00,metal,blue,TRUE,2,TRUE,color & material,color
participant116,list3,low,description,irrelevant,blueish green metal bat,sound,#53e9e4,critical,metal_wood_00,metal,blue,TRUE,3,TRUE,color & material,color
participant116,list3,low,description,relevant,blueish green metal bat,color,#52ebe3,critical,metal_wood_00,metal,green,TRUE,3,TRUE,color & material,material
participant116,list3,low,description,relevant,blueish green metal bat,color,#53e9e4,critical,metal_wood_01,metal,blue,TRUE,3,TRUE,color & material,material
participant116,list3,low,description,relevant,blueish green wood bat,color,#53e9e4,critical,metal_wood_08,wood,blue,TRUE,3,TRUE,color & material,material
participant116,list3,low,description,relevant,blueish green metal bat,color,#52ebe3,critical,metal_wood_00,metal,green,TRUE,3,TRUE,color & material,material
participant116,list3,high,description,relevant,green wood bat,sound,#4ff889,filler,metal_wood_09,wood,green,TRUE,2,TRUE,color & material,color
participant116,list3,low,description,irrelevant,blueish green wood bat,sound,#53e9e4,critical,metal_wood_08,wood,blue,TRUE,3,TRUE,color & material,color
participant116,list3,low,description,irrelevant,blue wood bat,color,#4fc0f8,critical,metal_wood_04,metal,blue,TRUE,2,TRUE,color & material,material
participant116,list3,high,description,base,blue metal bat,color,#4fc0f8,critical,metal_wood_00,metal,blue,TRUE,2,TRUE,color & material,material
participant116,list3,low,description,relevant,green wood bat,sound,#4ff889,critical,metal_wood_06,wood,green,TRUE,2,TRUE,color & material,color
participant116,list3,high,description,relevant,blue metal bat,color,#4fc0f8,filler,metal_wood_01,metal,blue,TRUE,2,TRUE,color & material,material
participant116,list3,low,description,irrelevant,blueish green metal bat,sound,#52ebe3,critical,metal_wood_00,metal,green,TRUE,3,TRUE,color & material,color
participant116,list3,high,description,base,green wood bat,sound,#4ff889,critical,metal_wood_08,wood,green,TRUE,2,TRUE,color & material,color
participant116,list3,high,description,relevant,green wood bat,sound,#4ff889,filler,metal_wood_08,wood,green,TRUE,2,TRUE,color & material,color
participant116,list3,high,description,relevant,blue wood bat,color,#4fc0f8,filler,metal_wood_09,wood,blue,TRUE,2,TRUE,color & material,material
participant116,list3,high,description,relevant,blue wood bat,sound,#4fc0f8,filler,metal_wood_09,wood,blue,TRUE,2,TRUE,color & material,color
participant116,list3,low,description,relevant,blueish green metal bat,color,#53e9e4,critical,metal_wood_00,metal,blue,TRUE,3,TRUE,color & material,material
participant116,list3,low,description,irrelevant,blueish green wood bat,sound,#52ebe3,critical,metal_wood_08,wood,green,TRUE,3,TRUE,color & material,color
participant116,list3,high,description,base,blue metal bat,color,#4fc0f8,critical,metal_wood_00,metal,blue,TRUE,2,TRUE,color & material,material
participant116,list3,high,description,relevant,green wood bat,color,#4ff889,filler,metal_wood_08,wood,green,TRUE,2,TRUE,color & material,material
participant116,list3,low,description,relevant,blue wood bat,sound,#4fc0f8,critical,metal_wood_06,wood,blue,TRUE,2,TRUE,color & material,color
participant116,list3,low,description,irrelevant,blueish green metal bat,sound,#53e9e4,critical,metal_wood_00,metal,blue,TRUE,3,TRUE,color & material,color
participant116,list3,low,description,relevant,green wood bat,sound,#4ff889,critical,metal_wood_06,wood,green,TRUE,2,TRUE,color & material,color
participant116,list3,low,description,relevant,blue metal bat,sound,#4fc0f8,critical,metal_wood_04,metal,blue,TRUE,2,TRUE,color & material,color
participant116,list3,high,description,base,green wood bat,color,#4ff889,critical,metal_wood_09,wood,green,TRUE,2,TRUE,color & material,material
participant116,list3,low,description,irrelevant,greenish blue wood bat,sound,#52ebe3,critical,metal_wood_09,wood,green,TRUE,3,TRUE,color & material,color
participant116,list3,high,description,base,green wood bat,sound,#4ff889,critical,metal_wood_08,wood,green,TRUE,2,TRUE,color & material,color
participant116,list3,low,description,relevant,blueish green wood bat,sound,#4fc0f8,critical,metal_wood_04,metal,blue,FALSE,3,TRUE,color & material,color
participant116,list3,low,description,irrelevant,greenish blue metal bat,sound,#53e9e4,critical,metal_wood_00,metal,blue,TRUE,3,TRUE,color & material,color
participant116,list3,high,description,base,blue metal bat,sound,#4fc0f8,critical,metal_wood_00,metal,blue,TRUE,2,TRUE,color & material,color
participant116,list3,low,description,relevant,green wood bat,sound,#4ff889,critical,metal_wood_06,wood,green,TRUE,2,TRUE,color & material,color
participant116,list3,high,description,base,green metal bat,color,#4ff889,critical,metal_wood_00,metal,green,TRUE,2,TRUE,color & material,material
participant116,list3,low,description,relevant,blue wood bat,sound,#4fc0f8,critical,metal_wood_04,metal,blue,FALSE,2,TRUE,color & material,color
participant116,list3,high,description,relevant,green metal bat,sound,#4ff889,filler,metal_wood_01,metal,green,TRUE,2,TRUE,color & material,color
participant116,list3,low,description,irrelevant,green wood bat,color,#4ff889,critical,metal_wood_06,wood,green,TRUE,2,TRUE,color & material,material
participant116,list3,low,description,irrelevant,green wood bat,color,#4ff889,critical,metal_wood_04,metal,green,TRUE,2,TRUE,color & material,material
participant116,list3,high,description,base,blue wood bat,color,#4fc0f8,critical,metal_wood_09,wood,blue,TRUE,2,TRUE,color & material,material
participant116,list3,high,description,base,blue wood bat,sound,#4fc0f8,critical,metal_wood_08,wood,blue,TRUE,2,TRUE,color & material,color
participant116,list3,low,description,irrelevant,blueish green metal bat,sound,#52ebe3,critical,metal_wood_00,metal,green,TRUE,3,TRUE,color & material,color
participant116,list3,high,description,base,blue metal bat,sound,#4fc0f8,critical,metal_wood_01,metal,blue,TRUE,2,TRUE,color & material,color
participant117,list3,high,description,relevant,the blue bat,color,#4fc0f8,filler,metal_wood_09,wood,blue,TRUE,1,FALSE,color,NA
participant117,list3,high,description,relevant,the green bat,color,#4ff889,filler,metal_wood_08,wood,green,TRUE,1,FALSE,color,NA
participant117,list3,high,description,relevant,the green bat,color,#4ff889,filler,metal_wood_09,wood,green,TRUE,1,FALSE,color,NA
participant117,list3,low,description,relevant,the metal bat,sound,#4fc0f8,critical,metal_wood_03,metal,blue,TRUE,1,FALSE,material,NA
participant117,list3,low,description,irrelevant,the metal bat,sound,#4ff7dd,critical,metal_wood_00,metal,green,TRUE,1,FALSE,material,NA
participant117,list3,high,description,relevant,the metal bat,sound,#4fc0f8,filler,metal_wood_00,metal,blue,TRUE,1,FALSE,material,NA
participant117,list3,high,description,base,the green bat,color,#4ff889,critical,metal_wood_09,wood,green,TRUE,1,FALSE,color,NA
participant117,list3,low,description,relevant,the blue and wooden bat,color,#52eee1,critical,metal_wood_08,wood,blue,TRUE,3,TRUE,color & material,material
participant117,list3,low,description,relevant,the green and metal bat,sound,#4ff889,critical,metal_wood_03,metal,green,TRUE,3,TRUE,color & material,color
participant117,list3,high,description,relevant,the blue and metal bat,color,#4fc0f8,filler,metal_wood_00,metal,blue,TRUE,3,TRUE,color & material,material
participant117,list3,high,description,relevant,the blue and wooden bat,color,#4fc0f8,filler,metal_wood_09,wood,blue,TRUE,3,TRUE,color & material,material
participant117,list3,high,description,relevant,the blue and wood bat,sound,#4fc0f8,filler,metal_wood_08,wood,blue,TRUE,3,TRUE,color & material,color
participant117,list3,low,description,relevant,the blue and wooden bat,color,#52eee1,critical,metal_wood_08,wood,blue,TRUE,3,TRUE,color & material,material
participant117,list3,high,description,relevant,the green and wooden bat,color,#4ff889,filler,metal_wood_08,wood,green,TRUE,3,TRUE,color & material,material
participant117,list3,low,description,irrelevant,the blue and metal bat,color,#4fc0f8,critical,metal_wood_04,wood,blue,TRUE,3,TRUE,color & material,material
participant117,list3,high,description,base,the blue and metal bat,sound,#4fc0f8,critical,metal_wood_01,metal,blue,TRUE,3,TRUE,color & material,color
participant117,list3,low,description,irrelevant,the wooden bat,sound,#4ff7dd,critical,metal_wood_08,wood,green,TRUE,1,FALSE,material,NA
participant117,list3,low,description,irrelevant,the green and metal bat,color,#4ff889,critical,metal_wood_03,metal,green,TRUE,3,TRUE,color & material,material
participant117,list3,low,description,relevant,the green and metal bat,color,#4ff7dd,critical,metal_wood_00,metal,green,TRUE,3,TRUE,color & material,material
participant117,list3,low,description,irrelevant,the blue and metal bat,color,#4fc0f8,critical,metal_wood_04,wood,blue,TRUE,3,TRUE,color & material,material
participant117,list3,high,description,base,the blue and metal bat,color,#4fc0f8,critical,metal_wood_08,wood,blue,TRUE,3,TRUE,color & material,material
participant117,list3,low,description,relevant,the blue and metal bat,sound,#4fc0f8,critical,metal_wood_03,metal,blue,TRUE,3,TRUE,color & material,color
participant117,list3,low,description,irrelevant,the wooden bat,sound,#52eee1,critical,metal_wood_09,wood,blue,TRUE,1,FALSE,material,NA
participant117,list3,high,description,relevant,the blue and wooden bat,sound,#4fc0f8,filler,metal_wood_08,wood,blue,TRUE,3,TRUE,color & material,color
participant117,list3,high,description,base,the green and metal bat,sound,#4ff889,critical,metal_wood_01,metal,green,TRUE,3,TRUE,color & material,color
participant117,list3,low,description,irrelevant,the blue and metal bat,color,#4fc0f8,critical,metal_wood_03,metal,blue,TRUE,3,TRUE,color & material,material
participant117,list3,low,description,irrelevant,the blue and metal bat,sound,#52eee1,critical,metal_wood_00,metal,blue,TRUE,3,TRUE,color & material,color
participant117,list3,high,description,base,the green and metal bat,color,#4ff889,critical,metal_wood_00,metal,green,TRUE,3,TRUE,color & material,material
participant117,list3,high,description,base,the blue and metal bat,sound,#4fc0f8,critical,metal_wood_01,metal,blue,TRUE,3,TRUE,color & material,color
participant117,list3,low,description,irrelevant,the metal bat,sound,#52eee1,critical,metal_wood_01,metal,blue,TRUE,1,FALSE,material,NA
participant117,list3,low,description,irrelevant,the green and metal bat,color,#4ff889,critical,metal_wood_04,wood,green,TRUE,3,TRUE,color & material,material
participant117,list3,high,description,base,the green and metal bat,color,#4ff889,critical,metal_wood_01,metal,green,TRUE,3,TRUE,color & material,material
participant117,list3,high,description,relevant,the blue and wood bat,sound,#4fc0f8,filler,metal_wood_09,wood,blue,TRUE,3,TRUE,color & material,color
participant117,list3,high,description,base,the blue and metal bat,color,#4fc0f8,critical,metal_wood_00,metal,blue,TRUE,3,TRUE,color & material,material
participant117,list3,high,description,base,the blue and wood bat,sound,#4fc0f8,critical,metal_wood_09,wood,blue,TRUE,3,TRUE,color & material,color
participant117,list3,high,description,base,the blue and wood bat,color,#4fc0f8,critical,metal_wood_08,wood,blue,TRUE,3,TRUE,color & material,material
participant117,list3,low,description,relevant,the blue and metal bat,sound,#4fc0f8,critical,metal_wood_03,metal,blue,TRUE,3,TRUE,color & material,color
participant117,list3,low,description,irrelevant,the wood bat,sound,#4ff7dd,critical,metal_wood_09,wood,green,TRUE,1,FALSE,material,NA
participant117,list3,low,description,relevant,the green and metal bat,sound,#4ff889,critical,metal_wood_04,wood,green,FALSE,3,TRUE,color & material,color
participant117,list3,low,description,relevant,the blue and metal bat,color,#52eee1,critical,metal_wood_01,metal,blue,TRUE,3,TRUE,color & material,material
participant117,list3,low,description,relevant,the green and wood bat,sound,#4ff889,critical,metal_wood_04,wood,green,TRUE,3,TRUE,color & material,color
participant117,list3,high,description,base,the green and wood bat,sound,#4ff889,critical,metal_wood_09,wood,green,TRUE,3,TRUE,color & material,color
participant117,list3,low,description,relevant,the green and wood bat,sound,#4ff889,critical,metal_wood_04,wood,green,TRUE,3,TRUE,color & material,color
participant117,list3,low,description,relevant,the green and metal bat,color,#4ff7dd,critical,metal_wood_01,metal,green,TRUE,3,TRUE,color & material,material
participant117,list3,high,description,base,the green and wood bat,sound,#4ff889,critical,metal_wood_09,wood,green,TRUE,3,TRUE,color & material,color
participant117,list3,low,description,irrelevant,the metal bat,sound,#52eee1,critical,metal_wood_01,metal,blue,TRUE,1,FALSE,material,NA
participant117,list3,high,description,base,the green and wood bat,sound,#4ff889,critical,metal_wood_08,wood,green,TRUE,3,TRUE,color & material,color
participant117,list3,low,description,relevant,the green and metal bat,color,#4ff7dd,critical,metal_wood_01,metal,green,TRUE,3,TRUE,color & material,material
participant117,list3,low,description,irrelevant,the blue and metal bat,color,#4fc0f8,critical,metal_wood_04,wood,blue,TRUE,3,TRUE,color & material,material
participant117,list3,high,description,relevant,the green and metal bat,sound,#4ff889,filler,metal_wood_01,metal,green,TRUE,3,TRUE,color & material,color
participant117,list3,high,description,base,the blue bat,color,#4fc0f8,critical,metal_wood_00,metal,blue,TRUE,1,FALSE,color,NA
participant117,list3,low,description,irrelevant,the blue bat,color,#4fc0f8,critical,metal_wood_03,metal,blue,TRUE,1,FALSE,color,NA
participant117,list3,low,description,relevant,the blue and wood bat,sound,#4fc0f8,critical,metal_wood_04,wood,blue,TRUE,3,TRUE,color & material,color
participant117,list3,low,description,relevant,the blue bat,color,#52eee1,critical,metal_wood_01,metal,blue,TRUE,1,FALSE,color,NA
participant117,list3,low,description,irrelevant,the metal bat,sound,#4ff7dd,critical,metal_wood_00,metal,green,TRUE,1,FALSE,material,NA
participant117,list3,high,description,relevant,the metal bat,sound,#4fc0f8,filler,metal_wood_01,metal,blue,TRUE,1,FALSE,material,NA
participant117,list3,low,description,irrelevant,the blue and metal bat,color,#4fc0f8,critical,metal_wood_03,metal,blue,TRUE,3,TRUE,color & material,material
participant117,list3,high,description,base,the green bat,color,#4ff889,critical,metal_wood_00,metal,green,TRUE,1,FALSE,color,NA
participant117,list3,low,description,relevant,the green and wood bat,color,#4ff7dd,critical,metal_wood_08,wood,green,TRUE,3,TRUE,color & material,material
participant120,list3,high,description,relevant,the metal bat,sound,#4fc0f8,filler,metal_wood_01,metal,blue,TRUE,1,FALSE,material,NA
participant120,list3,high,description,relevant,the woodan bat,sound,#4ff889,filler,metal_wood_09,wood,green,TRUE,1,FALSE,material,NA
participant120,list3,high,description,relevant,the green woodan bat,color,#4ff889,filler,metal_wood_09,wood,green,TRUE,2,TRUE,color & material,material
participant120,list3,low,description,relevant,the green woodan bat,color,#51f0e0,critical,metal_wood_09,wood,green,TRUE,2,TRUE,color & material,material
participant120,list3,low,description,relevant,the metal bat,sound,#4fc0f8,critical,metal_wood_03,metal,blue,TRUE,1,FALSE,material,NA
participant120,list3,low,description,relevant,the blue bat,color,#52ebe3,critical,metal_wood_09,wood,blue,TRUE,1,FALSE,color,NA
participant120,list3,low,description,irrelevant,the green bat,color,#4ff889,critical,metal_wood_05,wood,green,TRUE,1,FALSE,color,NA
participant120,list3,high,description,base,the green wood bat,color,#4ff889,critical,metal_wood_09,wood,green,TRUE,2,TRUE,color & material,material
participant120,list3,high,description,relevant,the metal bat,sound,#4ff889,filler,metal_wood_00,metal,green,TRUE,1,FALSE,material,NA
participant120,list3,low,description,relevant,the blue bat,color,#52ebe3,critical,metal_wood_09,wood,blue,TRUE,1,FALSE,color,NA
participant120,list3,low,description,relevant,the green wood bat,sound,#4ff889,critical,metal_wood_05,wood,green,TRUE,2,TRUE,color & material,color
participant120,list3,high,description,relevant,the green bat,color,#4ff889,filler,metal_wood_09,wood,green,TRUE,1,FALSE,color,NA
participant120,list3,low,description,relevant,the blue bat,color,#52ebe3,critical,metal_wood_09,wood,blue,TRUE,1,FALSE,color,NA
participant120,list3,high,description,base,the green bat,color,#4ff889,critical,metal_wood_09,wood,green,TRUE,1,FALSE,color,NA
participant120,list3,high,description,relevant,the blue bat,color,#4fc0f8,filler,metal_wood_00,metal,blue,TRUE,1,FALSE,color,NA
participant120,list3,low,description,relevant,the green wood bat,color,#52ebe3,critical,metal_wood_09,wood,blue,FALSE,2,TRUE,color & material,material
participant120,list3,low,description,relevant,the green bat,color,#51f0e0,critical,metal_wood_09,wood,green,TRUE,1,FALSE,color,NA
participant120,list3,low,description,relevant,the green bat,color,#51f0e0,critical,metal_wood_09,wood,green,TRUE,1,FALSE,color,NA
participant120,list3,high,description,base,the wood bat,sound,#4ff889,critical,metal_wood_09,wood,green,TRUE,1,FALSE,material,NA
participant120,list3,high,description,relevant,the blue bat,color,#4fc0f8,filler,metal_wood_01,metal,blue,TRUE,1,FALSE,color,NA
participant120,list3,high,description,base,the blue bat,color,#4fc0f8,critical,metal_wood_09,wood,blue,TRUE,1,FALSE,color,NA
participant120,list3,high,description,base,the blue metal bat,sound,#4fc0f8,critical,metal_wood_01,metal,blue,TRUE,2,TRUE,color & material,color
participant120,list3,low,description,irrelevant,the green bat,color,#4ff889,critical,metal_wood_03,metal,green,TRUE,1,FALSE,color,NA
participant120,list3,low,description,irrelevant,the wood bat,sound,#51f0e0,critical,metal_wood_09,wood,green,TRUE,1,FALSE,material,NA
participant120,list3,high,description,relevant,the blue bat,color,#4fc0f8,filler,metal_wood_09,wood,blue,TRUE,1,FALSE,color,NA
participant120,list3,low,description,irrelevant,the green bat,color,#4ff889,critical,metal_wood_03,metal,green,TRUE,1,FALSE,color,NA
participant120,list3,low,description,relevant,the metal bat,sound,#4fc0f8,critical,metal_wood_03,metal,blue,TRUE,1,FALSE,material,NA
participant120,list3,low,description,irrelevant,the blue bat,color,#4fc0f8,critical,metal_wood_05,wood,blue,TRUE,1,FALSE,color,NA
participant120,list3,high,description,base,the metal bat,sound,#4ff889,critical,metal_wood_01,metal,green,TRUE,1,FALSE,material,NA
participant120,list3,low,description,irrelevant,the blue bat,color,#4fc0f8,critical,metal_wood_05,wood,blue,TRUE,1,FALSE,color,NA
participant120,list3,high,description,base,the green bat,color,#4ff889,critical,metal_wood_09,wood,green,TRUE,1,FALSE,color,NA
participant120,list3,low,description,relevant,the metal bat,sound,#4ff889,critical,metal_wood_03,metal,green,TRUE,1,FALSE,material,NA
participant120,list3,low,description,relevant,the green bat,color,#51f0e0,critical,metal_wood_09,wood,green,TRUE,1,FALSE,color,NA
participant120,list3,high,description,relevant,the metal bat,sound,#4ff889,filler,metal_wood_01,metal,green,TRUE,1,FALSE,material,NA
participant120,list3,high,description,base,the woodan bat,sound,#4fc0f8,critical,metal_wood_09,wood,blue,TRUE,1,FALSE,material,NA
participant120,list3,high,description,base,the blue bat,color,#4fc0f8,critical,metal_wood_09,wood,blue,TRUE,1,FALSE,color,NA
participant120,list3,high,description,base,the blue bat,color,#4fc0f8,critical,metal_wood_09,wood,blue,TRUE,1,FALSE,color,NA
participant120,list3,high,description,relevant,the woodan bat,sound,#4fc0f8,filler,metal_wood_09,wood,blue,TRUE,1,FALSE,material,NA
participant120,list3,high,description,base,the blue bat,color,#4fc0f8,critical,metal_wood_09,wood,blue,TRUE,1,FALSE,color,NA
participant120,list3,low,description,irrelevant,the metal bat,sound,#51f0e0,critical,metal_wood_00,metal,green,TRUE,1,FALSE,material,NA
participant120,list3,low,description,irrelevant,the woodan bat,sound,#52ebe3,critical,metal_wood_09,wood,blue,TRUE,1,FALSE,material,NA
participant120,list3,low,description,relevant,the woodan bat,sound,#4fc0f8,critical,metal_wood_05,wood,blue,TRUE,1,FALSE,material,NA
participant120,list3,low,description,relevant,the woodan bat,sound,#4ff889,critical,metal_wood_05,wood,green,TRUE,1,FALSE,material,NA
participant120,list3,high,description,base,the woodan bat,sound,#4ff889,critical,metal_wood_09,wood,green,TRUE,1,FALSE,material,NA
participant120,list3,high,description,relevant,the woodan bat,sound,#4ff889,filler,metal_wood_09,wood,green,TRUE,1,FALSE,material,NA
participant120,list3,low,description,irrelevant,the metal bat,sound,#52ebe3,critical,metal_wood_00,metal,blue,TRUE,1,FALSE,material,NA
participant120,list3,low,description,relevant,the woodan bat,sound,#4ff889,critical,metal_wood_05,wood,green,TRUE,1,FALSE,material,NA
participant120,list3,low,description,irrelevant,the blue bat,color,#4fc0f8,critical,metal_wood_03,metal,blue,TRUE,1,FALSE,color,NA
participant120,list3,high,description,base,the metal bat,sound,#4fc0f8,critical,metal_wood_01,metal,blue,TRUE,1,FALSE,material,NA
participant120,list3,high,description,base,the green bat,color,#4ff889,critical,metal_wood_09,wood,green,TRUE,1,FALSE,color,NA
participant120,list3,low,description,irrelevant,the woodan bat,sound,#52ebe3,critical,metal_wood_09,wood,blue,TRUE,1,FALSE,material,NA
participant120,list3,low,description,irrelevant,the metal bat,sound,#51f0e0,critical,metal_wood_00,metal,green,TRUE,1,FALSE,material,NA
participant120,list3,high,description,relevant,the green bat,color,#4ff889,filler,metal_wood_09,wood,green,TRUE,1,FALSE,color,NA
participant120,list3,low,description,irrelevant,the blue bat,color,#4fc0f8,critical,metal_wood_05,wood,blue,TRUE,1,FALSE,color,NA
