participant,nDistract,redundant,response,setSize,targetColor,targetOrient,targetPosition,targetShape,trialType,overinformative
participant001,distractors0,colorredundant,blue hexagon,setsize16,blue,NA,two,hexagon,crit,TRUE
participant001,distractors0,colorredundant,square,setsize16,blue,NA,one,square,crit,FALSE
participant001,distractors1,colorredundant,hexagon,setsize16,green,NA,five,hexagon,crit,FALSE
participant001,distractors1,colorredundant,square,setsize16,green,NA,sixteen,square,crit,FALSE
participant001,distractors2,colorredundant,blue pentagon,setsize16,blue,NA,nine,pentagon,crit,TRUE
participant001,distractors2,colorredundant,hexagon,setsize16,green,NA,three,hexagon,crit,FALSE
participant001,distractors3,colorredundant,circle,setsize16,green,NA,seven,circle,crit,FALSE
participant001,distractors3,colorredundant,hexagon,setsize16,blue,NA,five,hexagon,crit,FALSE
participant001,distractors4,colorredundant,pentagon,setsize16,green,NA,eight,pentagon,crit,FALSE
participant001,distractors4,colorredundant,pentagon,setsize16,blue,NA,six,pentagon,crit,FALSE
participant001,distractors0,colorredundant,hexagon,setsize03,blue,NA,three,hexagon,crit,FALSE
participant001,distractors0,colorredundant,pentagon,setsize03,green,NA,one,pentagon,crit,FALSE
participant001,distractors1,colorredundant,blue pentagon,setsize03,blue,NA,one,pentagon,crit,TRUE
participant001,distractors1,colorredundant,square,setsize03,blue,NA,one,square,crit,FALSE
participant001,distractors0,colorredundant,green square,setsize06,green,NA,one,square,crit,TRUE
participant001,distractors0,colorredundant,hexagon,setsize06,blue,NA,five,hexagon,crit,FALSE
participant001,distractors1,colorredundant,circle,setsize06,green,NA,five,circle,crit,FALSE
participant001,distractors1,colorredundant,square,setsize06,green,NA,six,square,crit,FALSE
participant001,distractors2,colorredundant,green pentagon,setsize06,green,NA,six,pentagon,crit,TRUE
participant001,distractors2,colorredundant,green pentagon,setsize06,green,NA,two,pentagon,crit,TRUE
participant001,distractors3,colorredundant,circle,setsize06,green,NA,two,circle,crit,FALSE
participant001,distractors3,colorredundant,pentagon,setsize06,green,NA,one,pentagon,crit,FALSE
participant001,distractors4,colorredundant,green hexagon,setsize06,green,NA,four,hexagon,crit,TRUE
participant001,distractors4,colorredundant,square,setsize06,green,NA,three,square,crit,FALSE
participant001,distractors0,colorredundant,circle,setsize09,blue,NA,eight,circle,crit,FALSE
participant001,distractors0,colorredundant,hexagon,setsize09,green,NA,four,hexagon,crit,FALSE
participant001,distractors1,colorredundant,blue square,setsize09,blue,NA,two,square,crit,TRUE
participant001,distractors1,colorredundant,green hexagon,setsize09,green,NA,two,hexagon,crit,TRUE
participant001,distractors2,colorredundant,blue pentagon,setsize09,blue,NA,eight,pentagon,crit,TRUE
participant001,distractors2,colorredundant,pentagon,setsize09,blue,NA,four,pentagon,crit,FALSE
participant001,distractors3,colorredundant,pentagon,setsize09,green,NA,six,pentagon,crit,FALSE
participant001,distractors3,colorredundant,square,setsize09,blue,NA,four,square,crit,FALSE
participant001,distractors4,colorredundant,blue pentagon,setsize09,blue,NA,four,pentagon,crit,TRUE
participant001,distractors4,colorredundant,pentagon,setsize09,green,NA,nine,pentagon,crit,FALSE
participant002,distractors0,colorredundantlowfreq,jade circle,setsize16,jade,NA,ten,circle,crit,TRUE
participant002,distractors0,colorredundantlowfreq,teal hexagon,setsize16,teal,NA,four,hexagon,crit,TRUE
participant002,distractors1,colorredundantlowfreq,jade square,setsize16,jade,NA,thirteen,square,crit,TRUE
participant002,distractors1,colorredundantlowfreq,teal circle,setsize16,teal,NA,fourteen,circle,crit,TRUE
participant002,distractors2,colorredundantlowfreq,jade hexagon,setsize16,jade,NA,seven,hexagon,crit,TRUE
participant002,distractors2,colorredundantlowfreq,jade pentagon,setsize16,jade,NA,nine,pentagon,crit,TRUE
participant002,distractors3,colorredundantlowfreq,jade pentagon,setsize16,jade,NA,sixteen,pentagon,crit,TRUE
participant002,distractors3,colorredundantlowfreq,teal hexagon,setsize16,teal,NA,eight,hexagon,crit,TRUE
participant002,distractors4,colorredundantlowfreq,jade square,setsize16,jade,NA,eight,square,crit,TRUE
participant002,distractors4,colorredundantlowfreq,teal square,setsize16,teal,NA,six,square,crit,TRUE
participant002,distractors0,colorredundantlowfreq,jade circle,setsize03,jade,NA,two,circle,crit,TRUE
participant002,distractors0,colorredundantlowfreq,teal circle,setsize03,teal,NA,one,circle,crit,TRUE
participant002,distractors1,colorredundantlowfreq,teal circle,setsize03,teal,NA,two,circle,crit,TRUE
participant002,distractors1,colorredundantlowfreq,teal pentagon,setsize03,teal,NA,two,pentagon,crit,TRUE
participant002,distractors0,colorredundantlowfreq,jade circle,setsize06,jade,NA,two,circle,crit,TRUE
participant002,distractors0,colorredundantlowfreq,jade pentagon,setsize06,jade,NA,three,pentagon,crit,TRUE
participant002,distractors1,colorredundantlowfreq,jade circle,setsize06,jade,NA,six,circle,crit,TRUE
participant002,distractors1,colorredundantlowfreq,jade hexagon,setsize06,jade,NA,six,hexagon,crit,TRUE
participant002,distractors2,colorredundantlowfreq,jade square,setsize06,jade,NA,six,square,crit,TRUE
participant002,distractors2,colorredundantlowfreq,teal square,setsize06,teal,NA,five,square,crit,TRUE
participant002,distractors3,colorredundantlowfreq,jade pentagon,setsize06,jade,NA,four,pentagon,crit,TRUE
participant002,distractors3,colorredundantlowfreq,teal circle,setsize06,teal,NA,three,circle,crit,TRUE
participant002,distractors4,colorredundantlowfreq,teal hexagon,setsize06,teal,NA,one,hexagon,crit,TRUE
participant002,distractors4,colorredundantlowfreq,teal hexagon,setsize06,teal,NA,six,hexagon,crit,TRUE
participant002,distractors0,colorredundantlowfreq,jade pentagon,setsize09,jade,NA,five,pentagon,crit,TRUE
participant002,distractors0,colorredundantlowfreq,teal hexagon,setsize09,teal,NA,eight,hexagon,crit,TRUE
participant002,distractors1,colorredundantlowfreq,jade circle,setsize09,jade,NA,eight,circle,crit,TRUE
participant002,distractors1,colorredundantlowfreq,jade square,setsize09,jade,NA,two,square,crit,TRUE
participant002,distractors2,colorredundantlowfreq,teal pentagon,setsize09,teal,NA,three,pentagon,crit,TRUE
participant002,distractors2,colorredundantlowfreq,teal pentagon,setsize09,teal,NA,two,pentagon,crit,TRUE
participant002,distractors3,colorredundantlowfreq,teal pentagon,setsize09,teal,NA,nine,pentagon,crit,TRUE
participant002,distractors3,colorredundantlowfreq,teal pentagon,setsize09,teal,NA,nine,pentagon,crit,TRUE
participant002,distractors4,colorredundantlowfreq,teal circle,setsize09,teal,NA,four,circle,crit,TRUE
participant002,distractors4,colorredundantlowfreq,teal hexagon,setsize09,teal,NA,one,hexagon,crit,TRUE
participant003,distractors0,orientredundant,vertical striped circle,setsize16,NA,vertical,four,circle,crit,TRUE
participant003,distractors0,orientredundant,vertical striped hexagon,setsize16,NA,vertical,seven,hexagon,crit,TRUE
participant003,distractors1,orientredundant,vertical striped circle,setsize16,NA,vertical,eleven,circle,crit,TRUE
participant003,distractors1,orientredundant,vertical striped hexagon,setsize16,NA,vertical,four,hexagon,crit,TRUE
participant003,distractors2,orientredundant,horizontal striped square,setsize16,NA,horizontal,one,square,crit,TRUE
participant003,distractors2,orientredundant,vertical striped circle,setsize16,NA,vertical,ten,circle,crit,TRUE
participant003,distractors3,orientredundant,horizontal striped pentagon,setsize16,NA,horizontal,three,pentagon,crit,TRUE
participant003,distractors3,orientredundant,square,setsize16,NA,vertical,nine,square,crit,FALSE
participant003,distractors4,orientredundant,circle,setsize16,NA,vertical,seven,circle,crit,FALSE
participant003,distractors4,orientredundant,vertical striped circle,setsize16,NA,vertical,five,circle,crit,TRUE
participant003,distractors0,orientredundant,circle,setsize03,NA,vertical,one,circle,crit,FALSE
participant003,distractors0,orientredundant,vertical striped square,setsize03,NA,vertical,one,square,crit,TRUE
participant003,distractors1,orientredundant,horizontal striped pentagon,setsize03,NA,horizontal,one,pentagon,crit,TRUE
participant003,distractors1,orientredundant,vertical striped hexagon,setsize03,NA,vertical,three,hexagon,crit,TRUE
participant003,distractors0,orientredundant,circle,setsize06,NA,horizontal,six,circle,crit,FALSE
participant003,distractors0,orientredundant,pentagon,setsize06,NA,vertical,four,pentagon,crit,FALSE
participant003,distractors1,orientredundant,horizontal striped circle,setsize06,NA,horizontal,four,circle,crit,TRUE
participant003,distractors1,orientredundant,horizontal striped square,setsize06,NA,horizontal,four,square,crit,TRUE
participant003,distractors2,orientredundant,pentagon,setsize06,NA,vertical,six,pentagon,crit,FALSE
participant003,distractors2,orientredundant,square,setsize06,NA,vertical,five,square,crit,FALSE
participant003,distractors3,orientredundant,circle,setsize06,NA,horizontal,three,circle,crit,FALSE
participant003,distractors3,orientredundant,horizontal striped circle,setsize06,NA,horizontal,three,circle,crit,TRUE
participant003,distractors4,orientredundant,horizontal striped hexagon,setsize06,NA,horizontal,four,hexagon,crit,TRUE
participant003,distractors4,orientredundant,horizontal striped square,setsize06,NA,horizontal,three,square,crit,TRUE
participant003,distractors0,orientredundant,horizontal striped circle,setsize09,NA,horizontal,six,circle,crit,TRUE
participant003,distractors1,orientredundant,vertical striped circle,setsize09,NA,vertical,nine,circle,crit,TRUE
participant003,distractors1,orientredundant,vertical striped pentagon,setsize09,NA,vertical,three,pentagon,crit,TRUE
participant003,distractors2,orientredundant,horizontal striped circle,setsize09,NA,horizontal,one,circle,crit,TRUE
participant003,distractors2,orientredundant,vertical striped circle,setsize09,NA,vertical,two,circle,crit,TRUE
participant003,distractors3,orientredundant,horizontal striped circle,setsize09,NA,horizontal,one,circle,crit,TRUE
participant003,distractors3,orientredundant,vertical striped pentagon,setsize09,NA,vertical,four,pentagon,crit,TRUE
participant003,distractors4,orientredundant,horizontal striped hexagon,setsize09,NA,horizontal,five,hexagon,crit,TRUE
participant003,distractors4,orientredundant,vertical striped square,setsize09,NA,vertical,seven,square,crit,TRUE
participant004,distractors0,colorredundant,hexagon,setsize16,blue,NA,one,hexagon,crit,FALSE
participant004,distractors0,colorredundant,square,setsize16,green,NA,one,square,crit,FALSE
participant004,distractors1,colorredundant,hexagon,setsize16,blue,NA,twelve,hexagon,crit,FALSE
participant004,distractors1,colorredundant,square,setsize16,blue,NA,one,square,crit,FALSE
participant004,distractors2,colorredundant,circle,setsize16,blue,NA,one,circle,crit,FALSE
participant004,distractors2,colorredundant,hexagon,setsize16,green,NA,five,hexagon,crit,FALSE
participant004,distractors3,colorredundant,pentagon,setsize16,blue,NA,twelve,pentagon,crit,FALSE
participant004,distractors3,colorredundant,square,setsize16,green,NA,thirteen,square,crit,FALSE
participant004,distractors4,colorredundant,circle,setsize16,green,NA,fifteen,circle,crit,FALSE
participant004,distractors4,colorredundant,square,setsize16,green,NA,twelve,square,crit,FALSE
participant004,distractors0,colorredundant,circle,setsize03,green,NA,two,circle,crit,FALSE
participant004,distractors0,colorredundant,square,setsize03,blue,NA,two,square,crit,FALSE
participant004,distractors1,colorredundant,circle,setsize03,green,NA,three,circle,crit,FALSE
participant004,distractors1,colorredundant,pentagon,setsize03,green,NA,three,pentagon,crit,FALSE
participant004,distractors0,colorredundant,hexagon,setsize06,green,NA,five,hexagon,crit,FALSE
participant004,distractors0,colorredundant,square,setsize06,blue,NA,five,square,crit,FALSE
participant004,distractors1,colorredundant,circle,setsize06,blue,NA,three,circle,crit,FALSE
participant004,distractors1,colorredundant,pentagon,setsize06,green,NA,five,pentagon,crit,FALSE
participant004,distractors2,colorredundant,circle,setsize06,green,NA,one,circle,crit,FALSE
participant004,distractors2,colorredundant,pentagon,setsize06,green,NA,six,pentagon,crit,FALSE
participant004,distractors3,colorredundant,hexagon,setsize06,green,NA,five,hexagon,crit,FALSE
participant004,distractors3,colorredundant,square,setsize06,blue,NA,five,square,crit,FALSE
participant004,distractors4,colorredundant,hexagon,setsize06,green,NA,two,hexagon,crit,FALSE
participant004,distractors4,colorredundant,square,setsize06,blue,NA,two,square,crit,FALSE
participant004,distractors0,colorredundant,circle,setsize09,green,NA,six,circle,crit,FALSE
participant004,distractors0,colorredundant,hexagon,setsize09,blue,NA,five,hexagon,crit,FALSE
participant004,distractors1,colorredundant,hexagon,setsize09,blue,NA,eight,hexagon,crit,FALSE
participant004,distractors1,colorredundant,square,setsize09,blue,NA,one,square,crit,FALSE
participant004,distractors2,colorredundant,hexagon,setsize09,green,NA,four,hexagon,crit,FALSE
participant004,distractors2,colorredundant,square,setsize09,blue,NA,eight,square,crit,FALSE
participant004,distractors3,colorredundant,hexagon,setsize09,green,NA,five,hexagon,crit,FALSE
participant004,distractors3,colorredundant,pentagon,setsize09,green,NA,nine,pentagon,crit,FALSE
participant004,distractors4,colorredundant,pentagon,setsize09,green,NA,four,pentagon,crit,FALSE
participant004,distractors4,colorredundant,pentagon,setsize09,blue,NA,three,pentagon,crit,FALSE
participant005,distractors0,colorredundant,green circle,setsize16,green,NA,two,circle,crit,TRUE
participant005,distractors0,colorredundant,green pentagon,setsize16,green,NA,nine,pentagon,crit,TRUE
participant005,distractors1,colorredundant,blue square,setsize16,blue,NA,eleven,square,crit,TRUE
participant005,distractors1,colorredundant,blue square,setsize16,blue,NA,four,square,crit,TRUE
participant005,distractors2,colorredundant,blue hexagon,setsize16,blue,NA,fourteen,hexagon,crit,TRUE
participant005,distractors2,colorredundant,blue pentagon,setsize16,blue,NA,seven,pentagon,crit,TRUE
participant005,distractors3,colorredundant,green circle,setsize16,green,NA,two,circle,crit,TRUE
participant005,distractors3,colorredundant,green square,setsize16,green,NA,fifteen,square,crit,TRUE
participant005,distractors4,colorredundant,blue hexagon,setsize16,blue,NA,nine,hexagon,crit,TRUE
participant005,distractors4,colorredundant,blue pentagon,setsize16,blue,NA,three,pentagon,crit,TRUE
participant005,distractors0,colorredundant,blue square,setsize03,blue,NA,two,square,crit,TRUE
participant005,distractors0,colorredundant,green square,setsize03,green,NA,two,square,crit,TRUE
participant005,distractors1,colorredundant,green hexagon,setsize03,green,NA,one,hexagon,crit,TRUE
participant005,distractors1,colorredundant,green square,setsize03,green,NA,two,square,crit,TRUE
participant005,distractors0,colorredundant,green hexagon,setsize06,green,NA,one,hexagon,crit,TRUE
participant005,distractors0,colorredundant,green pentagon,setsize06,green,NA,six,pentagon,crit,TRUE
participant005,distractors1,colorredundant,circle,setsize06,blue,NA,two,circle,crit,FALSE
participant005,distractors1,colorredundant,green hexagon,setsize06,green,NA,five,hexagon,crit,TRUE
participant005,distractors2,colorredundant,green circle,setsize06,green,NA,two,circle,crit,TRUE
participant005,distractors2,colorredundant,green square,setsize06,green,NA,five,square,crit,TRUE
participant005,distractors3,colorredundant,green circle,setsize06,green,NA,one,circle,crit,TRUE
participant005,distractors3,colorredundant,green hexagon,setsize06,green,NA,five,pentagon,crit,TRUE
participant005,distractors4,colorredundant,blue pentagon,setsize06,blue,NA,one,pentagon,crit,TRUE
participant005,distractors4,colorredundant,green pentagon,setsize06,green,NA,two,pentagon,crit,TRUE
participant005,distractors0,colorredundant,blue circle,setsize09,blue,NA,six,circle,crit,TRUE
participant005,distractors0,colorredundant,green hexagon,setsize09,green,NA,four,hexagon,crit,TRUE
participant005,distractors1,colorredundant,blue circle,setsize09,blue,NA,seven,circle,crit,TRUE
participant005,distractors1,colorredundant,green pentagon,setsize09,blue,NA,two,pentagon,crit,TRUE
participant005,distractors2,colorredundant,blue square,setsize09,blue,NA,five,square,crit,TRUE
participant005,distractors2,colorredundant,green hexagon,setsize09,green,NA,six,hexagon,crit,TRUE
participant005,distractors3,colorredundant,blue pentagon,setsize09,blue,NA,three,pentagon,crit,TRUE
participant005,distractors3,colorredundant,square,setsize09,blue,NA,five,square,crit,FALSE
participant005,distractors4,colorredundant,green circle,setsize09,green,NA,seven,circle,crit,TRUE
participant005,distractors4,colorredundant,green circle,setsize09,green,NA,three,circle,crit,TRUE
participant006,distractors0,orientredundant,circle,setsize16,NA,vertical,eleven,circle,crit,FALSE
participant006,distractors0,orientredundant,hexagon,setsize16,NA,vertical,fifteen,hexagon,crit,FALSE
participant006,distractors1,orientredundant,circle horizontal striped,setsize16,NA,horizontal,six,circle,crit,TRUE
participant006,distractors1,orientredundant,vertical striped square,setsize16,NA,vertical,twelve,square,crit,TRUE
participant006,distractors2,orientredundant,circle,setsize16,NA,vertical,two,circle,crit,FALSE
participant006,distractors2,orientredundant,pentagon vertical striped,setsize16,NA,vertical,five,pentagon,crit,TRUE
participant006,distractors3,orientredundant,pentagon,setsize16,NA,horizontal,four,pentagon,crit,FALSE
participant006,distractors3,orientredundant,square,setsize16,NA,vertical,one,square,crit,FALSE
participant006,distractors4,orientredundant,circle,setsize16,NA,horizontal,sixteen,circle,crit,FALSE
participant006,distractors4,orientredundant,hexagon,setsize16,NA,vertical,three,hexagon,crit,FALSE
participant006,distractors0,orientredundant,circle,setsize03,NA,vertical,three,circle,crit,FALSE
participant006,distractors0,orientredundant,square,setsize03,NA,vertical,three,square,crit,FALSE
participant006,distractors1,orientredundant,pentagon,setsize03,NA,horizontal,three,pentagon,crit,FALSE
participant006,distractors1,orientredundant,square,setsize03,NA,vertical,one,square,crit,FALSE
participant006,distractors0,orientredundant,hexagon,setsize06,NA,horizontal,five,hexagon,crit,FALSE
participant006,distractors0,orientredundant,vertical striped hexagon,setsize06,NA,vertical,one,hexagon,crit,TRUE
participant006,distractors1,orientredundant,hexagon,setsize06,NA,vertical,two,hexagon,crit,FALSE
participant006,distractors1,orientredundant,square,setsize06,NA,horizontal,one,square,crit,FALSE
participant006,distractors2,orientredundant,hexagon horizontal striped,setsize06,NA,horizontal,five,hexagon,crit,TRUE
participant006,distractors2,orientredundant,hexagon,setsize06,NA,vertical,three,hexagon,crit,FALSE
participant006,distractors3,orientredundant,hexagon,setsize06,NA,vertical,four,hexagon,crit,FALSE
participant006,distractors3,orientredundant,pentagon,setsize06,NA,horizontal,four,pentagon,crit,FALSE
participant006,distractors4,orientredundant,pentagon,setsize06,NA,vertical,three,pentagon,crit,FALSE
participant006,distractors4,orientredundant,square,setsize06,NA,vertical,six,square,crit,FALSE
participant006,distractors0,orientredundant,square vertical striped,setsize09,NA,vertical,four,square,crit,TRUE
participant006,distractors0,orientredundant,square,setsize09,NA,horizontal,two,square,crit,FALSE
participant006,distractors1,orientredundant,circle vertical striped,setsize09,NA,vertical,two,circle,crit,TRUE
participant006,distractors1,orientredundant,square,setsize09,NA,horizontal,one,square,crit,FALSE
participant006,distractors2,orientredundant,circle,setsize09,NA,vertical,four,circle,crit,FALSE
participant006,distractors2,orientredundant,hexagon,setsize09,NA,vertical,one,hexagon,crit,FALSE
participant006,distractors3,orientredundant,hexagon,setsize09,NA,vertical,five,hexagon,crit,FALSE
participant006,distractors3,orientredundant,square,setsize09,NA,vertical,four,square,crit,FALSE
participant006,distractors4,orientredundant,circle vertical striped,setsize09,NA,vertical,eight,circle,crit,TRUE
participant006,distractors4,orientredundant,square,setsize09,NA,vertical,four,square,crit,FALSE
participant007,distractors0,orientredundant,square vertical striped,setsize16,NA,vertical,two,square,crit,TRUE
participant007,distractors0,orientredundant,square,setsize16,NA,horizontal,eleven,square,crit,FALSE
participant007,distractors1,orientredundant,circle horizontal striped,setsize16,NA,horizontal,fifteen,circle,crit,TRUE
participant007,distractors1,orientredundant,hexagon vertical striped,setsize16,NA,vertical,one,pentagon,crit,TRUE
participant007,distractors2,orientredundant,hexagon vertical striped,setsize16,NA,vertical,three,hexagon,crit,TRUE
participant007,distractors2,orientredundant,square,setsize16,NA,horizontal,thirteen,square,crit,FALSE
participant007,distractors3,orientredundant,hexagon vertical striped,setsize16,NA,vertical,sixteen,hexagon,crit,TRUE
participant007,distractors3,orientredundant,square,setsize16,NA,horizontal,thirteen,square,crit,FALSE
participant007,distractors4,orientredundant,circle,setsize16,NA,vertical,four,circle,crit,FALSE
participant007,distractors4,orientredundant,hexagon horizontal striped,setsize16,NA,horizontal,six,hexagon,crit,TRUE
participant007,distractors0,orientredundant,square horizontal striped,setsize03,NA,horizontal,three,square,crit,TRUE
participant007,distractors0,orientredundant,square horizontal striped,setsize03,NA,horizontal,two,square,crit,TRUE
participant007,distractors1,orientredundant,pentagon,setsize03,NA,horizontal,three,pentagon,crit,FALSE
participant007,distractors1,orientredundant,square,setsize03,NA,horizontal,two,square,crit,FALSE
participant007,distractors0,orientredundant,circle,setsize06,NA,horizontal,one,circle,crit,FALSE
participant007,distractors0,orientredundant,square vertical striped,setsize06,NA,vertical,two,square,crit,TRUE
participant007,distractors1,orientredundant,square,setsize06,NA,horizontal,four,square,crit,FALSE
participant007,distractors1,orientredundant,square,setsize06,NA,horizontal,two,square,crit,FALSE
participant007,distractors2,orientredundant,circle horizontal striped,setsize06,NA,horizontal,one,circle,crit,TRUE
participant007,distractors2,orientredundant,circle vertical striped,setsize06,NA,vertical,three,circle,crit,TRUE
participant007,distractors3,orientredundant,hexagon vertical striped,setsize06,NA,vertical,two,hexagon,crit,TRUE
participant007,distractors3,orientredundant,pentagon horizontal striped,setsize06,NA,horizontal,two,pentagon,crit,TRUE
participant007,distractors4,orientredundant,pentagon vertical striped,setsize06,NA,vertical,five,pentagon,crit,TRUE
participant007,distractors4,orientredundant,vertical striped square,setsize06,NA,vertical,two,square,crit,TRUE
participant007,distractors0,orientredundant,square square,setsize09,NA,vertical,nine,square,crit,FALSE
participant007,distractors0,orientredundant,square,setsize09,NA,vertical,six,square,crit,FALSE
participant007,distractors1,orientredundant,circle vertical striped,setsize09,NA,vertical,four,circle,crit,TRUE
participant007,distractors1,orientredundant,circle,setsize09,NA,horizontal,two,circle,crit,FALSE
participant007,distractors2,orientredundant,hexagon horizontal striped,setsize09,NA,horizontal,seven,pentagon,crit,TRUE
participant007,distractors2,orientredundant,hexagon vertical striped,setsize09,NA,vertical,one,hexagon,crit,TRUE
participant007,distractors3,orientredundant,hexagon horizontal striped,setsize09,NA,horizontal,seven,hexagon,crit,TRUE
participant007,distractors3,orientredundant,hexagon vertical striped,setsize09,NA,vertical,six,pentagon,crit,TRUE
participant007,distractors4,orientredundant,circle,setsize09,NA,horizontal,four,circle,crit,FALSE
participant007,distractors4,orientredundant,square,setsize09,NA,vertical,one,square,crit,FALSE
participant008,distractors0,colorredundant,blue square,setsize16,blue,NA,eight,square,crit,TRUE
participant008,distractors0,colorredundant,green square,setsize16,green,NA,four,square,crit,TRUE
participant008,distractors1,colorredundant,blue circle,setsize16,blue,NA,five,circle,crit,TRUE
participant008,distractors1,colorredundant,blue pentagon,setsize16,blue,NA,twelve,pentagon,crit,TRUE
participant008,distractors2,colorredundant,blue circle,setsize16,blue,NA,eleven,circle,crit,TRUE
participant008,distractors2,colorredundant,blue square,setsize16,blue,NA,six,square,crit,TRUE
participant008,distractors3,colorredundant,green hexagon,setsize16,green,NA,thirteen,hexagon,crit,TRUE
participant008,distractors3,colorredundant,green hexagon,setsize16,green,NA,two,hexagon,crit,TRUE
participant008,distractors4,colorredundant,green circle,setsize16,green,NA,fifteen,circle,crit,TRUE
participant008,distractors4,colorredundant,green pentagon,setsize16,green,NA,thirteen,pentagon,crit,TRUE
participant008,distractors0,colorredundant,green circle,setsize03,green,NA,two,circle,crit,TRUE
participant008,distractors0,colorredundant,green square,setsize03,green,NA,one,square,crit,TRUE
participant008,distractors1,colorredundant,blue circle,setsize03,blue,NA,two,circle,crit,TRUE
participant008,distractors1,colorredundant,blue hexagon,setsize03,blue,NA,three,hexagon,crit,TRUE
participant008,distractors0,colorredundant,blue circle,setsize06,blue,NA,one,circle,crit,TRUE
participant008,distractors0,colorredundant,green pentagon,setsize06,green,NA,two,pentagon,crit,TRUE
participant008,distractors1,colorredundant,blue hexagon,setsize06,blue,NA,five,hexagon,crit,TRUE
participant008,distractors1,colorredundant,green pentagon,setsize06,green,NA,four,pentagon,crit,TRUE
participant008,distractors2,colorredundant,blue pentagon,setsize06,blue,NA,two,pentagon,crit,TRUE
participant008,distractors2,colorredundant,green circle,setsize06,green,NA,five,circle,crit,TRUE
participant008,distractors3,colorredundant,blue circle,setsize06,blue,NA,two,circle,crit,TRUE
participant008,distractors3,colorredundant,blue hexagon,setsize06,blue,NA,two,hexagon,crit,TRUE
participant008,distractors4,colorredundant,blue circle,setsize06,blue,NA,two,circle,crit,TRUE
participant008,distractors4,colorredundant,green hexagon,setsize06,green,NA,three,hexagon,crit,TRUE
participant008,distractors0,colorredundant,blue pentagon,setsize09,blue,NA,seven,pentagon,crit,TRUE
participant008,distractors0,colorredundant,green hexagon,setsize09,green,NA,seven,hexagon,crit,TRUE
participant008,distractors1,colorredundant,blue hexagon,setsize09,blue,NA,three,pentagon,crit,TRUE
participant008,distractors1,colorredundant,green hexagon,setsize09,green,NA,nine,hexagon,crit,TRUE
participant008,distractors2,colorredundant,blue circle,setsize09,blue,NA,eight,circle,crit,TRUE
participant008,distractors2,colorredundant,blue hexagon,setsize09,blue,NA,four,hexagon,crit,TRUE
participant008,distractors3,colorredundant,blue square,setsize09,blue,NA,three,square,crit,TRUE
participant008,distractors3,colorredundant,green hexagon,setsize09,green,NA,two,hexagon,crit,TRUE
participant008,distractors4,colorredundant,green pentagon,setsize09,green,NA,two,pentagon,crit,TRUE
participant008,distractors4,colorredundant,green square,setsize09,green,NA,eight,square,crit,TRUE
participant009,distractors0,colorredundantlowfreq,circle,setsize16,teal,NA,sixteen,circle,crit,FALSE
participant009,distractors0,colorredundantlowfreq,square,setsize16,teal,NA,nine,square,crit,FALSE
participant009,distractors1,colorredundantlowfreq,square,setsize16,teal,NA,one,square,crit,FALSE
participant009,distractors1,colorredundantlowfreq,teal pentagon,setsize16,teal,NA,twelve,pentagon,crit,TRUE
participant009,distractors2,colorredundantlowfreq,jade pentagon,setsize16,jade,NA,five,pentagon,crit,TRUE
participant009,distractors2,colorredundantlowfreq,square,setsize16,jade,NA,eleven,square,crit,FALSE
participant009,distractors3,colorredundantlowfreq,circle,setsize16,jade,NA,eight,circle,crit,FALSE
participant009,distractors3,colorredundantlowfreq,jade square,setsize16,jade,NA,fifteen,square,crit,TRUE
participant009,distractors4,colorredundantlowfreq,circle,setsize16,teal,NA,four,circle,crit,FALSE
participant009,distractors4,colorredundantlowfreq,circle,setsize16,jade,NA,sixteen,circle,crit,FALSE
participant009,distractors0,colorredundantlowfreq,hexagon,setsize03,teal,NA,one,hexagon,crit,FALSE
participant009,distractors0,colorredundantlowfreq,hexagon,setsize03,jade,NA,one,hexagon,crit,FALSE
participant009,distractors1,colorredundantlowfreq,pentagon,setsize03,jade,NA,one,pentagon,crit,FALSE
participant009,distractors1,colorredundantlowfreq,pentagon,setsize03,jade,NA,three,pentagon,crit,FALSE
participant009,distractors0,colorredundantlowfreq,circle,setsize06,teal,NA,six,circle,crit,FALSE
participant009,distractors0,colorredundantlowfreq,jade square,setsize06,jade,NA,five,square,crit,TRUE
participant009,distractors1,colorredundantlowfreq,circle,setsize06,teal,NA,four,circle,crit,FALSE
participant009,distractors1,colorredundantlowfreq,pentagon,setsize06,teal,NA,one,pentagon,crit,FALSE
participant009,distractors2,colorredundantlowfreq,circle,setsize06,teal,NA,six,circle,crit,FALSE
participant009,distractors2,colorredundantlowfreq,circle,setsize06,teal,NA,three,circle,crit,FALSE
participant009,distractors3,colorredundantlowfreq,circle,setsize06,teal,NA,four,circle,crit,FALSE
participant009,distractors3,colorredundantlowfreq,teal hexagon,setsize06,teal,NA,six,hexagon,crit,TRUE
participant009,distractors4,colorredundantlowfreq,square,setsize06,teal,NA,four,square,crit,FALSE
participant009,distractors4,colorredundantlowfreq,square,setsize06,jade,NA,six,square,crit,FALSE
participant009,distractors0,colorredundantlowfreq,jade hexagon,setsize09,jade,NA,eight,hexagon,crit,TRUE
participant009,distractors0,colorredundantlowfreq,teal square,setsize09,teal,NA,nine,square,crit,TRUE
participant009,distractors1,colorredundantlowfreq,circle,setsize09,teal,NA,seven,circle,crit,FALSE
participant009,distractors1,colorredundantlowfreq,hexagon,setsize09,teal,NA,seven,hexagon,crit,FALSE
participant009,distractors2,colorredundantlowfreq,jade square,setsize09,jade,NA,four,square,crit,TRUE
participant009,distractors2,colorredundantlowfreq,jade square,setsize09,jade,NA,nine,square,crit,TRUE
participant009,distractors3,colorredundantlowfreq,teal hexagon,setsize09,teal,NA,eight,hexagon,crit,TRUE
participant009,distractors3,colorredundantlowfreq,teal hexagon,setsize09,teal,NA,one,hexagon,crit,TRUE
participant009,distractors4,colorredundantlowfreq,jade hexagon,setsize09,jade,NA,three,hexagon,crit,TRUE
participant009,distractors4,colorredundantlowfreq,pentagon,setsize09,jade,NA,four,pentagon,crit,FALSE
participant010,distractors0,colorredundant,blue hexagon,setsize16,blue,NA,three,hexagon,crit,TRUE
participant010,distractors0,colorredundant,green circle,setsize16,green,NA,fifteen,circle,crit,TRUE
participant010,distractors1,colorredundant,blue hexagon,setsize16,blue,NA,four,pentagon,crit,TRUE
participant010,distractors1,colorredundant,green circle,setsize16,green,NA,one,circle,crit,TRUE
participant010,distractors2,colorredundant,green circle,setsize16,green,NA,ten,circle,crit,TRUE
participant010,distractors2,colorredundant,green hexagon,setsize16,green,NA,four,hexagon,crit,TRUE
participant010,distractors3,colorredundant,blue circle,setsize16,blue,NA,twelve,circle,crit,TRUE
participant010,distractors3,colorredundant,green hexagon,setsize16,green,NA,two,pentagon,crit,TRUE
participant010,distractors4,colorredundant,blue hexagon,setsize16,blue,NA,nine,pentagon,crit,TRUE
participant010,distractors4,colorredundant,green circle,setsize16,green,NA,eleven,circle,crit,TRUE
participant010,distractors0,colorredundant,blue square,setsize03,blue,NA,one,square,crit,TRUE
participant010,distractors0,colorredundant,green hexagon,setsize03,green,NA,two,hexagon,crit,TRUE
participant010,distractors1,colorredundant,blue hexagon,setsize03,blue,NA,three,hexagon,crit,TRUE
participant010,distractors1,colorredundant,blue hexagon,setsize03,blue,NA,two,hexagon,crit,TRUE
participant010,distractors0,colorredundant,blue hexagon,setsize06,blue,NA,two,hexagon,crit,TRUE
participant010,distractors0,colorredundant,green circle,setsize06,green,NA,six,circle,crit,TRUE
participant010,distractors1,colorredundant,blue circle,setsize06,blue,NA,six,circle,crit,TRUE
participant010,distractors1,colorredundant,green square,setsize06,green,NA,four,square,crit,TRUE
participant010,distractors2,colorredundant,blue square,setsize06,blue,NA,five,square,crit,TRUE
participant010,distractors2,colorredundant,green square,setsize06,green,NA,one,square,crit,TRUE
participant010,distractors3,colorredundant,green hexagon,setsize06,green,NA,one,hexagon,crit,TRUE
participant010,distractors3,colorredundant,green hexagon,setsize06,green,NA,two,pentagon,crit,TRUE
participant010,distractors4,colorredundant,blue circle,setsize06,blue,NA,five,circle,crit,TRUE
participant010,distractors4,colorredundant,green circle,setsize06,green,NA,two,circle,crit,TRUE
participant010,distractors0,colorredundant,blue hexagon,setsize09,blue,NA,seven,pentagon,crit,TRUE
participant010,distractors0,colorredundant,green hexagon,setsize09,green,NA,two,hexagon,crit,TRUE
participant010,distractors1,colorredundant,blue hexagon,setsize09,blue,NA,six,hexagon,crit,TRUE
participant010,distractors1,colorredundant,green hexagon,setsize09,green,NA,four,pentagon,crit,TRUE
participant010,distractors2,colorredundant,blue hexagon,setsize09,blue,NA,five,hexagon,crit,TRUE
participant010,distractors2,colorredundant,blue square,setsize09,blue,NA,four,square,crit,TRUE
participant010,distractors3,colorredundant,green hexagon,setsize09,green,NA,nine,pentagon,crit,TRUE
participant010,distractors3,colorredundant,green hexagon,setsize09,green,NA,seven,hexagon,crit,TRUE
participant010,distractors4,colorredundant,blue circle,setsize09,blue,NA,six,circle,crit,TRUE
participant010,distractors4,colorredundant,hexagon green,setsize09,green,NA,three,hexagon,crit,TRUE
participant011,distractors0,orientredundant,hexagon,setsize16,NA,horizontal,three,hexagon,crit,FALSE
participant011,distractors0,orientredundant,square,setsize16,NA,vertical,five,square,crit,FALSE
participant011,distractors1,orientredundant,circle,setsize16,NA,horizontal,five,circle,crit,FALSE
participant011,distractors1,orientredundant,circle,setsize16,NA,vertical,fourteen,circle,crit,FALSE
participant011,distractors2,orientredundant,circle,setsize16,NA,vertical,three,circle,crit,FALSE
participant011,distractors2,orientredundant,hexagon,setsize16,NA,horizontal,five,hexagon,crit,FALSE
participant011,distractors3,orientredundant,pentagon,setsize16,NA,vertical,eight,pentagon,crit,FALSE
participant011,distractors3,orientredundant,pentagon,setsize16,NA,vertical,fourteen,pentagon,crit,FALSE
participant011,distractors4,orientredundant,pentagon,setsize16,NA,vertical,seven,pentagon,crit,FALSE
participant011,distractors4,orientredundant,pentagon,setsize16,NA,horizontal,three,pentagon,crit,FALSE
participant011,distractors0,orientredundant,circle,setsize03,NA,horizontal,three,circle,crit,FALSE
participant011,distractors0,orientredundant,hexagon,setsize03,NA,horizontal,one,hexagon,crit,FALSE
participant011,distractors1,orientredundant,horizontal striped square,setsize03,NA,horizontal,two,square,crit,TRUE
participant011,distractors1,orientredundant,square,setsize03,NA,horizontal,three,square,crit,FALSE
participant011,distractors0,orientredundant,circle,setsize06,NA,vertical,four,circle,crit,FALSE
participant011,distractors0,orientredundant,hexagon,setsize06,NA,horizontal,four,hexagon,crit,FALSE
participant011,distractors1,orientredundant,circle,setsize06,NA,vertical,one,circle,crit,FALSE
participant011,distractors1,orientredundant,square,setsize06,NA,horizontal,three,square,crit,FALSE
participant011,distractors2,orientredundant,hexagon,setsize06,NA,vertical,one,hexagon,crit,FALSE
participant011,distractors2,orientredundant,pentagon,setsize06,NA,vertical,five,pentagon,crit,FALSE
participant011,distractors3,orientredundant,pentagon,setsize06,NA,horizontal,three,pentagon,crit,FALSE
participant011,distractors3,orientredundant,square,setsize06,NA,vertical,four,square,crit,FALSE
participant011,distractors4,orientredundant,hexagon horizontal striped,setsize06,NA,horizontal,two,hexagon,crit,TRUE
participant011,distractors4,orientredundant,pentagon,setsize06,NA,horizontal,three,pentagon,crit,FALSE
participant011,distractors0,orientredundant,circle,setsize09,NA,horizontal,four,circle,crit,FALSE
participant011,distractors0,orientredundant,square,setsize09,NA,vertical,nine,square,crit,FALSE
participant011,distractors1,orientredundant,circle,setsize09,NA,vertical,six,circle,crit,FALSE
participant011,distractors1,orientredundant,square,setsize09,NA,vertical,two,square,crit,FALSE
participant011,distractors2,orientredundant,circle square vertical striped,setsize09,NA,vertical,one,square,crit,TRUE
participant011,distractors2,orientredundant,horizontal striped hexagon,setsize09,NA,horizontal,five,hexagon,crit,TRUE
participant011,distractors3,orientredundant,hexagon,setsize09,NA,vertical,eight,hexagon,crit,FALSE
participant011,distractors3,orientredundant,hexagon,setsize09,NA,horizontal,one,hexagon,crit,FALSE
participant011,distractors4,orientredundant,hexagon,setsize09,NA,vertical,five,hexagon,crit,FALSE
participant011,distractors4,orientredundant,vertical striped square,setsize09,NA,vertical,one,square,crit,TRUE
participant012,distractors0,orientredundant,horizontal striped pentagon,setsize16,NA,horizontal,four,pentagon,crit,TRUE
participant012,distractors0,orientredundant,vertical striped square,setsize16,NA,vertical,sixteen,square,crit,TRUE
participant012,distractors1,orientredundant,horizontal striped square,setsize16,NA,horizontal,nine,square,crit,TRUE
participant012,distractors1,orientredundant,vertical striped hexagon,setsize16,NA,vertical,twelve,hexagon,crit,TRUE
participant012,distractors2,orientredundant,horizontal striped circle,setsize16,NA,horizontal,five,circle,crit,TRUE
participant012,distractors2,orientredundant,vertical striped hexagon,setsize16,NA,vertical,twelve,hexagon,crit,TRUE
participant012,distractors3,orientredundant,vertical striped circle,setsize16,NA,vertical,eight,circle,crit,TRUE
participant012,distractors3,orientredundant,vertical striped pentagon,setsize16,NA,vertical,three,pentagon,crit,TRUE
participant012,distractors4,orientredundant,vertical striped pentagon,setsize16,NA,vertical,one,pentagon,crit,TRUE
participant012,distractors4,orientredundant,vertical striped square,setsize16,NA,vertical,two,square,crit,TRUE
participant012,distractors0,orientredundant,horizontal striped pentagon,setsize03,NA,horizontal,one,pentagon,crit,TRUE
participant012,distractors0,orientredundant,vertical striped hexagon,setsize03,NA,vertical,two,hexagon,crit,TRUE
participant012,distractors1,orientredundant,horizontal striped hexagon,setsize03,NA,horizontal,three,hexagon,crit,TRUE
participant012,distractors1,orientredundant,horizontal striped square,setsize03,NA,horizontal,three,square,crit,TRUE
participant012,distractors0,orientredundant,horizontal striped circle,setsize06,NA,horizontal,four,circle,crit,TRUE
participant012,distractors0,orientredundant,horizontal striped square,setsize06,NA,horizontal,six,square,crit,TRUE
participant012,distractors1,orientredundant,vertical striped circle,setsize06,NA,vertical,one,circle,crit,TRUE
participant012,distractors1,orientredundant,vertical striped pentagon,setsize06,NA,vertical,four,pentagon,crit,TRUE
participant012,distractors2,orientredundant,horizontal striped circle,setsize06,NA,horizontal,three,circle,crit,TRUE
participant012,distractors2,orientredundant,horizontal striped pentagon,setsize06,NA,horizontal,six,pentagon,crit,TRUE
participant012,distractors3,orientredundant,vertical striped hexagon,setsize06,NA,vertical,one,hexagon,crit,TRUE
participant012,distractors3,orientredundant,vertical striped pentagon,setsize06,NA,vertical,four,pentagon,crit,TRUE
participant012,distractors4,orientredundant,horizontal striped hexagon,setsize06,NA,horizontal,two,hexagon,crit,TRUE
participant012,distractors4,orientredundant,vertical striped hexagon,setsize06,NA,vertical,four,hexagon,crit,TRUE
participant012,distractors0,orientredundant,horizontal striped hexagon,setsize09,NA,horizontal,five,hexagon,crit,TRUE
participant012,distractors0,orientredundant,horizontal striped square,setsize09,NA,horizontal,nine,square,crit,TRUE
participant012,distractors1,orientredundant,horizontal striped circle,setsize09,NA,horizontal,five,circle,crit,TRUE
participant012,distractors1,orientredundant,vertical striped square,setsize09,NA,vertical,six,square,crit,TRUE
participant012,distractors2,orientredundant,horizontal striped hexagon,setsize09,NA,horizontal,five,hexagon,crit,TRUE
participant012,distractors2,orientredundant,horizontal striped square,setsize09,NA,horizontal,one,square,crit,TRUE
participant012,distractors3,orientredundant,vertical striped pentagon,setsize09,NA,vertical,four,pentagon,crit,TRUE
participant012,distractors3,orientredundant,vertical striped square,setsize09,NA,vertical,five,square,crit,TRUE
participant012,distractors4,orientredundant,vertical striped hexagon,setsize09,NA,vertical,two,hexagon,crit,TRUE
participant012,distractors4,orientredundant,vertical striped pentagon,setsize09,NA,vertical,eight,pentagon,crit,TRUE
participant013,distractors0,colorredundant,blue hexagon,setsize16,blue,NA,four,hexagon,crit,TRUE
participant013,distractors0,colorredundant,green pentagon,setsize16,green,NA,nine,pentagon,crit,TRUE
participant013,distractors1,colorredundant,blue circle,setsize16,blue,NA,eight,circle,crit,TRUE
participant013,distractors1,colorredundant,green pentagon,setsize16,green,NA,two,pentagon,crit,TRUE
participant013,distractors2,colorredundant,blue hexagon,setsize16,blue,NA,ten,hexagon,crit,TRUE
participant013,distractors2,colorredundant,green square,setsize16,green,NA,fifteen,square,crit,TRUE
participant013,distractors3,colorredundant,blue hexagon,setsize16,blue,NA,ten,hexagon,crit,TRUE
participant013,distractors3,colorredundant,green hexagon,setsize16,green,NA,one,hexagon,crit,TRUE
participant013,distractors4,colorredundant,blue pentagon,setsize16,blue,NA,four,hexagon,crit,TRUE
participant013,distractors4,colorredundant,blue square,setsize16,blue,NA,five,square,crit,TRUE
participant013,distractors0,colorredundant,blue hexagon,setsize03,blue,NA,one,hexagon,crit,TRUE
participant013,distractors0,colorredundant,blue pentagon,setsize03,blue,NA,three,pentagon,crit,TRUE
participant013,distractors1,colorredundant,green circle,setsize03,green,NA,two,circle,crit,TRUE
participant013,distractors1,colorredundant,green pentagon,setsize03,green,NA,two,pentagon,crit,TRUE
participant013,distractors0,colorredundant,blue pentagon,setsize06,blue,NA,one,pentagon,crit,TRUE
participant013,distractors0,colorredundant,green square,setsize06,green,NA,two,square,crit,TRUE
participant013,distractors1,colorredundant,blue circle,setsize06,blue,NA,two,circle,crit,TRUE
participant013,distractors1,colorredundant,green circle,setsize06,green,NA,five,circle,crit,TRUE
participant013,distractors2,colorredundant,blue square,setsize06,blue,NA,five,square,crit,TRUE
participant013,distractors2,colorredundant,green square,setsize06,green,NA,five,square,crit,TRUE
participant013,distractors3,colorredundant,green hexagon,setsize06,green,NA,five,hexagon,crit,TRUE
participant013,distractors3,colorredundant,green hexagon,setsize06,green,NA,six,hexagon,crit,TRUE
participant013,distractors4,colorredundant,blue hexagon,setsize06,blue,NA,two,hexagon,crit,TRUE
participant013,distractors4,colorredundant,green hexagon,setsize06,green,NA,three,hexagon,crit,TRUE
participant013,distractors0,colorredundant,green hexagon,setsize09,green,NA,nine,hexagon,crit,TRUE
participant013,distractors0,colorredundant,green hexagon,setsize09,green,NA,three,hexagon,crit,TRUE
participant013,distractors1,colorredundant,green hexagon,setsize09,green,NA,five,hexagon,crit,TRUE
participant013,distractors1,colorredundant,green hexagon,setsize09,green,NA,nine,hexagon,crit,TRUE
participant013,distractors2,colorredundant,blue square,setsize09,blue,NA,one,square,crit,TRUE
participant013,distractors2,colorredundant,green square,setsize09,green,NA,three,square,crit,TRUE
participant013,distractors3,colorredundant,green pentagon,setsize09,green,NA,eight,pentagon,crit,TRUE
participant013,distractors3,colorredundant,green pentagon,setsize09,green,NA,eight,pentagon,crit,TRUE
participant013,distractors4,colorredundant,blue hexagon,setsize09,blue,NA,nine,hexagon,crit,TRUE
participant013,distractors4,colorredundant,green pentagon,setsize09,green,NA,five,pentagon,crit,TRUE
participant014,distractors0,orientredundant,horizontal striped hexagon,setsize16,NA,horizontal,five,hexagon,crit,TRUE
participant014,distractors0,orientredundant,horizontal striped square,setsize16,NA,horizontal,fourteen,square,crit,TRUE
participant014,distractors1,orientredundant,vertical striped circle,setsize16,NA,vertical,fourteen,circle,crit,TRUE
participant014,distractors1,orientredundant,vertical striped horizontal striped hexagon,setsize16,NA,horizontal,fifteen,hexagon,crit,TRUE
participant014,distractors2,orientredundant,horizontal striped hexagon,setsize16,NA,horizontal,six,hexagon,crit,TRUE
participant014,distractors2,orientredundant,vertical striped circle,setsize16,NA,vertical,twelve,circle,crit,TRUE
participant014,distractors3,orientredundant,horizontal striped hexagon,setsize16,NA,horizontal,five,hexagon,crit,TRUE
participant014,distractors3,orientredundant,vertical striped hexagon,setsize16,NA,vertical,twelve,hexagon,crit,TRUE
participant014,distractors4,orientredundant,horizontal striped hexagon,setsize16,NA,horizontal,nine,hexagon,crit,TRUE
participant014,distractors4,orientredundant,vertical striped square,setsize16,NA,vertical,four,square,crit,TRUE
participant014,distractors0,orientredundant,horizontal striped pentagon,setsize03,NA,horizontal,three,pentagon,crit,TRUE
participant014,distractors0,orientredundant,vertical striped pentagon,setsize03,NA,vertical,one,pentagon,crit,TRUE
participant014,distractors1,orientredundant,horizontal striped hexagon,setsize03,NA,horizontal,three,hexagon,crit,TRUE
participant014,distractors1,orientredundant,vertical striped hexagon,setsize03,NA,vertical,two,hexagon,crit,TRUE
participant014,distractors0,orientredundant,horizontal striped hexagon,setsize06,NA,horizontal,six,hexagon,crit,TRUE
participant014,distractors0,orientredundant,vertical striped pentagon,setsize06,NA,vertical,five,pentagon,crit,TRUE
participant014,distractors1,orientredundant,horizontal striped hexagon,setsize06,NA,horizontal,one,hexagon,crit,TRUE
participant014,distractors1,orientredundant,horizontal striped pentagon,setsize06,NA,horizontal,six,pentagon,crit,TRUE
participant014,distractors2,orientredundant,vertical striped hexagon,setsize06,NA,vertical,three,hexagon,crit,TRUE
participant014,distractors2,orientredundant,vertical striped pentagon,setsize06,NA,vertical,six,pentagon,crit,TRUE
participant014,distractors3,orientredundant,vertical striped square,setsize06,NA,vertical,one,square,crit,TRUE
participant014,distractors3,orientredundant,vertical striped square,setsize06,NA,vertical,three,square,crit,TRUE
participant014,distractors4,orientredundant,horizontal striped hexagon,setsize06,NA,horizontal,five,hexagon,crit,TRUE
participant014,distractors4,orientredundant,horizontal striped hexagon,setsize06,NA,horizontal,six,hexagon,crit,TRUE
participant014,distractors0,orientredundant,vertical striped hexagon,setsize09,NA,vertical,six,hexagon,crit,TRUE
participant014,distractors0,orientredundant,vertical striped hexagon,setsize09,NA,vertical,three,hexagon,crit,TRUE
participant014,distractors1,orientredundant,horizontal striped square,setsize09,NA,horizontal,eight,square,crit,TRUE
participant014,distractors1,orientredundant,vertical striped circle,setsize09,NA,vertical,eight,circle,crit,TRUE
participant014,distractors2,orientredundant,vertical striped circle,setsize09,NA,vertical,seven,circle,crit,TRUE
participant014,distractors2,orientredundant,vertical striped pentagon,setsize09,NA,vertical,three,pentagon,crit,TRUE
participant014,distractors3,orientredundant,vertical striped hexagon,setsize09,NA,vertical,five,hexagon,crit,TRUE
participant014,distractors3,orientredundant,vertical striped hexagon,setsize09,NA,vertical,three,hexagon,crit,TRUE
participant014,distractors4,orientredundant,horizontal striped hexagon,setsize09,NA,horizontal,two,hexagon,crit,TRUE
participant014,distractors4,orientredundant,vertical striped pentagon,setsize09,NA,vertical,eight,pentagon,crit,TRUE
participant015,distractors0,orientredundant,pentagon,setsize16,NA,vertical,fifteen,pentagon,crit,FALSE
participant015,distractors0,orientredundant,square vertical striped,setsize16,NA,vertical,three,square,crit,TRUE
participant015,distractors1,orientredundant,hexagon horizontal striped,setsize16,NA,horizontal,two,hexagon,crit,TRUE
participant015,distractors1,orientredundant,square vertical striped,setsize16,NA,vertical,sixteen,square,crit,TRUE
participant015,distractors2,orientredundant,circle vertical striped,setsize16,NA,vertical,twelve,circle,crit,TRUE
participant015,distractors2,orientredundant,pentagon horizontal striped,setsize16,NA,horizontal,five,pentagon,crit,TRUE
participant015,distractors3,orientredundant,pentagon vertical striped,setsize16,NA,vertical,eleven,pentagon,crit,TRUE
participant015,distractors3,orientredundant,square horizontal striped,setsize16,NA,horizontal,two,square,crit,TRUE
participant015,distractors4,orientredundant,pentagon horizontal striped,setsize16,NA,horizontal,fifteen,pentagon,crit,TRUE
participant015,distractors4,orientredundant,pentagon horizontal striped,setsize16,NA,horizontal,four,pentagon,crit,TRUE
participant015,distractors0,orientredundant,pentagon horizontal striped,setsize03,NA,horizontal,three,pentagon,crit,TRUE
participant015,distractors0,orientredundant,square vertical striped,setsize03,NA,vertical,three,square,crit,TRUE
participant015,distractors1,orientredundant,circle horizontal striped,setsize03,NA,horizontal,three,circle,crit,TRUE
participant015,distractors1,orientredundant,hexagon vertical striped,setsize03,NA,vertical,one,hexagon,crit,TRUE
participant015,distractors0,orientredundant,circle vertical striped,setsize06,NA,vertical,two,circle,crit,TRUE
participant015,distractors0,orientredundant,square vertical striped,setsize06,NA,vertical,five,square,crit,TRUE
participant015,distractors1,orientredundant,pentagon horizontal striped,setsize06,NA,horizontal,four,pentagon,crit,TRUE
participant015,distractors1,orientredundant,square vertical striped,setsize06,NA,vertical,one,square,crit,TRUE
participant015,distractors2,orientredundant,hexagon horizontal striped,setsize06,NA,horizontal,six,hexagon,crit,TRUE
participant015,distractors2,orientredundant,square horizontal striped,setsize06,NA,horizontal,two,square,crit,TRUE
participant015,distractors3,orientredundant,circle vertical striped,setsize06,NA,vertical,two,circle,crit,TRUE
participant015,distractors3,orientredundant,square horizontal striped,setsize06,NA,horizontal,three,square,crit,TRUE
participant015,distractors4,orientredundant,circle horizontal striped,setsize06,NA,horizontal,five,circle,crit,TRUE
participant015,distractors4,orientredundant,circle vertical striped,setsize06,NA,vertical,six,circle,crit,TRUE
participant015,distractors0,orientredundant,pentagon horizontal striped,setsize09,NA,horizontal,one,pentagon,crit,TRUE
participant015,distractors0,orientredundant,pentagon pentagon,setsize09,NA,horizontal,six,pentagon,crit,FALSE
participant015,distractors1,orientredundant,pentagon vertical striped,setsize09,NA,vertical,four,pentagon,crit,TRUE
participant015,distractors1,orientredundant,square horizontal striped,setsize09,NA,horizontal,four,square,crit,TRUE
participant015,distractors2,orientredundant,hexagon horizontal striped,setsize09,NA,vertical,one,hexagon,crit,TRUE
participant015,distractors2,orientredundant,hexagon vertical striped,setsize09,NA,vertical,nine,hexagon,crit,TRUE
participant015,distractors3,orientredundant,circle horizontal striped,setsize09,NA,horizontal,six,circle,crit,TRUE
participant015,distractors3,orientredundant,square vertical striped,setsize09,NA,vertical,four,square,crit,TRUE
participant015,distractors4,orientredundant,circle horizontal striped,setsize09,NA,horizontal,one,circle,crit,TRUE
participant015,distractors4,orientredundant,pentagon horizontal striped,setsize09,NA,horizontal,seven,pentagon,crit,TRUE
participant016,distractors0,colorredundantlowfreq,jade square,setsize16,jade,NA,six,square,crit,TRUE
participant016,distractors0,colorredundantlowfreq,teal circle,setsize16,teal,NA,ten,circle,crit,TRUE
participant016,distractors1,colorredundantlowfreq,jade pentagon,setsize16,jade,NA,nine,pentagon,crit,TRUE
participant016,distractors1,colorredundantlowfreq,jade square,setsize16,jade,NA,five,square,crit,TRUE
participant016,distractors2,colorredundantlowfreq,jade circle,setsize16,jade,NA,three,circle,crit,TRUE
participant016,distractors2,colorredundantlowfreq,teal pentagon,setsize16,teal,NA,ten,pentagon,crit,TRUE
participant016,distractors3,colorredundantlowfreq,hexagon teal,setsize16,teal,NA,sixteen,hexagon,crit,TRUE
participant016,distractors3,colorredundantlowfreq,teal circle,setsize16,teal,NA,two,circle,crit,TRUE
participant016,distractors4,colorredundantlowfreq,jade square,setsize16,jade,NA,nine,square,crit,TRUE
participant016,distractors4,colorredundantlowfreq,teal hexagon,setsize16,teal,NA,three,hexagon,crit,TRUE
participant016,distractors0,colorredundantlowfreq,jade square,setsize03,jade,NA,three,square,crit,TRUE
participant016,distractors0,colorredundantlowfreq,teal hexagon,setsize03,teal,NA,three,hexagon,crit,TRUE
participant016,distractors1,colorredundantlowfreq,jade pentagon,setsize03,jade,NA,one,pentagon,crit,TRUE
participant016,distractors1,colorredundantlowfreq,jade square,setsize03,jade,NA,one,square,crit,TRUE
participant016,distractors0,colorredundantlowfreq,teal circle,setsize06,teal,NA,five,circle,crit,TRUE
participant016,distractors0,colorredundantlowfreq,teal hexagon,setsize06,teal,NA,two,hexagon,crit,TRUE
participant016,distractors1,colorredundantlowfreq,teal circle,setsize06,teal,NA,three,circle,crit,TRUE
participant016,distractors1,colorredundantlowfreq,teal pentagon,setsize06,teal,NA,three,pentagon,crit,TRUE
participant016,distractors2,colorredundantlowfreq,jade pentagon,setsize06,jade,NA,six,pentagon,crit,TRUE
participant016,distractors2,colorredundantlowfreq,jade square,setsize06,jade,NA,one,square,crit,TRUE
participant016,distractors3,colorredundantlowfreq,teal hexagon,setsize06,teal,NA,six,hexagon,crit,TRUE
participant016,distractors3,colorredundantlowfreq,teal hexagon,setsize06,teal,NA,six,hexagon,crit,TRUE
participant016,distractors4,colorredundantlowfreq,jade pentagon,setsize06,jade,NA,five,pentagon,crit,TRUE
participant016,distractors4,colorredundantlowfreq,teal circle,setsize06,teal,NA,five,circle,crit,TRUE
participant016,distractors0,colorredundantlowfreq,jade pentagon,setsize09,jade,NA,nine,pentagon,crit,TRUE
participant016,distractors0,colorredundantlowfreq,teal pentagon,setsize09,teal,NA,five,pentagon,crit,TRUE
participant016,distractors1,colorredundantlowfreq,jade hexagon,setsize09,jade,NA,eight,hexagon,crit,TRUE
participant016,distractors1,colorredundantlowfreq,teal hexagon,setsize09,teal,NA,one,hexagon,crit,TRUE
participant016,distractors2,colorredundantlowfreq,jade circle,setsize09,jade,NA,seven,circle,crit,TRUE
participant016,distractors2,colorredundantlowfreq,teal pentagon,setsize09,teal,NA,seven,pentagon,crit,TRUE
participant016,distractors3,colorredundantlowfreq,jade circle,setsize09,jade,NA,three,circle,crit,TRUE
participant016,distractors3,colorredundantlowfreq,teal square,setsize09,teal,NA,three,square,crit,TRUE
participant016,distractors4,colorredundantlowfreq,jade circle,setsize09,jade,NA,five,circle,crit,TRUE
participant016,distractors4,colorredundantlowfreq,teal hexagon,setsize09,teal,NA,six,hexagon,crit,TRUE
participant017,distractors0,orientredundant,horizontal striped pentagon,setsize16,NA,horizontal,nine,pentagon,crit,TRUE
participant017,distractors0,orientredundant,vertical striped hexagon,setsize16,NA,vertical,ten,hexagon,crit,TRUE
participant017,distractors1,orientredundant,horizontal striped circle,setsize16,NA,horizontal,seven,circle,crit,TRUE
participant017,distractors1,orientredundant,vertical striped circle,setsize16,NA,vertical,fourteen,circle,crit,TRUE
participant017,distractors2,orientredundant,pentagon,setsize16,NA,horizontal,nine,pentagon,crit,FALSE
participant017,distractors2,orientredundant,square vertical striped,setsize16,NA,vertical,ten,square,crit,TRUE
participant017,distractors3,orientredundant,horizontal striped pentagon,setsize16,NA,horizontal,fourteen,pentagon,crit,TRUE
participant017,distractors3,orientredundant,vertical striped square,setsize16,NA,vertical,five,square,crit,TRUE
participant017,distractors4,orientredundant,circle vertical striped,setsize16,NA,vertical,one,circle,crit,TRUE
participant017,distractors4,orientredundant,horizontal striped square,setsize16,NA,horizontal,three,square,crit,TRUE
participant017,distractors0,orientredundant,circle horizontal striped,setsize03,NA,horizontal,one,circle,crit,TRUE
participant017,distractors0,orientredundant,hexagon vertical striped,setsize03,NA,vertical,one,hexagon,crit,TRUE
participant017,distractors1,orientredundant,horizontal striped circle,setsize03,NA,horizontal,two,circle,crit,TRUE
participant017,distractors1,orientredundant,pentagon horizontal striped,setsize03,NA,horizontal,three,pentagon,crit,TRUE
participant017,distractors0,orientredundant,hexagon vertical striped,setsize06,NA,vertical,five,hexagon,crit,TRUE
participant017,distractors0,orientredundant,square horizontal striped,setsize06,NA,horizontal,one,square,crit,TRUE
participant017,distractors1,orientredundant,horizontal striped pentagon,setsize06,NA,horizontal,three,pentagon,crit,TRUE
participant017,distractors1,orientredundant,horizontal striped pentagon,setsize06,NA,horizontal,two,pentagon,crit,TRUE
participant017,distractors2,orientredundant,circle horizontal striped,setsize06,NA,horizontal,one,circle,crit,TRUE
participant017,distractors2,orientredundant,horizontal striped square,setsize06,NA,horizontal,four,square,crit,TRUE
participant017,distractors3,orientredundant,hexagon vertical striped,setsize06,NA,vertical,three,hexagon,crit,TRUE
participant017,distractors3,orientredundant,pentagon horizontal striped,setsize06,NA,horizontal,five,pentagon,crit,TRUE
participant017,distractors4,orientredundant,square horizontal striped,setsize06,NA,horizontal,six,square,crit,TRUE
participant017,distractors4,orientredundant,square vertical striped,setsize06,NA,vertical,two,square,crit,TRUE
participant017,distractors0,orientredundant,vertical striped circle,setsize09,NA,vertical,eight,circle,crit,TRUE
participant017,distractors0,orientredundant,vertical striped circle,setsize09,NA,vertical,six,circle,crit,TRUE
participant017,distractors1,orientredundant,horizontal striped square,setsize09,NA,horizontal,seven,square,crit,TRUE
participant017,distractors1,orientredundant,pentagon horizontal striped,setsize09,NA,horizontal,three,pentagon,crit,TRUE
participant017,distractors2,orientredundant,square vertical striped,setsize09,NA,vertical,one,square,crit,TRUE
participant017,distractors2,orientredundant,vertical striped square,setsize09,NA,vertical,three,square,crit,TRUE
participant017,distractors3,orientredundant,horizontal striped hexagon,setsize09,NA,horizontal,three,hexagon,crit,TRUE
participant017,distractors3,orientredundant,vertical striped pentagon,setsize09,NA,vertical,six,pentagon,crit,TRUE
participant017,distractors4,orientredundant,vertical striped circle,setsize09,NA,vertical,three,circle,crit,TRUE
participant017,distractors4,orientredundant,vertical striped square,setsize09,NA,vertical,seven,square,crit,TRUE
participant018,distractors0,orientredundant,circle,setsize16,NA,vertical,fifteen,circle,crit,FALSE
participant018,distractors0,orientredundant,hexagon,setsize16,NA,vertical,two,hexagon,crit,FALSE
participant018,distractors1,orientredundant,circle,setsize16,NA,vertical,five,circle,crit,FALSE
participant018,distractors1,orientredundant,pentagon,setsize16,NA,horizontal,eleven,pentagon,crit,FALSE
participant018,distractors2,orientredundant,circle,setsize16,NA,vertical,ten,circle,crit,FALSE
participant018,distractors2,orientredundant,square,setsize16,NA,vertical,eleven,square,crit,FALSE
participant018,distractors3,orientredundant,hexagon,setsize16,NA,vertical,four,hexagon,crit,FALSE
participant018,distractors3,orientredundant,hexagon,setsize16,NA,vertical,twelve,hexagon,crit,FALSE
participant018,distractors4,orientredundant,hexagon,setsize16,NA,vertical,eight,hexagon,crit,FALSE
participant018,distractors4,orientredundant,pentagon,setsize16,NA,horizontal,fourteen,pentagon,crit,FALSE
participant018,distractors0,orientredundant,pentagon,setsize03,NA,horizontal,one,pentagon,crit,FALSE
participant018,distractors0,orientredundant,pentagon,setsize03,NA,horizontal,two,pentagon,crit,FALSE
participant018,distractors1,orientredundant,hexagon,setsize03,NA,vertical,one,hexagon,crit,FALSE
participant018,distractors1,orientredundant,pentagon,setsize03,NA,horizontal,one,pentagon,crit,FALSE
participant018,distractors0,orientredundant,hexagon,setsize06,NA,vertical,five,hexagon,crit,FALSE
participant018,distractors0,orientredundant,hexagon,setsize06,NA,vertical,six,hexagon,crit,FALSE
participant018,distractors1,orientredundant,pentagon,setsize06,NA,vertical,six,pentagon,crit,FALSE
participant018,distractors1,orientredundant,vertical striped hexagon,setsize06,NA,vertical,five,hexagon,crit,TRUE
participant018,distractors2,orientredundant,hexagon,setsize06,NA,vertical,one,hexagon,crit,FALSE
participant018,distractors2,orientredundant,hexagon,setsize06,NA,horizontal,six,hexagon,crit,FALSE
participant018,distractors3,orientredundant,hexagon,setsize06,NA,vertical,two,hexagon,crit,FALSE
participant018,distractors3,orientredundant,square,setsize06,NA,horizontal,two,square,crit,FALSE
participant018,distractors4,orientredundant,hexagon,setsize06,NA,vertical,four,hexagon,crit,FALSE
participant018,distractors4,orientredundant,hexagon,setsize06,NA,vertical,six,hexagon,crit,FALSE
participant018,distractors0,orientredundant,pentagon,setsize09,NA,horizontal,four,pentagon,crit,FALSE
participant018,distractors0,orientredundant,pentagon,setsize09,NA,horizontal,four,pentagon,crit,FALSE
participant018,distractors1,orientredundant,circle,setsize09,NA,vertical,six,circle,crit,FALSE
participant018,distractors1,orientredundant,hexagon,setsize09,NA,vertical,eight,hexagon,crit,FALSE
participant018,distractors2,orientredundant,pentagon,setsize09,NA,vertical,six,pentagon,crit,FALSE
participant018,distractors2,orientredundant,square,setsize09,NA,vertical,one,square,crit,FALSE
participant018,distractors3,orientredundant,circle,setsize09,NA,horizontal,one,circle,crit,FALSE
participant018,distractors3,orientredundant,square,setsize09,NA,vertical,seven,square,crit,FALSE
participant018,distractors4,orientredundant,hexagon,setsize09,NA,vertical,seven,hexagon,crit,FALSE
participant018,distractors4,orientredundant,pentagon,setsize09,NA,horizontal,four,pentagon,crit,FALSE
participant019,distractors0,colorredundantlowfreq,circle,setsize16,jade,NA,one,circle,crit,FALSE
participant019,distractors0,colorredundantlowfreq,pentagon,setsize16,teal,NA,sixteen,pentagon,crit,FALSE
participant019,distractors1,colorredundantlowfreq,square,setsize16,teal,NA,fifteen,square,crit,FALSE
participant019,distractors1,colorredundantlowfreq,square,setsize16,jade,NA,fourteen,square,crit,FALSE
participant019,distractors2,colorredundantlowfreq,pentagon,setsize16,teal,NA,eleven,pentagon,crit,FALSE
participant019,distractors2,colorredundantlowfreq,square,setsize16,teal,NA,fifteen,square,crit,FALSE
participant019,distractors3,colorredundantlowfreq,pentagon,setsize16,jade,NA,seven,pentagon,crit,FALSE
participant019,distractors3,colorredundantlowfreq,square,setsize16,jade,NA,seven,square,crit,FALSE
participant019,distractors4,colorredundantlowfreq,square,setsize16,jade,NA,eleven,square,crit,FALSE
participant019,distractors4,colorredundantlowfreq,square,setsize16,teal,NA,five,square,crit,FALSE
participant019,distractors0,colorredundantlowfreq,circle,setsize03,jade,NA,two,circle,crit,FALSE
participant019,distractors0,colorredundantlowfreq,square,setsize03,jade,NA,two,square,crit,FALSE
participant019,distractors1,colorredundantlowfreq,circle,setsize03,teal,NA,two,circle,crit,FALSE
participant019,distractors1,colorredundantlowfreq,hexagon,setsize03,jade,NA,two,hexagon,crit,FALSE
participant019,distractors0,colorredundantlowfreq,hexagon,setsize06,jade,NA,one,hexagon,crit,FALSE
participant019,distractors0,colorredundantlowfreq,square,setsize06,teal,NA,one,square,crit,FALSE
participant019,distractors1,colorredundantlowfreq,hexagon,setsize06,jade,NA,two,hexagon,crit,FALSE
participant019,distractors1,colorredundantlowfreq,pentagon,setsize06,teal,NA,six,pentagon,crit,FALSE
participant019,distractors2,colorredundantlowfreq,circle,setsize06,jade,NA,five,circle,crit,FALSE
participant019,distractors2,colorredundantlowfreq,hexagon,setsize06,teal,NA,six,square,crit,FALSE
participant019,distractors3,colorredundantlowfreq,circle,setsize06,jade,NA,one,circle,crit,FALSE
participant019,distractors3,colorredundantlowfreq,pentagon,setsize06,teal,NA,one,pentagon,crit,FALSE
participant019,distractors4,colorredundantlowfreq,hexagon,setsize06,teal,NA,five,hexagon,crit,FALSE
participant019,distractors4,colorredundantlowfreq,pentagon,setsize06,jade,NA,six,pentagon,crit,FALSE
participant019,distractors0,colorredundantlowfreq,pentagon,setsize09,jade,NA,seven,pentagon,crit,FALSE
participant019,distractors0,colorredundantlowfreq,pentagon,setsize09,jade,NA,six,pentagon,crit,FALSE
participant019,distractors1,colorredundantlowfreq,square,setsize09,teal,NA,four,square,crit,FALSE
participant019,distractors1,colorredundantlowfreq,square,setsize09,jade,NA,one,square,crit,FALSE
participant019,distractors2,colorredundantlowfreq,hexagon,setsize09,teal,NA,three,hexagon,crit,FALSE
participant019,distractors2,colorredundantlowfreq,pentagon,setsize09,teal,NA,six,pentagon,crit,FALSE
participant019,distractors3,colorredundantlowfreq,hexagon hexagon,setsize09,teal,NA,nine,hexagon,crit,FALSE
participant019,distractors3,colorredundantlowfreq,square,setsize09,teal,NA,four,square,crit,FALSE
participant019,distractors4,colorredundantlowfreq,circle,setsize09,teal,NA,two,circle,crit,FALSE
participant019,distractors4,colorredundantlowfreq,pentagon,setsize09,jade,NA,one,pentagon,crit,FALSE
participant020,distractors0,colorredundant,green hexagon,setsize16,green,NA,five,hexagon,crit,TRUE
participant020,distractors0,colorredundant,green hexagon,setsize16,green,NA,one,hexagon,crit,TRUE
participant020,distractors1,colorredundant,blue pentagon,setsize16,blue,NA,four,pentagon,crit,TRUE
participant020,distractors1,colorredundant,blue pentagon,setsize16,blue,NA,six,pentagon,crit,TRUE
participant020,distractors2,colorredundant,blue hexagon,setsize16,blue,NA,eleven,hexagon,crit,TRUE
participant020,distractors2,colorredundant,blue square,setsize16,blue,NA,six,square,crit,TRUE
participant020,distractors3,colorredundant,blue pentagon,setsize16,blue,NA,two,pentagon,crit,TRUE
participant020,distractors3,colorredundant,blue square,setsize16,blue,NA,sixteen,square,crit,TRUE
participant020,distractors4,colorredundant,green square,setsize16,green,NA,eleven,square,crit,TRUE
participant020,distractors4,colorredundant,green square,setsize16,green,NA,sixteen,square,crit,TRUE
participant020,distractors0,colorredundant,blue pentagon,setsize03,blue,NA,three,pentagon,crit,TRUE
participant020,distractors0,colorredundant,blue square,setsize03,blue,NA,one,square,crit,TRUE
participant020,distractors1,colorredundant,blue pentagon,setsize03,blue,NA,three,pentagon,crit,TRUE
participant020,distractors1,colorredundant,blue square,setsize03,blue,NA,three,square,crit,TRUE
participant020,distractors0,colorredundant,green circle,setsize06,green,NA,three,circle,crit,TRUE
participant020,distractors0,colorredundant,green pentagon,setsize06,green,NA,six,pentagon,crit,TRUE
participant020,distractors1,colorredundant,green hexagon,setsize06,green,NA,six,hexagon,crit,TRUE
participant020,distractors1,colorredundant,green pentagon,setsize06,green,NA,one,pentagon,crit,TRUE
participant020,distractors2,colorredundant,green circle,setsize06,green,NA,six,circle,crit,TRUE
participant020,distractors2,colorredundant,green pentagon,setsize06,green,NA,two,pentagon,crit,TRUE
participant020,distractors3,colorredundant,blue circle,setsize06,blue,NA,five,circle,crit,TRUE
participant020,distractors3,colorredundant,green square,setsize06,green,NA,two,square,crit,TRUE
participant020,distractors4,colorredundant,green square,setsize06,green,NA,four,square,crit,TRUE
participant020,distractors4,colorredundant,green square,setsize06,green,NA,one,square,crit,TRUE
participant020,distractors0,colorredundant,blue pentagon,setsize09,blue,NA,seven,pentagon,crit,TRUE
participant020,distractors0,colorredundant,green square,setsize09,green,NA,seven,square,crit,TRUE
participant020,distractors1,colorredundant,blue pentagon,setsize09,blue,NA,three,pentagon,crit,TRUE
participant020,distractors1,colorredundant,green pentagon,setsize09,green,NA,two,pentagon,crit,TRUE
participant020,distractors2,colorredundant,blue pentagon,setsize09,blue,NA,nine,pentagon,crit,TRUE
participant020,distractors2,colorredundant,green circle,setsize09,green,NA,six,circle,crit,TRUE
participant020,distractors3,colorredundant,blue circle,setsize09,blue,NA,eight,circle,crit,TRUE
participant020,distractors3,colorredundant,green square,setsize09,green,NA,three,square,crit,TRUE
participant020,distractors4,colorredundant,blue pentagon,setsize09,blue,NA,two,pentagon,crit,TRUE
participant020,distractors4,colorredundant,blue pentagon,setsize09,blue,NA,two,pentagon,crit,TRUE
participant021,distractors0,colorredundantlowfreq,jade circle,setsize16,jade,NA,three,circle,crit,TRUE
participant021,distractors0,colorredundantlowfreq,teal hexagon,setsize16,teal,NA,fourteen,hexagon,crit,TRUE
participant021,distractors1,colorredundantlowfreq,teal circle,setsize16,teal,NA,sixteen,circle,crit,TRUE
participant021,distractors1,colorredundantlowfreq,teal pentagon,setsize16,teal,NA,two,pentagon,crit,TRUE
participant021,distractors2,colorredundantlowfreq,jade circle,setsize16,jade,NA,ten,circle,crit,TRUE
participant021,distractors2,colorredundantlowfreq,teal square,setsize16,jade,NA,twelve,square,crit,TRUE
participant021,distractors3,colorredundantlowfreq,jade hexagon,setsize16,jade,NA,one,hexagon,crit,TRUE
participant021,distractors3,colorredundantlowfreq,teal square,setsize16,teal,NA,six,square,crit,TRUE
participant021,distractors4,colorredundantlowfreq,jade circle,setsize16,jade,NA,eleven,circle,crit,TRUE
participant021,distractors4,colorredundantlowfreq,jade hexagon,setsize16,jade,NA,ten,hexagon,crit,TRUE
participant021,distractors0,colorredundantlowfreq,teal pentagon,setsize03,teal,NA,two,pentagon,crit,TRUE
participant021,distractors0,colorredundantlowfreq,teal square,setsize03,teal,NA,one,square,crit,TRUE
participant021,distractors1,colorredundantlowfreq,jade hexagon,setsize03,jade,NA,one,hexagon,crit,TRUE
participant021,distractors1,colorredundantlowfreq,jade square,setsize03,jade,NA,one,square,crit,TRUE
participant021,distractors0,colorredundantlowfreq,hexagon teal,setsize06,teal,NA,six,hexagon,crit,TRUE
participant021,distractors0,colorredundantlowfreq,teal square,setsize06,teal,NA,five,square,crit,TRUE
participant021,distractors1,colorredundantlowfreq,jade square,setsize06,jade,NA,six,square,crit,TRUE
participant021,distractors1,colorredundantlowfreq,teal pentagon,setsize06,teal,NA,four,pentagon,crit,TRUE
participant021,distractors2,colorredundantlowfreq,teal circle,setsize06,teal,NA,one,circle,crit,TRUE
participant021,distractors2,colorredundantlowfreq,teal pentagon,setsize06,teal,NA,two,pentagon,crit,TRUE
participant021,distractors3,colorredundantlowfreq,jade circle,setsize06,jade,NA,one,circle,crit,TRUE
participant021,distractors3,colorredundantlowfreq,teal circle,setsize06,teal,NA,five,circle,crit,TRUE
participant021,distractors4,colorredundantlowfreq,teal circle,setsize06,teal,NA,four,circle,crit,TRUE
participant021,distractors4,colorredundantlowfreq,teal hexagon,setsize06,teal,NA,five,hexagon,crit,TRUE
participant021,distractors0,colorredundantlowfreq,circle,setsize09,jade,NA,nine,circle,crit,FALSE
participant021,distractors0,colorredundantlowfreq,teal hexagon,setsize09,teal,NA,eight,hexagon,crit,TRUE
participant021,distractors1,colorredundantlowfreq,teal pentagon,setsize09,teal,NA,nine,pentagon,crit,TRUE
participant021,distractors1,colorredundantlowfreq,teal square,setsize09,teal,NA,one,square,crit,TRUE
participant021,distractors2,colorredundantlowfreq,jade circle,setsize09,jade,NA,two,circle,crit,TRUE
participant021,distractors2,colorredundantlowfreq,jade pentagon,setsize09,jade,NA,seven,pentagon,crit,TRUE
participant021,distractors3,colorredundantlowfreq,jade pentagon,setsize09,jade,NA,nine,pentagon,crit,TRUE
participant021,distractors3,colorredundantlowfreq,teal hexagon,setsize09,teal,NA,one,hexagon,crit,TRUE
participant021,distractors4,colorredundantlowfreq,circle,setsize09,jade,NA,five,circle,crit,FALSE
participant021,distractors4,colorredundantlowfreq,jade circle,setsize09,jade,NA,one,circle,crit,TRUE
participant022,distractors0,colorredundantlowfreq,circle,setsize16,teal,NA,thirteen,circle,crit,FALSE
participant022,distractors0,colorredundantlowfreq,square,setsize16,jade,NA,fifteen,square,crit,FALSE
participant022,distractors1,colorredundantlowfreq,hexagon,setsize16,jade,NA,four,hexagon,crit,FALSE
participant022,distractors1,colorredundantlowfreq,square,setsize16,teal,NA,one,square,crit,FALSE
participant022,distractors2,colorredundantlowfreq,hexagon,setsize16,teal,NA,fourteen,hexagon,crit,FALSE
participant022,distractors2,colorredundantlowfreq,pentagon,setsize16,jade,NA,seven,pentagon,crit,FALSE
participant022,distractors3,colorredundantlowfreq,circle,setsize16,teal,NA,six,circle,crit,FALSE
participant022,distractors3,colorredundantlowfreq,hexagon,setsize16,jade,NA,thirteen,hexagon,crit,FALSE
participant022,distractors4,colorredundantlowfreq,circle,setsize16,teal,NA,fourteen,circle,crit,FALSE
participant022,distractors4,colorredundantlowfreq,square,setsize16,jade,NA,fourteen,square,crit,FALSE
participant022,distractors0,colorredundantlowfreq,hexagon,setsize03,jade,NA,one,hexagon,crit,FALSE
participant022,distractors0,colorredundantlowfreq,pentagon,setsize03,jade,NA,two,pentagon,crit,FALSE
participant022,distractors1,colorredundantlowfreq,pentagon,setsize03,jade,NA,three,pentagon,crit,FALSE
participant022,distractors1,colorredundantlowfreq,square,setsize03,teal,NA,one,square,crit,FALSE
participant022,distractors0,colorredundantlowfreq,pentagon,setsize06,jade,NA,six,pentagon,crit,FALSE
participant022,distractors0,colorredundantlowfreq,square,setsize06,teal,NA,four,square,crit,FALSE
participant022,distractors1,colorredundantlowfreq,circle,setsize06,teal,NA,four,circle,crit,FALSE
participant022,distractors1,colorredundantlowfreq,hexagon,setsize06,jade,NA,six,hexagon,crit,FALSE
participant022,distractors2,colorredundantlowfreq,pentagon,setsize06,teal,NA,three,pentagon,crit,FALSE
participant022,distractors2,colorredundantlowfreq,square,setsize06,jade,NA,four,square,crit,FALSE
participant022,distractors3,colorredundantlowfreq,circle,setsize06,jade,NA,three,circle,crit,FALSE
participant022,distractors3,colorredundantlowfreq,square,setsize06,jade,NA,four,square,crit,FALSE
participant022,distractors4,colorredundantlowfreq,circle,setsize06,jade,NA,three,circle,crit,FALSE
participant022,distractors4,colorredundantlowfreq,square,setsize06,teal,NA,two,square,crit,FALSE
participant022,distractors0,colorredundantlowfreq,circle,setsize09,jade,NA,three,circle,crit,FALSE
participant022,distractors0,colorredundantlowfreq,pentagon,setsize09,teal,NA,one,pentagon,crit,FALSE
participant022,distractors1,colorredundantlowfreq,hexagon,setsize09,jade,NA,four,hexagon,crit,FALSE
participant022,distractors1,colorredundantlowfreq,square,setsize09,jade,NA,five,square,crit,FALSE
participant022,distractors2,colorredundantlowfreq,circle,setsize09,jade,NA,seven,circle,crit,FALSE
participant022,distractors2,colorredundantlowfreq,square,setsize09,jade,NA,eight,square,crit,FALSE
participant022,distractors3,colorredundantlowfreq,circle,setsize09,teal,NA,four,circle,crit,FALSE
participant022,distractors3,colorredundantlowfreq,pentagon,setsize09,teal,NA,seven,pentagon,crit,FALSE
participant022,distractors4,colorredundantlowfreq,hexagon,setsize09,jade,NA,nine,hexagon,crit,FALSE
participant022,distractors4,colorredundantlowfreq,pentagon,setsize09,teal,NA,six,pentagon,crit,FALSE
participant023,distractors0,colorredundant,circle,setsize16,blue,NA,eight,circle,crit,FALSE
participant023,distractors0,colorredundant,hexagon,setsize16,green,NA,eleven,pentagon,crit,FALSE
participant023,distractors1,colorredundant,hexagon,setsize16,green,NA,fifteen,hexagon,crit,FALSE
participant023,distractors1,colorredundant,square,setsize16,green,NA,thirteen,square,crit,FALSE
participant023,distractors2,colorredundant,hexagon,setsize16,blue,NA,one,hexagon,crit,FALSE
participant023,distractors2,colorredundant,square,setsize16,green,NA,seven,square,crit,FALSE
participant023,distractors3,colorredundant,pentagon,setsize16,green,NA,ten,pentagon,crit,FALSE
participant023,distractors3,colorredundant,square,setsize16,green,NA,fourteen,square,crit,FALSE
participant023,distractors4,colorredundant,circle,setsize16,blue,NA,eleven,circle,crit,FALSE
participant023,distractors4,colorredundant,circle,setsize16,blue,NA,ten,circle,crit,FALSE
participant023,distractors0,colorredundant,circle,setsize03,green,NA,three,circle,crit,FALSE
participant023,distractors0,colorredundant,pentagon,setsize03,green,NA,three,pentagon,crit,FALSE
participant023,distractors1,colorredundant,pentagon,setsize03,blue,NA,one,pentagon,crit,FALSE
participant023,distractors1,colorredundant,pentagon,setsize03,blue,NA,one,pentagon,crit,FALSE
participant023,distractors0,colorredundant,hexagon,setsize06,green,NA,five,hexagon,crit,FALSE
participant023,distractors0,colorredundant,pentagon,setsize06,blue,NA,one,pentagon,crit,FALSE
participant023,distractors1,colorredundant,pentagon,setsize06,blue,NA,two,pentagon,crit,FALSE
participant023,distractors1,colorredundant,square,setsize06,green,NA,five,square,crit,FALSE
participant023,distractors2,colorredundant,circle,setsize06,blue,NA,three,circle,crit,FALSE
participant023,distractors2,colorredundant,pentagon,setsize06,blue,NA,two,pentagon,crit,FALSE
participant023,distractors3,colorredundant,pentagon,setsize06,green,NA,two,pentagon,crit,FALSE
participant023,distractors3,colorredundant,square,setsize06,blue,NA,three,square,crit,FALSE
participant023,distractors4,colorredundant,pentagon,setsize06,blue,NA,one,pentagon,crit,FALSE
participant023,distractors4,colorredundant,pentagon,setsize06,green,NA,three,pentagon,crit,FALSE
participant023,distractors0,colorredundant,blue hexagon,setsize09,blue,NA,two,hexagon,crit,TRUE
participant023,distractors0,colorredundant,square,setsize09,blue,NA,six,square,crit,FALSE
participant023,distractors1,colorredundant,green circle,setsize09,green,NA,eight,circle,crit,TRUE
participant023,distractors1,colorredundant,hexagon,setsize09,blue,NA,four,hexagon,crit,FALSE
participant023,distractors2,colorredundant,circle,setsize09,green,NA,six,circle,crit,FALSE
participant023,distractors2,colorredundant,pentagon,setsize09,green,NA,four,pentagon,crit,FALSE
participant023,distractors3,colorredundant,circle,setsize09,blue,NA,four,circle,crit,FALSE
participant023,distractors3,colorredundant,pentagon,setsize09,blue,NA,nine,pentagon,crit,FALSE
participant023,distractors4,colorredundant,hexagon,setsize09,blue,NA,three,hexagon,crit,FALSE
participant023,distractors4,colorredundant,pentagon,setsize09,green,NA,seven,pentagon,crit,FALSE
participant024,distractors0,colorredundant,circle,setsize16,green,NA,five,circle,crit,FALSE
participant024,distractors0,colorredundant,hexagon,setsize16,green,NA,twelve,hexagon,crit,FALSE
participant024,distractors1,colorredundant,circle,setsize16,green,NA,eleven,circle,crit,FALSE
participant024,distractors1,colorredundant,pentagon,setsize16,blue,NA,five,pentagon,crit,FALSE
participant024,distractors2,colorredundant,pentagon green,setsize16,green,NA,sixteen,pentagon,crit,TRUE
participant024,distractors2,colorredundant,pentagon green,setsize16,green,NA,two,pentagon,crit,TRUE
participant024,distractors3,colorredundant,hexagon,setsize16,blue,NA,one,hexagon,crit,FALSE
participant024,distractors3,colorredundant,pentagon,setsize16,green,NA,one,pentagon,crit,FALSE
participant024,distractors4,colorredundant,hexagon blue,setsize16,blue,NA,nine,hexagon,crit,TRUE
participant024,distractors4,colorredundant,hexagon blue,setsize16,blue,NA,six,hexagon,crit,TRUE
participant024,distractors0,colorredundant,hexagon,setsize03,blue,NA,three,pentagon,crit,FALSE
participant024,distractors0,colorredundant,square,setsize03,blue,NA,two,square,crit,FALSE
participant024,distractors1,colorredundant,hexagon,setsize03,blue,NA,two,hexagon,crit,FALSE
participant024,distractors1,colorredundant,square,setsize03,blue,NA,one,square,crit,FALSE
participant024,distractors0,colorredundant,circle,setsize06,blue,NA,five,circle,crit,FALSE
participant024,distractors0,colorredundant,square,setsize06,blue,NA,two,square,crit,FALSE
participant024,distractors1,colorredundant,circle,setsize06,green,NA,four,circle,crit,FALSE
participant024,distractors1,colorredundant,hexagon,setsize06,blue,NA,four,hexagon,crit,FALSE
participant024,distractors2,colorredundant,hexagon,setsize06,blue,NA,one,hexagon,crit,FALSE
participant024,distractors2,colorredundant,square,setsize06,blue,NA,six,square,crit,FALSE
participant024,distractors3,colorredundant,hexagon,setsize06,blue,NA,six,hexagon,crit,FALSE
participant024,distractors3,colorredundant,square,setsize06,green,NA,six,square,crit,FALSE
participant024,distractors4,colorredundant,hexagon,setsize06,blue,NA,three,hexagon,crit,FALSE
participant024,distractors4,colorredundant,pentagon,setsize06,green,NA,six,pentagon,crit,FALSE
participant024,distractors0,colorredundant,hexagon,setsize09,green,NA,five,hexagon,crit,FALSE
participant024,distractors0,colorredundant,square,setsize09,green,NA,four,square,crit,FALSE
participant024,distractors1,colorredundant,hexagon,setsize09,blue,NA,eight,hexagon,crit,FALSE
participant024,distractors1,colorredundant,hexagon,setsize09,blue,NA,nine,hexagon,crit,FALSE
participant024,distractors2,colorredundant,circle,setsize09,blue,NA,five,circle,crit,FALSE
participant024,distractors2,colorredundant,square,setsize09,green,NA,seven,square,crit,FALSE
participant024,distractors3,colorredundant,square,setsize09,green,NA,four,square,crit,FALSE
participant024,distractors3,colorredundant,square,setsize09,blue,NA,one,square,crit,FALSE
participant024,distractors4,colorredundant,circle,setsize09,green,NA,five,circle,crit,FALSE
participant024,distractors4,colorredundant,pentagon,setsize09,green,NA,four,pentagon,crit,FALSE
participant025,distractors0,colorredundant,green pentagon,setsize16,green,NA,five,pentagon,crit,TRUE
participant025,distractors0,colorredundant,green square,setsize16,green,NA,thirteen,square,crit,TRUE
participant025,distractors1,colorredundant,green pentagon,setsize16,green,NA,sixteen,pentagon,crit,TRUE
participant025,distractors1,colorredundant,green square,setsize16,green,NA,seven,square,crit,TRUE
participant025,distractors2,colorredundant,blue circle,setsize16,blue,NA,six,circle,crit,TRUE
participant025,distractors2,colorredundant,blue hexagon,setsize16,blue,NA,three,hexagon,crit,TRUE
participant025,distractors3,colorredundant,green circle,setsize16,green,NA,nine,circle,crit,TRUE
participant025,distractors3,colorredundant,green square,setsize16,green,NA,eleven,square,crit,TRUE
participant025,distractors4,colorredundant,blue pentagon,setsize16,blue,NA,three,pentagon,crit,TRUE
participant025,distractors4,colorredundant,green hexagon,setsize16,green,NA,two,hexagon,crit,TRUE
participant025,distractors0,colorredundant,blue circle,setsize03,blue,NA,two,circle,crit,TRUE
participant025,distractors0,colorredundant,green pentagon,setsize03,green,NA,three,pentagon,crit,TRUE
participant025,distractors1,colorredundant,blue circle,setsize03,blue,NA,one,circle,crit,TRUE
participant025,distractors1,colorredundant,blue square,setsize03,blue,NA,two,square,crit,TRUE
participant025,distractors0,colorredundant,green pentagon,setsize06,green,NA,one,pentagon,crit,TRUE
participant025,distractors0,colorredundant,green pentagon,setsize06,green,NA,one,pentagon,crit,TRUE
participant025,distractors1,colorredundant,blue square,setsize06,blue,NA,five,square,crit,TRUE
participant025,distractors1,colorredundant,blue square,setsize06,blue,NA,five,square,crit,TRUE
participant025,distractors2,colorredundant,blue square,setsize06,blue,NA,six,square,crit,TRUE
participant025,distractors2,colorredundant,green pentagon,setsize06,green,NA,four,pentagon,crit,TRUE
participant025,distractors3,colorredundant,green circle,setsize06,green,NA,four,circle,crit,TRUE
participant025,distractors3,colorredundant,green hexagon,setsize06,green,NA,two,hexagon,crit,TRUE
participant025,distractors4,colorredundant,blue pentagon,setsize06,blue,NA,one,pentagon,crit,TRUE
participant025,distractors4,colorredundant,green circle,setsize06,green,NA,six,circle,crit,TRUE
participant025,distractors0,colorredundant,blue hexagon,setsize09,blue,NA,two,hexagon,crit,TRUE
participant025,distractors0,colorredundant,green hexagon,setsize09,green,NA,seven,hexagon,crit,TRUE
participant025,distractors1,colorredundant,blue pentagon,setsize09,blue,NA,nine,pentagon,crit,TRUE
participant025,distractors1,colorredundant,green circle,setsize09,green,NA,five,circle,crit,TRUE
participant025,distractors2,colorredundant,green hexagon,setsize09,green,NA,three,hexagon,crit,TRUE
participant025,distractors2,colorredundant,green square,setsize09,green,NA,two,square,crit,TRUE
participant025,distractors3,colorredundant,blue circle,setsize09,blue,NA,seven,circle,crit,TRUE
participant025,distractors3,colorredundant,green pentagon,setsize09,green,NA,three,pentagon,crit,TRUE
participant025,distractors4,colorredundant,green pentagon,setsize09,green,NA,five,pentagon,crit,TRUE
participant025,distractors4,colorredundant,green square,setsize09,green,NA,nine,square,crit,TRUE
participant026,distractors0,colorredundant,blue square,setsize16,blue,NA,seven,square,crit,TRUE
participant026,distractors0,colorredundant,green pentagon,setsize16,green,NA,four,pentagon,crit,TRUE
participant026,distractors1,colorredundant,green circle,setsize16,green,NA,eight,circle,crit,TRUE
participant026,distractors1,colorredundant,green circle,setsize16,green,NA,nine,circle,crit,TRUE
participant026,distractors2,colorredundant,blue square,setsize16,blue,NA,twelve,square,crit,TRUE
participant026,distractors2,colorredundant,green hexagon,setsize16,green,NA,ten,hexagon,crit,TRUE
participant026,distractors3,colorredundant,green circle,setsize16,green,NA,sixteen,circle,crit,TRUE
participant026,distractors3,colorredundant,green square,setsize16,green,NA,two,square,crit,TRUE
participant026,distractors4,colorredundant,blue square,setsize16,blue,NA,four,square,crit,TRUE
participant026,distractors4,colorredundant,green hexagon,setsize16,green,NA,eight,hexagon,crit,TRUE
participant026,distractors0,colorredundant,blue circle,setsize03,blue,NA,three,circle,crit,TRUE
participant026,distractors0,colorredundant,blue square,setsize03,blue,NA,three,square,crit,TRUE
participant026,distractors1,colorredundant,blue hexagon,setsize03,blue,NA,two,hexagon,crit,TRUE
participant026,distractors1,colorredundant,blue square,setsize03,blue,NA,one,square,crit,TRUE
participant026,distractors0,colorredundant,blue pentagon,setsize06,blue,NA,three,pentagon,crit,TRUE
participant026,distractors0,colorredundant,hexagon,setsize06,green,NA,one,hexagon,crit,FALSE
participant026,distractors1,colorredundant,green pentagon,setsize06,green,NA,two,pentagon,crit,TRUE
participant026,distractors1,colorredundant,green square,setsize06,green,NA,six,square,crit,TRUE
participant026,distractors2,colorredundant,green circle,setsize06,green,NA,five,circle,crit,TRUE
participant026,distractors2,colorredundant,green hexagon,setsize06,green,NA,three,hexagon,crit,TRUE
participant026,distractors3,colorredundant,blue square,setsize06,blue,NA,one,square,crit,TRUE
participant026,distractors3,colorredundant,green square,setsize06,green,NA,five,square,crit,TRUE
participant026,distractors4,colorredundant,green circle,setsize06,green,NA,two,circle,crit,TRUE
participant026,distractors4,colorredundant,green square,setsize06,green,NA,five,square,crit,TRUE
participant026,distractors0,colorredundant,blue circle,setsize09,blue,NA,nine,circle,crit,TRUE
participant026,distractors0,colorredundant,blue square,setsize09,blue,NA,eight,square,crit,TRUE
participant026,distractors1,colorredundant,blue pentagon,setsize09,blue,NA,three,pentagon,crit,TRUE
participant026,distractors1,colorredundant,green square,setsize09,green,NA,two,square,crit,TRUE
participant026,distractors2,colorredundant,blue circle,setsize09,blue,NA,four,circle,crit,TRUE
participant026,distractors2,colorredundant,green hexagon,setsize09,green,NA,one,hexagon,crit,TRUE
participant026,distractors3,colorredundant,blue square,setsize09,blue,NA,five,square,crit,TRUE
participant026,distractors3,colorredundant,green hexagon,setsize09,green,NA,four,hexagon,crit,TRUE
participant026,distractors4,colorredundant,blue pentagon,setsize09,blue,NA,one,pentagon,crit,TRUE
participant026,distractors4,colorredundant,green pentagon,setsize09,green,NA,one,pentagon,crit,TRUE
participant027,distractors0,colorredundantlowfreq,teal pentagon,setsize16,teal,NA,thirteen,pentagon,crit,TRUE
participant027,distractors0,colorredundantlowfreq,teal square,setsize16,teal,NA,six,square,crit,TRUE
participant027,distractors1,colorredundantlowfreq,jade pentagon,setsize16,jade,NA,eight,pentagon,crit,TRUE
participant027,distractors1,colorredundantlowfreq,jade square,setsize16,jade,NA,eleven,square,crit,TRUE
participant027,distractors2,colorredundantlowfreq,teal circle,setsize16,teal,NA,five,circle,crit,TRUE
participant027,distractors2,colorredundantlowfreq,teal square,setsize16,teal,NA,six,square,crit,TRUE
participant027,distractors3,colorredundantlowfreq,jade hexagon,setsize16,jade,NA,five,hexagon,crit,TRUE
participant027,distractors3,colorredundantlowfreq,teal square,setsize16,teal,NA,two,square,crit,TRUE
participant027,distractors4,colorredundantlowfreq,jade hexagon,setsize16,jade,NA,one,hexagon,crit,TRUE
participant027,distractors4,colorredundantlowfreq,teal pentagon,setsize16,teal,NA,six,pentagon,crit,TRUE
participant027,distractors0,colorredundantlowfreq,jade hexagon,setsize03,jade,NA,one,hexagon,crit,TRUE
participant027,distractors0,colorredundantlowfreq,square,setsize03,teal,NA,three,square,crit,FALSE
participant027,distractors1,colorredundantlowfreq,jade hexagon,setsize03,jade,NA,two,hexagon,crit,TRUE
participant027,distractors1,colorredundantlowfreq,teal pentagon,setsize03,teal,NA,two,pentagon,crit,TRUE
participant027,distractors0,colorredundantlowfreq,jade hexagon,setsize06,jade,NA,three,hexagon,crit,TRUE
participant027,distractors0,colorredundantlowfreq,jade square,setsize06,jade,NA,two,square,crit,TRUE
participant027,distractors1,colorredundantlowfreq,jade square,setsize06,jade,NA,six,square,crit,TRUE
participant027,distractors1,colorredundantlowfreq,jade square,setsize06,jade,NA,two,square,crit,TRUE
participant027,distractors2,colorredundantlowfreq,jade circle,setsize06,jade,NA,four,circle,crit,TRUE
participant027,distractors2,colorredundantlowfreq,teal square,setsize06,teal,NA,three,square,crit,TRUE
participant027,distractors3,colorredundantlowfreq,teal pentagon,setsize06,teal,NA,six,pentagon,crit,TRUE
participant027,distractors3,colorredundantlowfreq,teal square,setsize06,teal,NA,three,square,crit,TRUE
participant027,distractors4,colorredundantlowfreq,teal circle,setsize06,teal,NA,two,circle,crit,TRUE
participant027,distractors4,colorredundantlowfreq,teal pentagon,setsize06,teal,NA,four,pentagon,crit,TRUE
participant027,distractors0,colorredundantlowfreq,jade hexagon,setsize09,jade,NA,nine,hexagon,crit,TRUE
participant027,distractors0,colorredundantlowfreq,teal circle,setsize09,teal,NA,six,circle,crit,TRUE
participant027,distractors1,colorredundantlowfreq,jade square,setsize09,jade,NA,eight,square,crit,TRUE
participant027,distractors1,colorredundantlowfreq,teal hexagon,setsize09,teal,NA,seven,hexagon,crit,TRUE
participant027,distractors2,colorredundantlowfreq,jade pentagon,setsize09,jade,NA,five,pentagon,crit,TRUE
participant027,distractors2,colorredundantlowfreq,teal hexagon,setsize09,teal,NA,four,hexagon,crit,TRUE
participant027,distractors3,colorredundantlowfreq,teal hexagon,setsize09,teal,NA,seven,hexagon,crit,TRUE
participant027,distractors3,colorredundantlowfreq,teal pentagon,setsize09,teal,NA,seven,pentagon,crit,TRUE
participant027,distractors4,colorredundantlowfreq,jade square,setsize09,jade,NA,six,square,crit,TRUE
participant027,distractors4,colorredundantlowfreq,teal pentagon,setsize09,teal,NA,nine,pentagon,crit,TRUE
participant028,distractors0,orientredundant,circle,setsize16,NA,horizontal,fourteen,circle,crit,FALSE
participant028,distractors0,orientredundant,pentagon,setsize16,NA,horizontal,three,pentagon,crit,FALSE
participant028,distractors1,orientredundant,hexagon,setsize16,NA,vertical,three,hexagon,crit,FALSE
participant028,distractors1,orientredundant,square,setsize16,NA,vertical,thirteen,square,crit,FALSE
participant028,distractors2,orientredundant,pentagon,setsize16,NA,vertical,one,pentagon,crit,FALSE
participant028,distractors2,orientredundant,square,setsize16,NA,vertical,twelve,square,crit,FALSE
participant028,distractors3,orientredundant,circle,setsize16,NA,horizontal,sixteen,circle,crit,FALSE
participant028,distractors3,orientredundant,pentagon,setsize16,NA,vertical,eleven,pentagon,crit,FALSE
participant028,distractors4,orientredundant,pentagon,setsize16,NA,horizontal,two,pentagon,crit,FALSE
participant028,distractors4,orientredundant,pentagon,setsize16,NA,vertical,two,pentagon,crit,FALSE
participant028,distractors0,orientredundant,circle,setsize03,NA,vertical,one,circle,crit,FALSE
participant028,distractors0,orientredundant,circle,setsize03,NA,horizontal,three,circle,crit,FALSE
participant028,distractors1,orientredundant,square,setsize03,NA,vertical,three,square,crit,FALSE
participant028,distractors1,orientredundant,square,setsize03,NA,vertical,two,square,crit,FALSE
participant028,distractors0,orientredundant,hexagon,setsize06,NA,horizontal,five,hexagon,crit,FALSE
participant028,distractors0,orientredundant,square,setsize06,NA,horizontal,six,square,crit,FALSE
participant028,distractors1,orientredundant,circle,setsize06,NA,horizontal,five,circle,crit,FALSE
participant028,distractors1,orientredundant,square,setsize06,NA,vertical,six,square,crit,FALSE
participant028,distractors2,orientredundant,circle,setsize06,NA,vertical,four,circle,crit,FALSE
participant028,distractors2,orientredundant,hexagon,setsize06,NA,vertical,five,hexagon,crit,FALSE
participant028,distractors3,orientredundant,hexagon,setsize06,NA,vertical,one,hexagon,crit,FALSE
participant028,distractors3,orientredundant,hexagon,setsize06,NA,horizontal,three,hexagon,crit,FALSE
participant028,distractors4,orientredundant,pentagon,setsize06,NA,vertical,three,pentagon,crit,FALSE
participant028,distractors4,orientredundant,square,setsize06,NA,vertical,two,square,crit,FALSE
participant028,distractors0,orientredundant,square,setsize09,NA,vertical,four,square,crit,FALSE
participant028,distractors0,orientredundant,square,setsize09,NA,vertical,three,square,crit,FALSE
participant028,distractors1,orientredundant,circle,setsize09,NA,vertical,seven,circle,crit,FALSE
participant028,distractors1,orientredundant,hexagon,setsize09,NA,horizontal,seven,hexagon,crit,FALSE
participant028,distractors2,orientredundant,hexagon,setsize09,NA,vertical,four,hexagon,crit,FALSE
participant028,distractors2,orientredundant,hexagon,setsize09,NA,horizontal,three,hexagon,crit,FALSE
participant028,distractors3,orientredundant,circle,setsize09,NA,vertical,seven,circle,crit,FALSE
participant028,distractors3,orientredundant,hexagon,setsize09,NA,horizontal,eight,hexagon,crit,FALSE
participant028,distractors4,orientredundant,circle,setsize09,NA,vertical,two,circle,crit,FALSE
participant028,distractors4,orientredundant,pentagon,setsize09,NA,horizontal,eight,pentagon,crit,FALSE
participant029,distractors0,colorredundantlowfreq,circle jade,setsize16,jade,NA,eight,circle,crit,TRUE
participant029,distractors0,colorredundantlowfreq,jade pentagon,setsize16,jade,NA,one,pentagon,crit,TRUE
participant029,distractors1,colorredundantlowfreq,jade circle,setsize16,jade,NA,two,circle,crit,TRUE
participant029,distractors1,colorredundantlowfreq,teal pentagon,setsize16,teal,NA,two,pentagon,crit,TRUE
participant029,distractors2,colorredundantlowfreq,jade circle,setsize16,jade,NA,six,circle,crit,TRUE
participant029,distractors2,colorredundantlowfreq,teal hexagon,setsize16,teal,NA,five,hexagon,crit,TRUE
participant029,distractors3,colorredundantlowfreq,jade square,setsize16,jade,NA,twelve,square,crit,TRUE
participant029,distractors3,colorredundantlowfreq,teal square,setsize16,teal,NA,twelve,square,crit,TRUE
participant029,distractors4,colorredundantlowfreq,circle teal,setsize16,teal,NA,sixteen,circle,crit,TRUE
participant029,distractors4,colorredundantlowfreq,teal pentagon,setsize16,teal,NA,seven,hexagon,crit,TRUE
participant029,distractors0,colorredundantlowfreq,teal circle,setsize03,teal,NA,two,circle,crit,TRUE
participant029,distractors0,colorredundantlowfreq,teal pentagon,setsize03,teal,NA,two,pentagon,crit,TRUE
participant029,distractors1,colorredundantlowfreq,circle teal,setsize03,teal,NA,two,circle,crit,TRUE
participant029,distractors1,colorredundantlowfreq,teal square,setsize03,teal,NA,three,square,crit,TRUE
participant029,distractors0,colorredundantlowfreq,teal circle,setsize06,teal,NA,one,circle,crit,TRUE
participant029,distractors0,colorredundantlowfreq,teal square,setsize06,teal,NA,two,square,crit,TRUE
participant029,distractors1,colorredundantlowfreq,jade circle,setsize06,jade,NA,three,circle,crit,TRUE
participant029,distractors1,colorredundantlowfreq,teal square,setsize06,teal,NA,two,square,crit,TRUE
participant029,distractors2,colorredundantlowfreq,jade hexagon,setsize06,jade,NA,one,hexagon,crit,TRUE
participant029,distractors2,colorredundantlowfreq,square teal,setsize06,teal,NA,six,square,crit,TRUE
participant029,distractors3,colorredundantlowfreq,circle teal,setsize06,teal,NA,four,circle,crit,TRUE
participant029,distractors3,colorredundantlowfreq,jade square,setsize06,jade,NA,five,square,crit,TRUE
participant029,distractors4,colorredundantlowfreq,jade hexagon,setsize06,jade,NA,one,hexagon,crit,TRUE
participant029,distractors4,colorredundantlowfreq,jade pentagon,setsize06,jade,NA,six,pentagon,crit,TRUE
participant029,distractors0,colorredundantlowfreq,jade square,setsize09,jade,NA,four,square,crit,TRUE
participant029,distractors0,colorredundantlowfreq,teal circle,setsize09,teal,NA,one,circle,crit,TRUE
participant029,distractors1,colorredundantlowfreq,hexagon,setsize09,teal,NA,three,pentagon,crit,FALSE
participant029,distractors1,colorredundantlowfreq,jade pentagon,setsize09,jade,NA,six,pentagon,crit,TRUE
participant029,distractors2,colorredundantlowfreq,jade circle,setsize09,jade,NA,three,circle,crit,TRUE
participant029,distractors2,colorredundantlowfreq,jade pentagon,setsize09,jade,NA,five,pentagon,crit,TRUE
participant029,distractors3,colorredundantlowfreq,jade pentagon,setsize09,jade,NA,eight,pentagon,crit,TRUE
participant029,distractors3,colorredundantlowfreq,jade square,setsize09,jade,NA,eight,square,crit,TRUE
participant029,distractors4,colorredundantlowfreq,jade circle,setsize09,jade,NA,four,circle,crit,TRUE
participant029,distractors4,colorredundantlowfreq,teal square,setsize09,teal,NA,six,square,crit,TRUE
participant030,distractors0,colorredundant,hexagon,setsize16,blue,NA,thirteen,hexagon,crit,FALSE
participant030,distractors0,colorredundant,hexagon,setsize16,blue,NA,twelve,hexagon,crit,FALSE
participant030,distractors1,colorredundant,circle,setsize16,green,NA,two,circle,crit,FALSE
participant030,distractors1,colorredundant,square,setsize16,blue,NA,six,square,crit,FALSE
participant030,distractors2,colorredundant,square,setsize16,blue,NA,four,square,crit,FALSE
participant030,distractors2,colorredundant,square,setsize16,blue,NA,seven,square,crit,FALSE
participant030,distractors3,colorredundant,pentagon,setsize16,green,NA,five,pentagon,crit,FALSE
participant030,distractors3,colorredundant,pentagon,setsize16,blue,NA,seven,pentagon,crit,FALSE
participant030,distractors4,colorredundant,hexagon,setsize16,green,NA,eight,hexagon,crit,FALSE
participant030,distractors4,colorredundant,square,setsize16,green,NA,seven,square,crit,FALSE
participant030,distractors0,colorredundant,circle,setsize03,green,NA,one,circle,crit,FALSE
participant030,distractors0,colorredundant,pentagon,setsize03,blue,NA,two,pentagon,crit,FALSE
participant030,distractors1,colorredundant,circle,setsize03,blue,NA,three,circle,crit,FALSE
participant030,distractors1,colorredundant,square,setsize03,blue,NA,two,square,crit,FALSE
participant030,distractors0,colorredundant,hexagon,setsize06,blue,NA,five,hexagon,crit,FALSE
participant030,distractors0,colorredundant,hexagon,setsize06,blue,NA,one,hexagon,crit,FALSE
participant030,distractors1,colorredundant,circle,setsize06,green,NA,three,circle,crit,FALSE
participant030,distractors1,colorredundant,hexagon,setsize06,green,NA,six,hexagon,crit,FALSE
participant030,distractors2,colorredundant,hexagon,setsize06,blue,NA,two,hexagon,crit,FALSE
participant030,distractors2,colorredundant,square,setsize06,blue,NA,six,square,crit,FALSE
participant030,distractors3,colorredundant,hexagon,setsize06,blue,NA,six,hexagon,crit,FALSE
participant030,distractors3,colorredundant,square,setsize06,blue,NA,two,square,crit,FALSE
participant030,distractors4,colorredundant,pentagon,setsize06,green,NA,six,pentagon,crit,FALSE
participant030,distractors4,colorredundant,square,setsize06,green,NA,three,square,crit,FALSE
participant030,distractors0,colorredundant,circle,setsize09,blue,NA,one,circle,crit,FALSE
participant030,distractors0,colorredundant,circle,setsize09,green,NA,three,circle,crit,FALSE
participant030,distractors1,colorredundant,circle,setsize09,green,NA,four,circle,crit,FALSE
participant030,distractors1,colorredundant,hexagon,setsize09,blue,NA,five,hexagon,crit,FALSE
participant030,distractors2,colorredundant,circle,setsize09,green,NA,three,circle,crit,FALSE
participant030,distractors2,colorredundant,circle,setsize09,green,NA,three,circle,crit,FALSE
participant030,distractors3,colorredundant,hexagon,setsize09,blue,NA,eight,hexagon,crit,FALSE
participant030,distractors3,colorredundant,square,setsize09,blue,NA,nine,square,crit,FALSE
participant030,distractors4,colorredundant,circle,setsize09,blue,NA,three,circle,crit,FALSE
participant030,distractors4,colorredundant,square,setsize09,green,NA,one,square,crit,FALSE
participant031,distractors0,colorredundantlowfreq,circle,setsize16,teal,NA,twelve,circle,crit,FALSE
participant031,distractors0,colorredundantlowfreq,circle,setsize16,jade,NA,twelve,circle,crit,FALSE
participant031,distractors1,colorredundantlowfreq,circle,setsize16,teal,NA,fifteen,circle,crit,FALSE
participant031,distractors1,colorredundantlowfreq,pentagon,setsize16,teal,NA,sixteen,pentagon,crit,FALSE
participant031,distractors2,colorredundantlowfreq,pentagon,setsize16,jade,NA,five,pentagon,crit,FALSE
participant031,distractors2,colorredundantlowfreq,square,setsize16,jade,NA,thirteen,square,crit,FALSE
participant031,distractors3,colorredundantlowfreq,pentagon,setsize16,jade,NA,six,pentagon,crit,FALSE
participant031,distractors3,colorredundantlowfreq,teal hexagon,setsize16,teal,NA,seven,hexagon,crit,TRUE
participant031,distractors4,colorredundantlowfreq,circle,setsize16,teal,NA,three,circle,crit,FALSE
participant031,distractors4,colorredundantlowfreq,pentagon,setsize16,teal,NA,eleven,pentagon,crit,FALSE
participant031,distractors0,colorredundantlowfreq,hexagon,setsize03,teal,NA,three,hexagon,crit,FALSE
participant031,distractors0,colorredundantlowfreq,teal pentagon,setsize03,jade,NA,three,pentagon,crit,TRUE
participant031,distractors1,colorredundantlowfreq,pentagon,setsize03,teal,NA,one,pentagon,crit,FALSE
participant031,distractors1,colorredundantlowfreq,square,setsize03,teal,NA,two,square,crit,FALSE
participant031,distractors0,colorredundantlowfreq,circle,setsize06,teal,NA,five,circle,crit,FALSE
participant031,distractors0,colorredundantlowfreq,jade pentagon,setsize06,teal,NA,one,pentagon,crit,TRUE
participant031,distractors1,colorredundantlowfreq,circle,setsize06,jade,NA,three,circle,crit,FALSE
participant031,distractors1,colorredundantlowfreq,square,setsize06,teal,NA,six,square,crit,FALSE
participant031,distractors2,colorredundantlowfreq,hexagon,setsize06,teal,NA,one,hexagon,crit,FALSE
participant031,distractors2,colorredundantlowfreq,jade hexagon,setsize06,teal,NA,six,hexagon,crit,TRUE
participant031,distractors3,colorredundantlowfreq,circle,setsize06,teal,NA,five,circle,crit,FALSE
participant031,distractors3,colorredundantlowfreq,square,setsize06,jade,NA,three,square,crit,FALSE
participant031,distractors4,colorredundantlowfreq,hexagon,setsize06,teal,NA,five,hexagon,crit,FALSE
participant031,distractors4,colorredundantlowfreq,square,setsize06,teal,NA,one,square,crit,FALSE
participant031,distractors0,colorredundantlowfreq,hexagon,setsize09,teal,NA,nine,hexagon,crit,FALSE
participant031,distractors0,colorredundantlowfreq,pentagon,setsize09,teal,NA,nine,pentagon,crit,FALSE
participant031,distractors1,colorredundantlowfreq,pentagon,setsize09,jade,NA,four,pentagon,crit,FALSE
participant031,distractors1,colorredundantlowfreq,pentagon,setsize09,jade,NA,nine,pentagon,crit,FALSE
participant031,distractors2,colorredundantlowfreq,circle,setsize09,jade,NA,nine,circle,crit,FALSE
participant031,distractors2,colorredundantlowfreq,jade pentagon,setsize09,teal,NA,seven,pentagon,crit,TRUE
participant031,distractors3,colorredundantlowfreq,pentagon,setsize09,teal,NA,two,pentagon,crit,FALSE
participant031,distractors3,colorredundantlowfreq,pentagon,setsize09,teal,NA,two,pentagon,crit,FALSE
participant031,distractors4,colorredundantlowfreq,circle,setsize09,teal,NA,one,circle,crit,FALSE
participant031,distractors4,colorredundantlowfreq,hexagon,setsize09,jade,NA,two,hexagon,crit,FALSE
participant032,distractors0,orientredundant,circle,setsize16,NA,horizontal,one,circle,crit,FALSE
participant032,distractors0,orientredundant,pentagon,setsize16,NA,horizontal,five,pentagon,crit,FALSE
participant032,distractors1,orientredundant,circle,setsize16,NA,vertical,six,circle,crit,FALSE
participant032,distractors1,orientredundant,pentagon,setsize16,NA,vertical,fourteen,pentagon,crit,FALSE
participant032,distractors2,orientredundant,circle,setsize16,NA,vertical,thirteen,circle,crit,FALSE
participant032,distractors2,orientredundant,horizontal striped hexagon,setsize16,NA,horizontal,seven,hexagon,crit,TRUE
participant032,distractors3,orientredundant,circle,setsize16,NA,horizontal,sixteen,circle,crit,FALSE
participant032,distractors3,orientredundant,hexagon,setsize16,NA,vertical,six,hexagon,crit,FALSE
participant032,distractors4,orientredundant,pentagon,setsize16,NA,vertical,seven,pentagon,crit,FALSE
participant032,distractors4,orientredundant,square,setsize16,NA,vertical,fifteen,square,crit,FALSE
participant032,distractors0,orientredundant,hexagon,setsize03,NA,horizontal,three,hexagon,crit,FALSE
participant032,distractors0,orientredundant,hexagon,setsize03,NA,vertical,two,hexagon,crit,FALSE
participant032,distractors1,orientredundant,pentagon,setsize03,NA,horizontal,three,pentagon,crit,FALSE
participant032,distractors1,orientredundant,square,setsize03,NA,vertical,three,square,crit,FALSE
participant032,distractors0,orientredundant,circle,setsize06,NA,vertical,four,circle,crit,FALSE
participant032,distractors0,orientredundant,pentagon,setsize06,NA,horizontal,two,pentagon,crit,FALSE
participant032,distractors1,orientredundant,hexagon,setsize06,NA,horizontal,six,hexagon,crit,FALSE
participant032,distractors1,orientredundant,pentagon,setsize06,NA,horizontal,one,pentagon,crit,FALSE
participant032,distractors2,orientredundant,hexagon,setsize06,NA,horizontal,one,hexagon,crit,FALSE
participant032,distractors2,orientredundant,square,setsize06,NA,horizontal,four,square,crit,FALSE
participant032,distractors3,orientredundant,pentagon,setsize06,NA,horizontal,four,pentagon,crit,FALSE
participant032,distractors3,orientredundant,square,setsize06,NA,horizontal,three,square,crit,FALSE
participant032,distractors4,orientredundant,circle,setsize06,NA,horizontal,two,circle,crit,FALSE
participant032,distractors4,orientredundant,hexagon,setsize06,NA,horizontal,five,hexagon,crit,FALSE
participant032,distractors0,orientredundant,hexagon,setsize09,NA,vertical,two,hexagon,crit,FALSE
participant032,distractors0,orientredundant,square,setsize09,NA,horizontal,three,square,crit,FALSE
participant032,distractors1,orientredundant,hexagon,setsize09,NA,horizontal,eight,hexagon,crit,FALSE
participant032,distractors1,orientredundant,square,setsize09,NA,horizontal,two,square,crit,FALSE
participant032,distractors2,orientredundant,hexagon,setsize09,NA,vertical,one,hexagon,crit,FALSE
participant032,distractors2,orientredundant,square,setsize09,NA,horizontal,seven,square,crit,FALSE
participant032,distractors3,orientredundant,circle,setsize09,NA,vertical,seven,circle,crit,FALSE
participant032,distractors3,orientredundant,circle,setsize09,NA,vertical,two,circle,crit,FALSE
participant032,distractors4,orientredundant,hexagon,setsize09,NA,vertical,five,hexagon,crit,FALSE
participant032,distractors4,orientredundant,hexagon,setsize09,NA,vertical,six,hexagon,crit,FALSE
participant033,distractors0,colorredundantlowfreq,pentagon teal,setsize16,jade,NA,seven,pentagon,crit,TRUE
participant033,distractors0,colorredundantlowfreq,square jade,setsize16,jade,NA,one,square,crit,TRUE
participant033,distractors1,colorredundantlowfreq,circle jade,setsize16,jade,NA,fourteen,circle,crit,TRUE
participant033,distractors1,colorredundantlowfreq,hexagon teal,setsize16,teal,NA,six,hexagon,crit,TRUE
participant033,distractors2,colorredundantlowfreq,circle teal,setsize16,teal,NA,two,circle,crit,TRUE
participant033,distractors2,colorredundantlowfreq,pentagon jade,setsize16,jade,NA,ten,pentagon,crit,TRUE
participant033,distractors3,colorredundantlowfreq,hexagon teal,setsize16,teal,NA,four,hexagon,crit,TRUE
participant033,distractors3,colorredundantlowfreq,pentagon jade,setsize16,jade,NA,sixteen,pentagon,crit,TRUE
participant033,distractors4,colorredundantlowfreq,circle,setsize16,jade,NA,six,circle,crit,FALSE
participant033,distractors4,colorredundantlowfreq,square teal,setsize16,teal,NA,six,square,crit,TRUE
participant033,distractors0,colorredundantlowfreq,hexagon,setsize03,jade,NA,two,hexagon,crit,FALSE
participant033,distractors0,colorredundantlowfreq,pentagon jade,setsize03,jade,NA,two,pentagon,crit,TRUE
participant033,distractors1,colorredundantlowfreq,hexagon teal,setsize03,teal,NA,two,hexagon,crit,TRUE
participant033,distractors1,colorredundantlowfreq,square,setsize03,teal,NA,one,square,crit,FALSE
participant033,distractors0,colorredundantlowfreq,pentagon jade,setsize06,jade,NA,six,pentagon,crit,TRUE
participant033,distractors0,colorredundantlowfreq,square jade,setsize06,jade,NA,four,square,crit,TRUE
participant033,distractors1,colorredundantlowfreq,circle,setsize06,teal,NA,six,circle,crit,FALSE
participant033,distractors1,colorredundantlowfreq,hexagon teal,setsize06,teal,NA,three,hexagon,crit,TRUE
participant033,distractors2,colorredundantlowfreq,circle jade,setsize06,jade,NA,six,circle,crit,TRUE
participant033,distractors2,colorredundantlowfreq,pentagon jade,setsize06,jade,NA,two,pentagon,crit,TRUE
participant033,distractors3,colorredundantlowfreq,circle jade,setsize06,jade,NA,four,circle,crit,TRUE
participant033,distractors3,colorredundantlowfreq,square teal,setsize06,teal,NA,one,square,crit,TRUE
participant033,distractors4,colorredundantlowfreq,circle teal,setsize06,teal,NA,two,circle,crit,TRUE
participant033,distractors4,colorredundantlowfreq,pentagon,setsize06,teal,NA,two,pentagon,crit,FALSE
participant033,distractors0,colorredundantlowfreq,circle,setsize09,teal,NA,nine,circle,crit,FALSE
participant033,distractors0,colorredundantlowfreq,pentagon,setsize09,teal,NA,five,pentagon,crit,FALSE
participant033,distractors1,colorredundantlowfreq,square jade,setsize09,jade,NA,two,square,crit,TRUE
participant033,distractors1,colorredundantlowfreq,square,setsize09,jade,NA,four,square,crit,FALSE
participant033,distractors2,colorredundantlowfreq,pentagon jade,setsize09,jade,NA,seven,pentagon,crit,TRUE
participant033,distractors2,colorredundantlowfreq,square,setsize09,teal,NA,eight,square,crit,FALSE
participant033,distractors3,colorredundantlowfreq,circle,setsize09,jade,NA,seven,circle,crit,FALSE
participant033,distractors3,colorredundantlowfreq,square jade,setsize09,jade,NA,seven,square,crit,TRUE
participant033,distractors4,colorredundantlowfreq,circle,setsize09,teal,NA,six,circle,crit,FALSE
participant033,distractors4,colorredundantlowfreq,square jade,setsize09,jade,NA,four,square,crit,TRUE
participant034,distractors0,orientredundant,horizontal striped circle,setsize16,NA,horizontal,fifteen,circle,crit,TRUE
participant034,distractors0,orientredundant,vertical striped hexagon,setsize16,NA,vertical,sixteen,hexagon,crit,TRUE
participant034,distractors1,orientredundant,horizontal striped circle,setsize16,NA,horizontal,two,circle,crit,TRUE
participant034,distractors1,orientredundant,vertical striped square,setsize16,NA,vertical,three,square,crit,TRUE
participant034,distractors2,orientredundant,horizontal striped pentagon,setsize16,NA,horizontal,six,pentagon,crit,TRUE
participant034,distractors2,orientredundant,square horizontal striped,setsize16,NA,horizontal,one,square,crit,TRUE
participant034,distractors3,orientredundant,horizontal striped hexagon,setsize16,NA,horizontal,fourteen,hexagon,crit,TRUE
participant034,distractors3,orientredundant,horizontal striped square,setsize16,NA,horizontal,thirteen,square,crit,TRUE
participant034,distractors4,orientredundant,vertical striped circle,setsize16,NA,vertical,four,circle,crit,TRUE
participant034,distractors4,orientredundant,vertical striped hexagon,setsize16,NA,vertical,four,hexagon,crit,TRUE
participant034,distractors0,orientredundant,horizontal striped hexagon,setsize03,NA,horizontal,one,hexagon,crit,TRUE
participant034,distractors0,orientredundant,horizontal striped hexagon,setsize03,NA,horizontal,three,hexagon,crit,TRUE
participant034,distractors1,orientredundant,vertical striped hexagon,setsize03,NA,vertical,one,hexagon,crit,TRUE
participant034,distractors1,orientredundant,vertical striped square,setsize03,NA,vertical,two,square,crit,TRUE
participant034,distractors0,orientredundant,horizontal striped circle,setsize06,NA,horizontal,two,circle,crit,TRUE
participant034,distractors0,orientredundant,horizontal striped pentagon,setsize06,NA,horizontal,five,pentagon,crit,TRUE
participant034,distractors1,orientredundant,horizontal striped hexagon,setsize06,NA,horizontal,three,hexagon,crit,TRUE
participant034,distractors1,orientredundant,horizontal striped hexagon,setsize06,NA,horizontal,two,hexagon,crit,TRUE
participant034,distractors2,orientredundant,vertical striped circle,setsize06,NA,vertical,five,circle,crit,TRUE
participant034,distractors2,orientredundant,vertical striped square,setsize06,NA,vertical,six,square,crit,TRUE
participant034,distractors3,orientredundant,vertical striped circle,setsize06,NA,vertical,six,circle,crit,TRUE
participant034,distractors3,orientredundant,vertical striped square,setsize06,NA,vertical,one,square,crit,TRUE
participant034,distractors4,orientredundant,horizontal striped hexagon,setsize06,NA,horizontal,one,hexagon,crit,TRUE
participant034,distractors4,orientredundant,horizontal striped square,setsize06,NA,horizontal,four,square,crit,TRUE
participant034,distractors0,orientredundant,horizontal striped circle,setsize09,NA,horizontal,seven,circle,crit,TRUE
participant034,distractors0,orientredundant,vertical striped square,setsize09,NA,vertical,eight,square,crit,TRUE
participant034,distractors1,orientredundant,horizontal striped hexagon,setsize09,NA,horizontal,one,hexagon,crit,TRUE
participant034,distractors1,orientredundant,horizontal striped pentagon,setsize09,NA,horizontal,six,pentagon,crit,TRUE
participant034,distractors2,orientredundant,vertical striped hexagon,setsize09,NA,vertical,one,hexagon,crit,TRUE
participant034,distractors2,orientredundant,vertical striped square,setsize09,NA,vertical,four,square,crit,TRUE
participant034,distractors3,orientredundant,horizontal striped hexagon,setsize09,NA,horizontal,four,hexagon,crit,TRUE
participant034,distractors3,orientredundant,horizontal striped pentagon,setsize09,NA,horizontal,five,pentagon,crit,TRUE
participant034,distractors4,orientredundant,horizontal striped circle,setsize09,NA,horizontal,nine,circle,crit,TRUE
participant034,distractors4,orientredundant,vertical striped square,setsize09,NA,vertical,four,square,crit,TRUE
participant035,distractors0,orientredundant,circle,setsize16,NA,vertical,five,circle,crit,FALSE
participant035,distractors0,orientredundant,pentagon,setsize16,NA,horizontal,eleven,pentagon,crit,FALSE
participant035,distractors1,orientredundant,pentagon vertical striped,setsize16,NA,vertical,eleven,pentagon,crit,TRUE
participant035,distractors1,orientredundant,square vertical striped,setsize16,NA,vertical,eight,square,crit,TRUE
participant035,distractors2,orientredundant,circle,setsize16,NA,horizontal,fourteen,circle,crit,FALSE
participant035,distractors2,orientredundant,vertical striped square,setsize16,NA,vertical,ten,square,crit,TRUE
participant035,distractors3,orientredundant,hexagon,setsize16,NA,vertical,two,hexagon,crit,FALSE
participant035,distractors3,orientredundant,square,setsize16,NA,vertical,twelve,square,crit,FALSE
participant035,distractors4,orientredundant,pentagon,setsize16,NA,horizontal,five,pentagon,crit,FALSE
participant035,distractors4,orientredundant,square,setsize16,NA,vertical,seven,square,crit,FALSE
participant035,distractors0,orientredundant,pentagon,setsize03,NA,horizontal,one,pentagon,crit,FALSE
participant035,distractors0,orientredundant,square,setsize03,NA,vertical,two,square,crit,FALSE
participant035,distractors1,orientredundant,circle,setsize03,NA,vertical,three,circle,crit,FALSE
participant035,distractors1,orientredundant,hexagon,setsize03,NA,vertical,three,hexagon,crit,FALSE
participant035,distractors0,orientredundant,hexagon,setsize06,NA,horizontal,six,hexagon,crit,FALSE
participant035,distractors0,orientredundant,pentagon,setsize06,NA,horizontal,five,pentagon,crit,FALSE
participant035,distractors1,orientredundant,hexagon,setsize06,NA,vertical,five,hexagon,crit,FALSE
participant035,distractors1,orientredundant,vertical striped hexagon,setsize06,NA,vertical,three,hexagon,crit,TRUE
participant035,distractors2,orientredundant,circle,setsize06,NA,vertical,three,circle,crit,FALSE
participant035,distractors2,orientredundant,circle,setsize06,NA,vertical,two,circle,crit,FALSE
participant035,distractors3,orientredundant,circle,setsize06,NA,vertical,six,circle,crit,FALSE
participant035,distractors3,orientredundant,square,setsize06,NA,vertical,three,square,crit,FALSE
participant035,distractors4,orientredundant,horizontal striped circle,setsize06,NA,horizontal,four,circle,crit,TRUE
participant035,distractors4,orientredundant,pentagon,setsize06,NA,horizontal,two,pentagon,crit,FALSE
participant035,distractors0,orientredundant,hexagon,setsize09,NA,horizontal,two,hexagon,crit,FALSE
participant035,distractors0,orientredundant,pentagon,setsize09,NA,horizontal,nine,pentagon,crit,FALSE
participant035,distractors1,orientredundant,hexagon,setsize09,NA,vertical,nine,hexagon,crit,FALSE
participant035,distractors1,orientredundant,square,setsize09,NA,horizontal,one,square,crit,FALSE
participant035,distractors2,orientredundant,circle,setsize09,NA,horizontal,nine,circle,crit,FALSE
participant035,distractors2,orientredundant,horizontal striped pentagon,setsize09,NA,horizontal,nine,pentagon,crit,TRUE
participant035,distractors3,orientredundant,pentagon,setsize09,NA,horizontal,nine,pentagon,crit,FALSE
participant035,distractors3,orientredundant,vertical striped square,setsize09,NA,vertical,three,square,crit,TRUE
participant035,distractors4,orientredundant,horizontal striped hexagon,setsize09,NA,horizontal,five,hexagon,crit,TRUE
participant035,distractors4,orientredundant,vertical striped hexagon,setsize09,NA,vertical,eight,hexagon,crit,TRUE
participant036,distractors0,orientredundant,hexagon horizontal striped,setsize16,NA,horizontal,four,hexagon,crit,TRUE
participant036,distractors0,orientredundant,hexagon vertical striped,setsize16,NA,vertical,six,hexagon,crit,TRUE
participant036,distractors1,orientredundant,circle,setsize16,NA,horizontal,fourteen,circle,crit,FALSE
participant036,distractors1,orientredundant,square vertical striped,setsize16,NA,vertical,eleven,square,crit,TRUE
participant036,distractors2,orientredundant,circle horizontal striped,setsize16,NA,horizontal,one,circle,crit,TRUE
participant036,distractors2,orientredundant,hexagon horizontal striped,setsize16,NA,horizontal,twelve,hexagon,crit,TRUE
participant036,distractors3,orientredundant,hexagon horizontal striped,setsize16,NA,horizontal,fourteen,hexagon,crit,TRUE
participant036,distractors3,orientredundant,pentagon horizontal striped,setsize16,NA,horizontal,five,pentagon,crit,TRUE
participant036,distractors4,orientredundant,circle,setsize16,NA,horizontal,sixteen,circle,crit,FALSE
participant036,distractors4,orientredundant,square vertical striped,setsize16,NA,vertical,eight,square,crit,TRUE
participant036,distractors0,orientredundant,pentagon,setsize03,NA,vertical,two,pentagon,crit,FALSE
participant036,distractors0,orientredundant,square,setsize03,NA,vertical,three,square,crit,FALSE
participant036,distractors1,orientredundant,hexagon,setsize03,NA,vertical,three,hexagon,crit,FALSE
participant036,distractors1,orientredundant,pentagon,setsize03,NA,vertical,two,pentagon,crit,FALSE
participant036,distractors0,orientredundant,hexagon vertical striped,setsize06,NA,vertical,four,hexagon,crit,TRUE
participant036,distractors0,orientredundant,square,setsize06,NA,horizontal,one,square,crit,FALSE
participant036,distractors1,orientredundant,square vertical striped,setsize06,NA,vertical,three,square,crit,TRUE
participant036,distractors1,orientredundant,square,setsize06,NA,horizontal,six,square,crit,FALSE
participant036,distractors2,orientredundant,circle,setsize06,NA,horizontal,three,circle,crit,FALSE
participant036,distractors2,orientredundant,hexagon vertical striped,setsize06,NA,vertical,two,hexagon,crit,TRUE
participant036,distractors3,orientredundant,hexagon,setsize06,NA,vertical,three,hexagon,crit,FALSE
participant036,distractors3,orientredundant,pentagon,setsize06,NA,vertical,six,pentagon,crit,FALSE
participant036,distractors4,orientredundant,circle,setsize06,NA,vertical,six,circle,crit,FALSE
participant036,distractors4,orientredundant,hexagon vertical striped,setsize06,NA,vertical,two,hexagon,crit,TRUE
participant036,distractors0,orientredundant,square,setsize09,NA,vertical,one,square,crit,FALSE
participant036,distractors0,orientredundant,square,setsize09,NA,vertical,seven,square,crit,FALSE
participant036,distractors1,orientredundant,hexagon horizontal striped,setsize09,NA,horizontal,one,hexagon,crit,TRUE
participant036,distractors1,orientredundant,pentagon,setsize09,NA,vertical,one,pentagon,crit,FALSE
participant036,distractors2,orientredundant,hexagon horizontal striped,setsize09,NA,horizontal,six,hexagon,crit,TRUE
participant036,distractors2,orientredundant,hexagon,setsize09,NA,horizontal,four,hexagon,crit,FALSE
participant036,distractors3,orientredundant,hexagon vertical striped,setsize09,NA,horizontal,five,hexagon,crit,TRUE
participant036,distractors3,orientredundant,square,setsize09,NA,horizontal,six,square,crit,FALSE
participant036,distractors4,orientredundant,circle,setsize09,NA,horizontal,eight,circle,crit,FALSE
participant036,distractors4,orientredundant,pentagon horizontal striped,setsize09,NA,horizontal,three,pentagon,crit,TRUE
participant037,distractors0,colorredundantlowfreq,hexagon,setsize16,teal,NA,ten,hexagon,crit,FALSE
participant037,distractors0,colorredundantlowfreq,square,setsize16,teal,NA,nine,square,crit,FALSE
participant037,distractors1,colorredundantlowfreq,circle,setsize16,jade,NA,thirteen,circle,crit,FALSE
participant037,distractors1,colorredundantlowfreq,square,setsize16,jade,NA,ten,square,crit,FALSE
participant037,distractors2,colorredundantlowfreq,circle,setsize16,teal,NA,eight,circle,crit,FALSE
participant037,distractors2,colorredundantlowfreq,pentagon,setsize16,teal,NA,eleven,pentagon,crit,FALSE
participant037,distractors3,colorredundantlowfreq,hexagon,setsize16,teal,NA,five,hexagon,crit,FALSE
participant037,distractors3,colorredundantlowfreq,square,setsize16,jade,NA,one,square,crit,FALSE
participant037,distractors4,colorredundantlowfreq,circle,setsize16,teal,NA,seven,circle,crit,FALSE
participant037,distractors4,colorredundantlowfreq,square,setsize16,teal,NA,nine,square,crit,FALSE
participant037,distractors0,colorredundantlowfreq,circle,setsize03,teal,NA,one,circle,crit,FALSE
participant037,distractors0,colorredundantlowfreq,pentagon,setsize03,teal,NA,one,pentagon,crit,FALSE
participant037,distractors1,colorredundantlowfreq,circle,setsize03,jade,NA,one,circle,crit,FALSE
participant037,distractors1,colorredundantlowfreq,square,setsize03,jade,NA,three,square,crit,FALSE
participant037,distractors0,colorredundantlowfreq,hexagon,setsize06,jade,NA,two,hexagon,crit,FALSE
participant037,distractors0,colorredundantlowfreq,pentagon,setsize06,jade,NA,four,pentagon,crit,FALSE
participant037,distractors1,colorredundantlowfreq,pentagon,setsize06,teal,NA,five,pentagon,crit,FALSE
participant037,distractors1,colorredundantlowfreq,square,setsize06,jade,NA,four,square,crit,FALSE
participant037,distractors2,colorredundantlowfreq,circle,setsize06,teal,NA,four,circle,crit,FALSE
participant037,distractors2,colorredundantlowfreq,circle,setsize06,teal,NA,one,circle,crit,FALSE
participant037,distractors3,colorredundantlowfreq,circle,setsize06,teal,NA,six,circle,crit,FALSE
participant037,distractors3,colorredundantlowfreq,pentagon,setsize06,jade,NA,six,pentagon,crit,FALSE
participant037,distractors4,colorredundantlowfreq,circle,setsize06,jade,NA,six,circle,crit,FALSE
participant037,distractors4,colorredundantlowfreq,pentagon,setsize06,teal,NA,four,pentagon,crit,FALSE
participant037,distractors0,colorredundantlowfreq,pentagon,setsize09,teal,NA,nine,pentagon,crit,FALSE
participant037,distractors0,colorredundantlowfreq,square,setsize09,jade,NA,seven,square,crit,FALSE
participant037,distractors1,colorredundantlowfreq,circle,setsize09,teal,NA,seven,circle,crit,FALSE
participant037,distractors1,colorredundantlowfreq,pentagon pentagon,setsize09,jade,NA,six,pentagon,crit,FALSE
participant037,distractors2,colorredundantlowfreq,hexagon,setsize09,jade,NA,three,hexagon,crit,FALSE
participant037,distractors2,colorredundantlowfreq,pentagon,setsize09,teal,NA,nine,pentagon,crit,FALSE
participant037,distractors3,colorredundantlowfreq,pentagon,setsize09,teal,NA,six,pentagon,crit,FALSE
participant037,distractors3,colorredundantlowfreq,square,setsize09,teal,NA,five,square,crit,FALSE
participant037,distractors4,colorredundantlowfreq,hexagon,setsize09,jade,NA,five,hexagon,crit,FALSE
participant037,distractors4,colorredundantlowfreq,hexagon,setsize09,jade,NA,nine,hexagon,crit,FALSE
participant038,distractors0,colorredundant,blue circle,setsize16,blue,NA,sixteen,circle,crit,TRUE
participant038,distractors0,colorredundant,green square,setsize16,green,NA,fourteen,square,crit,TRUE
participant038,distractors1,colorredundant,green circle,setsize16,green,NA,fifteen,circle,crit,TRUE
participant038,distractors1,colorredundant,green hexagon,setsize16,green,NA,seven,hexagon,crit,TRUE
participant038,distractors2,colorredundant,blue circle,setsize16,blue,NA,ten,circle,crit,TRUE
participant038,distractors2,colorredundant,green square,setsize16,green,NA,twelve,square,crit,TRUE
participant038,distractors3,colorredundant,blue hexagon,setsize16,blue,NA,eleven,hexagon,crit,TRUE
participant038,distractors3,colorredundant,green pentagon,setsize16,green,NA,twelve,pentagon,crit,TRUE
participant038,distractors4,colorredundant,blue square,setsize16,blue,NA,fourteen,square,crit,TRUE
participant038,distractors4,colorredundant,green pentagon,setsize16,green,NA,five,pentagon,crit,TRUE
participant038,distractors0,colorredundant,blue circle,setsize03,blue,NA,one,circle,crit,TRUE
participant038,distractors0,colorredundant,green circle,setsize03,green,NA,one,circle,crit,TRUE
participant038,distractors1,colorredundant,blue circle,setsize03,blue,NA,three,circle,crit,TRUE
participant038,distractors1,colorredundant,green circle,setsize03,green,NA,one,circle,crit,TRUE
participant038,distractors0,colorredundant,blue square,setsize06,blue,NA,one,square,crit,TRUE
participant038,distractors0,colorredundant,green circle,setsize06,green,NA,five,circle,crit,TRUE
participant038,distractors1,colorredundant,blue square,setsize06,blue,NA,four,square,crit,TRUE
participant038,distractors1,colorredundant,green hexagon,setsize06,green,NA,four,hexagon,crit,TRUE
participant038,distractors2,colorredundant,green circle,setsize06,green,NA,four,circle,crit,TRUE
participant038,distractors2,colorredundant,green pentagon,setsize06,green,NA,two,pentagon,crit,TRUE
participant038,distractors3,colorredundant,blue square,setsize06,blue,NA,five,square,crit,TRUE
participant038,distractors3,colorredundant,green circle,setsize06,green,NA,two,circle,crit,TRUE
participant038,distractors4,colorredundant,blue circle,setsize06,blue,NA,five,circle,crit,TRUE
participant038,distractors4,colorredundant,green hexagon,setsize06,green,NA,four,hexagon,crit,TRUE
participant038,distractors0,colorredundant,blue circle,setsize09,blue,NA,four,circle,crit,TRUE
participant038,distractors0,colorredundant,green pentagon,setsize09,green,NA,three,pentagon,crit,TRUE
participant038,distractors1,colorredundant,blue circle,setsize09,blue,NA,eight,circle,crit,TRUE
participant038,distractors1,colorredundant,blue square,setsize09,blue,NA,three,square,crit,TRUE
participant038,distractors2,colorredundant,green hexagon,setsize09,green,NA,eight,hexagon,crit,TRUE
participant038,distractors2,colorredundant,green square,setsize09,green,NA,four,square,crit,TRUE
participant038,distractors3,colorredundant,green pentagon,setsize09,green,NA,one,pentagon,crit,TRUE
participant038,distractors3,colorredundant,green square,setsize09,green,NA,two,square,crit,TRUE
participant038,distractors4,colorredundant,blue hexagon,setsize09,blue,NA,three,hexagon,crit,TRUE
participant038,distractors4,colorredundant,blue square,setsize09,blue,NA,nine,square,crit,TRUE
participant039,distractors0,colorredundantlowfreq,jade square,setsize16,jade,NA,twelve,square,crit,TRUE
participant039,distractors0,colorredundantlowfreq,teal pentagon,setsize16,teal,NA,nine,pentagon,crit,TRUE
participant039,distractors1,colorredundantlowfreq,jade circle,setsize16,jade,NA,two,circle,crit,TRUE
participant039,distractors1,colorredundantlowfreq,teal pentagon,setsize16,teal,NA,four,hexagon,crit,TRUE
participant039,distractors2,colorredundantlowfreq,teal pentagon,setsize16,teal,NA,seven,pentagon,crit,TRUE
participant039,distractors2,colorredundantlowfreq,teal square,setsize16,teal,NA,sixteen,square,crit,TRUE
participant039,distractors3,colorredundantlowfreq,teal circle,setsize16,teal,NA,nine,circle,crit,TRUE
participant039,distractors3,colorredundantlowfreq,teal pentagon,setsize16,teal,NA,thirteen,pentagon,crit,TRUE
participant039,distractors4,colorredundantlowfreq,teal circle,setsize16,teal,NA,ten,circle,crit,TRUE
participant039,distractors4,colorredundantlowfreq,teal hexagon,setsize16,teal,NA,five,hexagon,crit,TRUE
participant039,distractors0,colorredundantlowfreq,jade square,setsize03,jade,NA,one,square,crit,TRUE
participant039,distractors0,colorredundantlowfreq,jade square,setsize03,jade,NA,one,square,crit,TRUE
participant039,distractors1,colorredundantlowfreq,teal circle,setsize03,teal,NA,one,circle,crit,TRUE
participant039,distractors1,colorredundantlowfreq,teal hexagon,setsize03,teal,NA,one,hexagon,crit,TRUE
participant039,distractors0,colorredundantlowfreq,jade square,setsize06,jade,NA,three,square,crit,TRUE
participant039,distractors0,colorredundantlowfreq,teal pentagon,setsize06,teal,NA,two,pentagon,crit,TRUE
participant039,distractors1,colorredundantlowfreq,jade hexagon,setsize06,jade,NA,one,hexagon,crit,TRUE
participant039,distractors1,colorredundantlowfreq,jade hexagon,setsize06,jade,NA,six,hexagon,crit,TRUE
participant039,distractors2,colorredundantlowfreq,teal circle,setsize06,teal,NA,one,circle,crit,TRUE
participant039,distractors2,colorredundantlowfreq,teal square,setsize06,teal,NA,six,square,crit,TRUE
participant039,distractors3,colorredundantlowfreq,jade circle,setsize06,jade,NA,four,circle,crit,TRUE
participant039,distractors3,colorredundantlowfreq,jade square,setsize06,jade,NA,two,square,crit,TRUE
participant039,distractors4,colorredundantlowfreq,jade circle,setsize06,jade,NA,six,circle,crit,TRUE
participant039,distractors4,colorredundantlowfreq,jade circle,setsize06,jade,NA,two,circle,crit,TRUE
participant039,distractors0,colorredundantlowfreq,jade square,setsize09,jade,NA,three,square,crit,TRUE
participant039,distractors0,colorredundantlowfreq,teal hexagon,setsize09,teal,NA,nine,hexagon,crit,TRUE
participant039,distractors1,colorredundantlowfreq,jade pentagon,setsize09,jade,NA,seven,pentagon,crit,TRUE
participant039,distractors1,colorredundantlowfreq,pentagon jade,setsize09,jade,NA,one,pentagon,crit,TRUE
participant039,distractors2,colorredundantlowfreq,jade pentagon,setsize09,jade,NA,six,pentagon,crit,TRUE
participant039,distractors2,colorredundantlowfreq,teal pentagon,setsize09,teal,NA,nine,pentagon,crit,TRUE
participant039,distractors3,colorredundantlowfreq,jade pentagon,setsize09,jade,NA,eight,pentagon,crit,TRUE
participant039,distractors3,colorredundantlowfreq,teal hexagon,setsize09,teal,NA,one,hexagon,crit,TRUE
participant039,distractors4,colorredundantlowfreq,jade pentagon,setsize09,jade,NA,seven,pentagon,crit,TRUE
participant039,distractors4,colorredundantlowfreq,teal circle,setsize09,teal,NA,nine,circle,crit,TRUE
participant040,distractors0,colorredundantlowfreq,jade pentagon,setsize16,jade,NA,three,pentagon,crit,TRUE
participant040,distractors0,colorredundantlowfreq,teal square,setsize16,teal,NA,twelve,square,crit,TRUE
participant040,distractors1,colorredundantlowfreq,jade pentagon,setsize16,jade,NA,sixteen,pentagon,crit,TRUE
participant040,distractors1,colorredundantlowfreq,teal pentagon,setsize16,teal,NA,one,pentagon,crit,TRUE
participant040,distractors2,colorredundantlowfreq,jade circle,setsize16,jade,NA,thirteen,circle,crit,TRUE
participant040,distractors2,colorredundantlowfreq,jade hexagon,setsize16,jade,NA,two,hexagon,crit,TRUE
participant040,distractors3,colorredundantlowfreq,teal square,setsize16,teal,NA,two,square,crit,TRUE
participant040,distractors3,colorredundantlowfreq,teal square,setsize16,teal,NA,two,square,crit,TRUE
participant040,distractors4,colorredundantlowfreq,jade circle,setsize16,jade,NA,twelve,circle,crit,TRUE
participant040,distractors4,colorredundantlowfreq,jade square,setsize16,jade,NA,ten,square,crit,TRUE
participant040,distractors0,colorredundantlowfreq,jade hexagon,setsize03,jade,NA,one,hexagon,crit,TRUE
participant040,distractors0,colorredundantlowfreq,jade square,setsize03,jade,NA,two,square,crit,TRUE
participant040,distractors1,colorredundantlowfreq,jade square,setsize03,jade,NA,two,square,crit,TRUE
participant040,distractors1,colorredundantlowfreq,teal hexagon,setsize03,teal,NA,two,hexagon,crit,TRUE
participant040,distractors0,colorredundantlowfreq,jade square,setsize06,jade,NA,one,square,crit,TRUE
participant040,distractors0,colorredundantlowfreq,teal square,setsize06,teal,NA,three,square,crit,TRUE
participant040,distractors1,colorredundantlowfreq,jade hexagon,setsize06,jade,NA,six,hexagon,crit,TRUE
participant040,distractors1,colorredundantlowfreq,jade pentagon,setsize06,jade,NA,two,pentagon,crit,TRUE
participant040,distractors2,colorredundantlowfreq,jade circle,setsize06,jade,NA,three,circle,crit,TRUE
participant040,distractors2,colorredundantlowfreq,jade square,setsize06,jade,NA,six,square,crit,TRUE
participant040,distractors3,colorredundantlowfreq,jade circle,setsize06,jade,NA,one,circle,crit,TRUE
participant040,distractors3,colorredundantlowfreq,jade pentagon,setsize06,jade,NA,four,pentagon,crit,TRUE
participant040,distractors4,colorredundantlowfreq,jade circle,setsize06,jade,NA,two,circle,crit,TRUE
participant040,distractors4,colorredundantlowfreq,jade square,setsize06,jade,NA,six,square,crit,TRUE
participant040,distractors0,colorredundantlowfreq,jade square,setsize09,jade,NA,three,square,crit,TRUE
participant040,distractors0,colorredundantlowfreq,teal circle,setsize09,teal,NA,three,circle,crit,TRUE
participant040,distractors1,colorredundantlowfreq,jade square,setsize09,jade,NA,five,square,crit,TRUE
participant040,distractors1,colorredundantlowfreq,teal square,setsize09,teal,NA,seven,square,crit,TRUE
participant040,distractors2,colorredundantlowfreq,jade square,setsize09,jade,NA,two,square,crit,TRUE
participant040,distractors2,colorredundantlowfreq,teal hexagon,setsize09,teal,NA,six,hexagon,crit,TRUE
participant040,distractors3,colorredundantlowfreq,teal circle,setsize09,teal,NA,one,circle,crit,TRUE
participant040,distractors3,colorredundantlowfreq,teal pentagon,setsize09,teal,NA,eight,pentagon,crit,TRUE
participant040,distractors4,colorredundantlowfreq,jade pentagon,setsize09,jade,NA,four,pentagon,crit,TRUE
participant040,distractors4,colorredundantlowfreq,teal pentagon,setsize09,teal,NA,one,pentagon,crit,TRUE
participant041,distractors0,colorredundantlowfreq,jade circle,setsize16,jade,NA,fifteen,circle,crit,TRUE
participant041,distractors0,colorredundantlowfreq,teal pentagon,setsize16,teal,NA,eight,pentagon,crit,TRUE
participant041,distractors1,colorredundantlowfreq,teal hexagon,setsize16,teal,NA,one,hexagon,crit,TRUE
participant041,distractors1,colorredundantlowfreq,teal hexagon,setsize16,teal,NA,seven,hexagon,crit,TRUE
participant041,distractors2,colorredundantlowfreq,jade circle,setsize16,jade,NA,three,circle,crit,TRUE
participant041,distractors2,colorredundantlowfreq,jade square,setsize16,jade,NA,seven,square,crit,TRUE
participant041,distractors3,colorredundantlowfreq,jade circle,setsize16,jade,NA,sixteen,circle,crit,TRUE
participant041,distractors3,colorredundantlowfreq,jade pentagon,setsize16,jade,NA,two,pentagon,crit,TRUE
participant041,distractors4,colorredundantlowfreq,teal pentagon,setsize16,teal,NA,eleven,pentagon,crit,TRUE
participant041,distractors4,colorredundantlowfreq,teal square,setsize16,teal,NA,two,square,crit,TRUE
participant041,distractors0,colorredundantlowfreq,jade pentagon,setsize03,jade,NA,one,pentagon,crit,TRUE
participant041,distractors0,colorredundantlowfreq,jade square,setsize03,jade,NA,one,square,crit,TRUE
participant041,distractors1,colorredundantlowfreq,teal pentagon,setsize03,teal,NA,one,pentagon,crit,TRUE
participant041,distractors1,colorredundantlowfreq,teal pentagon,setsize03,teal,NA,two,pentagon,crit,TRUE
participant041,distractors0,colorredundantlowfreq,jade circle,setsize06,jade,NA,six,circle,crit,TRUE
participant041,distractors0,colorredundantlowfreq,jade circle,setsize06,jade,NA,three,circle,crit,TRUE
participant041,distractors1,colorredundantlowfreq,jade circle,setsize06,jade,NA,five,circle,crit,TRUE
participant041,distractors1,colorredundantlowfreq,teal hexagon,setsize06,teal,NA,two,hexagon,crit,TRUE
participant041,distractors2,colorredundantlowfreq,jade hexagon,setsize06,jade,NA,two,hexagon,crit,TRUE
participant041,distractors2,colorredundantlowfreq,teal hexagon,setsize06,teal,NA,four,hexagon,crit,TRUE
participant041,distractors3,colorredundantlowfreq,teal pentagon,setsize06,teal,NA,five,pentagon,crit,TRUE
participant041,distractors3,colorredundantlowfreq,teal square,setsize06,teal,NA,five,square,crit,TRUE
participant041,distractors4,colorredundantlowfreq,jade pentagon,setsize06,jade,NA,five,pentagon,crit,TRUE
participant041,distractors4,colorredundantlowfreq,teal pentagon,setsize06,teal,NA,three,pentagon,crit,TRUE
participant041,distractors0,colorredundantlowfreq,teal square,setsize09,teal,NA,four,square,crit,TRUE
participant041,distractors0,colorredundantlowfreq,teal square,setsize09,teal,NA,four,square,crit,TRUE
participant041,distractors1,colorredundantlowfreq,jade square,setsize09,jade,NA,one,square,crit,TRUE
participant041,distractors1,colorredundantlowfreq,pentagon teal,setsize09,teal,NA,five,pentagon,crit,TRUE
participant041,distractors2,colorredundantlowfreq,teal pentagon,setsize09,teal,NA,seven,pentagon,crit,TRUE
participant041,distractors2,colorredundantlowfreq,teal square,setsize09,teal,NA,six,square,crit,TRUE
participant041,distractors3,colorredundantlowfreq,jade square,setsize09,jade,NA,three,square,crit,TRUE
participant041,distractors3,colorredundantlowfreq,jade square,setsize09,jade,NA,three,square,crit,TRUE
participant041,distractors4,colorredundantlowfreq,teal hexagon,setsize09,teal,NA,seven,hexagon,crit,TRUE
participant041,distractors4,colorredundantlowfreq,teal pentagon,setsize09,teal,NA,five,pentagon,crit,TRUE
participant042,distractors0,orientredundant,circle,setsize16,NA,horizontal,twelve,circle,crit,FALSE
participant042,distractors0,orientredundant,square,setsize16,NA,horizontal,twelve,square,crit,FALSE
participant042,distractors1,orientredundant,pentagon,setsize16,NA,vertical,four,pentagon,crit,FALSE
participant042,distractors1,orientredundant,square,setsize16,NA,vertical,fourteen,square,crit,FALSE
participant042,distractors2,orientredundant,circle,setsize16,NA,vertical,twelve,circle,crit,FALSE
participant042,distractors2,orientredundant,hexagon,setsize16,NA,vertical,eleven,hexagon,crit,FALSE
participant042,distractors3,orientredundant,hexagon,setsize16,NA,horizontal,nine,hexagon,crit,FALSE
participant042,distractors3,orientredundant,hexagon,setsize16,NA,vertical,two,hexagon,crit,FALSE
participant042,distractors4,orientredundant,square,setsize16,NA,horizontal,ten,square,crit,FALSE
participant042,distractors4,orientredundant,square,setsize16,NA,horizontal,two,square,crit,FALSE
participant042,distractors0,orientredundant,hexagon,setsize03,NA,vertical,two,hexagon,crit,FALSE
participant042,distractors0,orientredundant,square,setsize03,NA,horizontal,two,square,crit,FALSE
participant042,distractors1,orientredundant,hexagon,setsize03,NA,horizontal,one,hexagon,crit,FALSE
participant042,distractors1,orientredundant,square,setsize03,NA,horizontal,two,square,crit,FALSE
participant042,distractors0,orientredundant,hexagon,setsize06,NA,vertical,four,hexagon,crit,FALSE
participant042,distractors0,orientredundant,hexagon,setsize06,NA,horizontal,one,hexagon,crit,FALSE
participant042,distractors1,orientredundant,circle,setsize06,NA,vertical,six,circle,crit,FALSE
participant042,distractors1,orientredundant,circle,setsize06,NA,vertical,six,circle,crit,FALSE
participant042,distractors2,orientredundant,circle,setsize06,NA,vertical,six,circle,crit,FALSE
participant042,distractors2,orientredundant,square,setsize06,NA,vertical,five,square,crit,FALSE
participant042,distractors3,orientredundant,circle,setsize06,NA,vertical,three,circle,crit,FALSE
participant042,distractors3,orientredundant,hexagon,setsize06,NA,horizontal,three,hexagon,crit,FALSE
participant042,distractors4,orientredundant,hexagon,setsize06,NA,vertical,five,hexagon,crit,FALSE
participant042,distractors4,orientredundant,square,setsize06,NA,vertical,three,square,crit,FALSE
participant042,distractors0,orientredundant,hexagon,setsize09,NA,vertical,six,hexagon,crit,FALSE
participant042,distractors0,orientredundant,pentagon,setsize09,NA,vertical,three,pentagon,crit,FALSE
participant042,distractors1,orientredundant,circle,setsize09,NA,horizontal,three,circle,crit,FALSE
participant042,distractors1,orientredundant,pentagon,setsize09,NA,horizontal,one,pentagon,crit,FALSE
participant042,distractors2,orientredundant,circle,setsize09,NA,vertical,eight,circle,crit,FALSE
participant042,distractors2,orientredundant,hexagon,setsize09,NA,vertical,four,hexagon,crit,FALSE
participant042,distractors3,orientredundant,pentagon,setsize09,NA,vertical,three,pentagon,crit,FALSE
participant042,distractors3,orientredundant,square,setsize09,NA,horizontal,three,square,crit,FALSE
participant042,distractors4,orientredundant,circle,setsize09,NA,horizontal,one,circle,crit,FALSE
participant042,distractors4,orientredundant,hexagon,setsize09,NA,horizontal,seven,hexagon,crit,FALSE
participant043,distractors0,colorredundantlowfreq,jade square,setsize16,teal,NA,seven,square,crit,TRUE
participant043,distractors0,colorredundantlowfreq,teal square,setsize16,teal,NA,fourteen,square,crit,TRUE
participant043,distractors1,colorredundantlowfreq,jade hexagon,setsize16,jade,NA,six,hexagon,crit,TRUE
participant043,distractors1,colorredundantlowfreq,teal hexagon,setsize16,teal,NA,fourteen,hexagon,crit,TRUE
participant043,distractors2,colorredundantlowfreq,teal circle,setsize16,teal,NA,seven,circle,crit,TRUE
participant043,distractors2,colorredundantlowfreq,teal square,setsize16,teal,NA,three,square,crit,TRUE
participant043,distractors3,colorredundantlowfreq,jade hexagon,setsize16,jade,NA,three,hexagon,crit,TRUE
participant043,distractors3,colorredundantlowfreq,teal pentagon,setsize16,teal,NA,twelve,pentagon,crit,TRUE
participant043,distractors4,colorredundantlowfreq,jade hexagon,setsize16,teal,NA,four,pentagon,crit,TRUE
participant043,distractors4,colorredundantlowfreq,jade square,setsize16,jade,NA,seven,square,crit,TRUE
participant043,distractors0,colorredundantlowfreq,teal hexagon,setsize03,teal,NA,one,pentagon,crit,TRUE
participant043,distractors0,colorredundantlowfreq,teal pentagon,setsize03,teal,NA,one,pentagon,crit,TRUE
participant043,distractors1,colorredundantlowfreq,teal circle,setsize03,teal,NA,one,circle,crit,TRUE
participant043,distractors1,colorredundantlowfreq,teal pentagon,setsize03,teal,NA,one,pentagon,crit,TRUE
participant043,distractors0,colorredundantlowfreq,jade hexagon,setsize06,jade,NA,five,hexagon,crit,TRUE
participant043,distractors0,colorredundantlowfreq,jade pentagon,setsize06,jade,NA,six,pentagon,crit,TRUE
participant043,distractors1,colorredundantlowfreq,teal pentagon,setsize06,jade,NA,five,pentagon,crit,TRUE
participant043,distractors1,colorredundantlowfreq,teal pentagon,setsize06,teal,NA,two,pentagon,crit,TRUE
participant043,distractors2,colorredundantlowfreq,jade pentagon,setsize06,jade,NA,two,hexagon,crit,TRUE
participant043,distractors2,colorredundantlowfreq,teal pentagon,setsize06,teal,NA,six,pentagon,crit,TRUE
participant043,distractors3,colorredundantlowfreq,teal circle,setsize06,teal,NA,three,circle,crit,TRUE
participant043,distractors3,colorredundantlowfreq,teal jade square,setsize06,jade,NA,three,square,crit,TRUE
participant043,distractors4,colorredundantlowfreq,jade pentagon,setsize06,jade,NA,five,pentagon,crit,TRUE
participant043,distractors4,colorredundantlowfreq,jade pentagon,setsize06,jade,NA,two,pentagon,crit,TRUE
participant043,distractors0,colorredundantlowfreq,jade circle,setsize09,jade,NA,four,circle,crit,TRUE
participant043,distractors0,colorredundantlowfreq,jade square,setsize09,jade,NA,nine,square,crit,TRUE
participant043,distractors1,colorredundantlowfreq,jade circle,setsize09,jade,NA,five,circle,crit,TRUE
participant043,distractors1,colorredundantlowfreq,jade hexagon,setsize09,jade,NA,eight,pentagon,crit,TRUE
participant043,distractors2,colorredundantlowfreq,jade circle,setsize09,jade,NA,four,circle,crit,TRUE
participant043,distractors2,colorredundantlowfreq,jade square,setsize09,jade,NA,three,square,crit,TRUE
participant043,distractors3,colorredundantlowfreq,jade circle,setsize09,jade,NA,eight,circle,crit,TRUE
participant043,distractors3,colorredundantlowfreq,teal hexagon,setsize09,teal,NA,six,hexagon,crit,TRUE
participant043,distractors4,colorredundantlowfreq,jade pentagon,setsize09,jade,NA,three,pentagon,crit,TRUE
participant043,distractors4,colorredundantlowfreq,teal pentagon,setsize09,teal,NA,one,pentagon,crit,TRUE
participant044,distractors0,colorredundant,blue circle,setsize16,blue,NA,seven,circle,crit,TRUE
participant044,distractors0,colorredundant,circle,setsize16,blue,NA,nine,circle,crit,FALSE
participant044,distractors1,colorredundant,blue square,setsize16,blue,NA,eleven,square,crit,TRUE
participant044,distractors1,colorredundant,green pentagon,setsize16,green,NA,three,pentagon,crit,TRUE
participant044,distractors2,colorredundant,green circle,setsize16,green,NA,six,circle,crit,TRUE
participant044,distractors2,colorredundant,green circle,setsize16,green,NA,thirteen,circle,crit,TRUE
participant044,distractors3,colorredundant,blue square,setsize16,blue,NA,four,square,crit,TRUE
participant044,distractors3,colorredundant,green pentagon,setsize16,green,NA,twelve,pentagon,crit,TRUE
participant044,distractors4,colorredundant,blue square,setsize16,blue,NA,thirteen,square,crit,TRUE
participant044,distractors4,colorredundant,green square,setsize16,green,NA,eight,square,crit,TRUE
participant044,distractors0,colorredundant,blue hexagon,setsize03,blue,NA,one,hexagon,crit,TRUE
participant044,distractors0,colorredundant,blue square,setsize03,blue,NA,one,square,crit,TRUE
participant044,distractors1,colorredundant,blue pentagon,setsize03,blue,NA,three,pentagon,crit,TRUE
participant044,distractors1,colorredundant,square,setsize03,blue,NA,three,square,crit,FALSE
participant044,distractors0,colorredundant,blue circle,setsize06,blue,NA,one,circle,crit,TRUE
participant044,distractors0,colorredundant,green pentagon,setsize06,green,NA,three,pentagon,crit,TRUE
participant044,distractors1,colorredundant,blue square,setsize06,blue,NA,two,square,crit,TRUE
participant044,distractors1,colorredundant,circle,setsize06,green,NA,one,circle,crit,FALSE
participant044,distractors2,colorredundant,blue square,setsize06,blue,NA,six,square,crit,TRUE
participant044,distractors2,colorredundant,hexagon,setsize06,green,NA,one,hexagon,crit,FALSE
participant044,distractors3,colorredundant,green circle,setsize06,green,NA,five,circle,crit,TRUE
participant044,distractors3,colorredundant,green pentagon,setsize06,green,NA,four,pentagon,crit,TRUE
participant044,distractors4,colorredundant,green hexagon,setsize06,green,NA,two,hexagon,crit,TRUE
participant044,distractors4,colorredundant,green square,setsize06,green,NA,one,square,crit,TRUE
participant044,distractors0,colorredundant,blue hexagon,setsize09,blue,NA,nine,hexagon,crit,TRUE
participant044,distractors0,colorredundant,blue square,setsize09,blue,NA,eight,square,crit,TRUE
participant044,distractors1,colorredundant,circle,setsize09,green,NA,five,circle,crit,FALSE
participant044,distractors1,colorredundant,hexagon,setsize09,blue,NA,nine,hexagon,crit,FALSE
participant044,distractors2,colorredundant,green pentagon,setsize09,green,NA,two,pentagon,crit,TRUE
participant044,distractors2,colorredundant,green square,setsize09,green,NA,one,square,crit,TRUE
participant044,distractors3,colorredundant,blue hexagon,setsize09,blue,NA,nine,hexagon,crit,TRUE
participant044,distractors3,colorredundant,blue pentagon,setsize09,blue,NA,one,pentagon,crit,TRUE
participant044,distractors4,colorredundant,blue circle,setsize09,blue,NA,nine,circle,crit,TRUE
participant044,distractors4,colorredundant,green hexagon,setsize09,green,NA,nine,hexagon,crit,TRUE
participant045,distractors0,orientredundant,horizontal striped square,setsize16,NA,horizontal,three,square,crit,TRUE
participant045,distractors0,orientredundant,vertical striped circle,setsize16,NA,vertical,six,circle,crit,TRUE
participant045,distractors1,orientredundant,horizontal striped hexagon,setsize16,NA,horizontal,nine,hexagon,crit,TRUE
participant045,distractors1,orientredundant,vertical striped hexagon,setsize16,NA,vertical,four,hexagon,crit,TRUE
participant045,distractors2,orientredundant,vertical striped hexagon,setsize16,NA,vertical,two,hexagon,crit,TRUE
participant045,distractors2,orientredundant,vertical striped pentagon,setsize16,NA,vertical,fifteen,pentagon,crit,TRUE
participant045,distractors3,orientredundant,horizontal striped square,setsize16,NA,horizontal,seven,square,crit,TRUE
participant045,distractors3,orientredundant,vertical striped pentagon,setsize16,NA,vertical,fourteen,pentagon,crit,TRUE
participant045,distractors4,orientredundant,vertical striped pentagon,setsize16,NA,vertical,eleven,pentagon,crit,TRUE
participant045,distractors4,orientredundant,vertical striped square,setsize16,NA,vertical,five,square,crit,TRUE
participant045,distractors0,orientredundant,square vertical striped,setsize03,NA,vertical,one,square,crit,TRUE
participant045,distractors0,orientredundant,vertical striped pentagon,setsize03,NA,vertical,three,pentagon,crit,TRUE
participant045,distractors1,orientredundant,horizontal striped pentagon,setsize03,NA,horizontal,three,pentagon,crit,TRUE
participant045,distractors1,orientredundant,horizontal striped square,setsize03,NA,horizontal,three,square,crit,TRUE
participant045,distractors0,orientredundant,vertical striped pentagon,setsize06,NA,vertical,two,pentagon,crit,TRUE
participant045,distractors0,orientredundant,vertical striped square,setsize06,NA,vertical,one,square,crit,TRUE
participant045,distractors1,orientredundant,horizontal striped hexagon,setsize06,NA,horizontal,one,hexagon,crit,TRUE
participant045,distractors1,orientredundant,horizontal striped square,setsize06,NA,horizontal,six,square,crit,TRUE
participant045,distractors2,orientredundant,vertical striped hexagon,setsize06,NA,vertical,one,hexagon,crit,TRUE
participant045,distractors2,orientredundant,vertical striped square,setsize06,NA,vertical,three,square,crit,TRUE
participant045,distractors3,orientredundant,horizontal striped hexagon,setsize06,NA,horizontal,three,hexagon,crit,TRUE
participant045,distractors3,orientredundant,vertical striped hexagon,setsize06,NA,vertical,five,hexagon,crit,TRUE
participant045,distractors4,orientredundant,horizontal striped circle,setsize06,NA,horizontal,five,circle,crit,TRUE
participant045,distractors4,orientredundant,vertical striped pentagon,setsize06,NA,vertical,three,pentagon,crit,TRUE
participant045,distractors0,orientredundant,horizontal striped hexagon,setsize09,NA,horizontal,five,hexagon,crit,TRUE
participant045,distractors0,orientredundant,vertical striped square,setsize09,NA,vertical,eight,square,crit,TRUE
participant045,distractors1,orientredundant,horizontal striped hexagon,setsize09,NA,horizontal,three,hexagon,crit,TRUE
participant045,distractors1,orientredundant,horizontal striped pentagon,setsize09,NA,horizontal,four,pentagon,crit,TRUE
participant045,distractors2,orientredundant,horizontal striped square,setsize09,NA,horizontal,nine,square,crit,TRUE
participant045,distractors2,orientredundant,vertical striped hexagon,setsize09,NA,vertical,seven,hexagon,crit,TRUE
participant045,distractors3,orientredundant,vertical striped hexagon,setsize09,NA,vertical,two,hexagon,crit,TRUE
participant045,distractors3,orientredundant,vertical striped pentagon,setsize09,NA,vertical,five,pentagon,crit,TRUE
participant045,distractors4,orientredundant,vertical striped hexagon,setsize09,NA,vertical,one,hexagon,crit,TRUE
participant045,distractors4,orientredundant,vertical striped pentagon,setsize09,NA,vertical,four,pentagon,crit,TRUE
participant046,distractors0,colorredundantlowfreq,jade hexagon,setsize16,jade,NA,six,hexagon,crit,TRUE
participant046,distractors0,colorredundantlowfreq,jade hexagon,setsize16,jade,NA,thirteen,hexagon,crit,TRUE
participant046,distractors1,colorredundantlowfreq,teal hexagon,setsize16,teal,NA,eleven,hexagon,crit,TRUE
participant046,distractors1,colorredundantlowfreq,teal square,setsize16,teal,NA,seven,square,crit,TRUE
participant046,distractors2,colorredundantlowfreq,teal hexagon,setsize16,teal,NA,six,hexagon,crit,TRUE
participant046,distractors2,colorredundantlowfreq,teal square,setsize16,teal,NA,twelve,square,crit,TRUE
participant046,distractors3,colorredundantlowfreq,jade hexagon,setsize16,jade,NA,eleven,hexagon,crit,TRUE
participant046,distractors3,colorredundantlowfreq,teal circle,setsize16,teal,NA,fourteen,circle,crit,TRUE
participant046,distractors4,colorredundantlowfreq,jade pentagon,setsize16,jade,NA,sixteen,pentagon,crit,TRUE
participant046,distractors4,colorredundantlowfreq,jade square,setsize16,jade,NA,two,square,crit,TRUE
participant046,distractors0,colorredundantlowfreq,jade hexagon,setsize03,jade,NA,three,hexagon,crit,TRUE
participant046,distractors0,colorredundantlowfreq,jade square,setsize03,jade,NA,one,square,crit,TRUE
participant046,distractors1,colorredundantlowfreq,jade pentagon,setsize03,jade,NA,two,pentagon,crit,TRUE
participant046,distractors1,colorredundantlowfreq,teal hexagon,setsize03,teal,NA,two,hexagon,crit,TRUE
participant046,distractors0,colorredundantlowfreq,jade square,setsize06,jade,NA,six,square,crit,TRUE
participant046,distractors0,colorredundantlowfreq,teal hexagon,setsize06,teal,NA,four,hexagon,crit,TRUE
participant046,distractors1,colorredundantlowfreq,jade square,setsize06,jade,NA,two,square,crit,TRUE
participant046,distractors1,colorredundantlowfreq,teal hexagon,setsize06,teal,NA,one,hexagon,crit,TRUE
participant046,distractors2,colorredundantlowfreq,jade circle,setsize06,jade,NA,four,circle,crit,TRUE
participant046,distractors2,colorredundantlowfreq,teal hexagon,setsize06,teal,NA,five,hexagon,crit,TRUE
participant046,distractors3,colorredundantlowfreq,teal circle,setsize06,teal,NA,six,circle,crit,TRUE
participant046,distractors3,colorredundantlowfreq,teal pentagon,setsize06,teal,NA,one,pentagon,crit,TRUE
participant046,distractors4,colorredundantlowfreq,jade circle,setsize06,jade,NA,three,circle,crit,TRUE
participant046,distractors4,colorredundantlowfreq,jade circle,setsize06,jade,NA,two,circle,crit,TRUE
participant046,distractors0,colorredundantlowfreq,jade pentagon,setsize09,jade,NA,seven,pentagon,crit,TRUE
participant046,distractors0,colorredundantlowfreq,teal circle,setsize09,teal,NA,seven,circle,crit,TRUE
participant046,distractors1,colorredundantlowfreq,jade circle,setsize09,jade,NA,one,circle,crit,TRUE
participant046,distractors1,colorredundantlowfreq,jade square,setsize09,jade,NA,five,square,crit,TRUE
participant046,distractors2,colorredundantlowfreq,teal pentagon,setsize09,teal,NA,four,pentagon,crit,TRUE
participant046,distractors2,colorredundantlowfreq,teal square,setsize09,teal,NA,one,square,crit,TRUE
participant046,distractors3,colorredundantlowfreq,teal circle,setsize09,teal,NA,one,circle,crit,TRUE
participant046,distractors3,colorredundantlowfreq,teal hexagon,setsize09,teal,NA,eight,hexagon,crit,TRUE
participant046,distractors4,colorredundantlowfreq,jade square,setsize09,jade,NA,four,square,crit,TRUE
participant046,distractors4,colorredundantlowfreq,teal square,setsize09,teal,NA,two,square,crit,TRUE
participant047,distractors0,orientredundant,hexagon,setsize16,NA,vertical,fourteen,hexagon,crit,FALSE
participant047,distractors0,orientredundant,square,setsize16,NA,vertical,eleven,square,crit,FALSE
participant047,distractors1,orientredundant,hexagon,setsize16,NA,vertical,eleven,hexagon,crit,FALSE
participant047,distractors1,orientredundant,pentagon,setsize16,NA,vertical,sixteen,pentagon,crit,FALSE
participant047,distractors2,orientredundant,pentagon,setsize16,NA,vertical,eight,pentagon,crit,FALSE
participant047,distractors2,orientredundant,square,setsize16,NA,horizontal,two,square,crit,FALSE
participant047,distractors3,orientredundant,square,setsize16,NA,vertical,one,square,crit,FALSE
participant047,distractors3,orientredundant,square,setsize16,NA,vertical,six,square,crit,FALSE
participant047,distractors4,orientredundant,circle,setsize16,NA,vertical,thirteen,circle,crit,FALSE
participant047,distractors4,orientredundant,hexagon,setsize16,NA,horizontal,fifteen,hexagon,crit,FALSE
participant047,distractors0,orientredundant,circle,setsize03,NA,vertical,two,circle,crit,FALSE
participant047,distractors0,orientredundant,square,setsize03,NA,vertical,one,square,crit,FALSE
participant047,distractors1,orientredundant,hexagon hexagon,setsize03,NA,vertical,one,hexagon,crit,FALSE
participant047,distractors1,orientredundant,pentagon,setsize03,NA,horizontal,two,pentagon,crit,FALSE
participant047,distractors0,orientredundant,hexagon,setsize06,NA,vertical,six,hexagon,crit,FALSE
participant047,distractors0,orientredundant,hexagon,setsize06,NA,vertical,two,hexagon,crit,FALSE
participant047,distractors1,orientredundant,hexagon,setsize06,NA,horizontal,five,hexagon,crit,FALSE
participant047,distractors1,orientredundant,pentagon,setsize06,NA,horizontal,one,pentagon,crit,FALSE
participant047,distractors2,orientredundant,circle,setsize06,NA,vertical,two,circle,crit,FALSE
participant047,distractors2,orientredundant,hexagon,setsize06,NA,vertical,six,hexagon,crit,FALSE
participant047,distractors3,orientredundant,circle,setsize06,NA,horizontal,six,circle,crit,FALSE
participant047,distractors3,orientredundant,circle,setsize06,NA,vertical,three,circle,crit,FALSE
participant047,distractors4,orientredundant,circle,setsize06,NA,vertical,four,circle,crit,FALSE
participant047,distractors4,orientredundant,circle,setsize06,NA,horizontal,three,circle,crit,FALSE
participant047,distractors0,orientredundant,circle circle,setsize09,NA,vertical,three,circle,crit,FALSE
participant047,distractors0,orientredundant,circle,setsize09,NA,vertical,three,circle,crit,FALSE
participant047,distractors1,orientredundant,circle,setsize09,NA,horizontal,nine,circle,crit,FALSE
participant047,distractors1,orientredundant,pentagon,setsize09,NA,horizontal,four,pentagon,crit,FALSE
participant047,distractors2,orientredundant,circle,setsize09,NA,horizontal,nine,circle,crit,FALSE
participant047,distractors2,orientredundant,square,setsize09,NA,vertical,three,square,crit,FALSE
participant047,distractors3,orientredundant,circle,setsize09,NA,horizontal,three,circle,crit,FALSE
participant047,distractors3,orientredundant,circle,setsize09,NA,horizontal,two,circle,crit,FALSE
participant047,distractors4,orientredundant,square,setsize09,NA,vertical,one,square,crit,FALSE
participant047,distractors4,orientredundant,square,setsize09,NA,horizontal,three,square,crit,FALSE
participant048,distractors0,colorredundant,hexagon pentagon circle square blue blue blue blue green,setsize16,green,NA,sixteen,square,crit,TRUE
participant048,distractors0,colorredundant,pentagon hexagon circle blue blue blue blue blue blue blue blue square,setsize16,green,NA,four,hexagon,crit,TRUE
participant048,distractors1,colorredundant,circle green square green hexagon pentagon hexagon pentagon blue blue,setsize16,green,NA,eight,circle,crit,TRUE
participant048,distractors1,colorredundant,hexagon square square circle pentagon,setsize16,blue,NA,twelve,circle,crit,FALSE
participant048,distractors2,colorredundant,hexagon blue green blue circle square square pentagon,setsize16,blue,NA,fifteen,hexagon,crit,TRUE
participant048,distractors2,colorredundant,square square square hexagon blue green circle pentagon,setsize16,green,NA,sixteen,circle,crit,TRUE
participant048,distractors3,colorredundant,blue hexagon circle square pentagon,setsize16,green,NA,ten,hexagon,crit,TRUE
participant048,distractors3,colorredundant,green green hexagon circle square pentagon pentagon,setsize16,blue,NA,eleven,pentagon,crit,TRUE
participant048,distractors4,colorredundant,circle green hexagon pentagon blue square,setsize16,blue,NA,fifteen,pentagon,crit,TRUE
participant048,distractors4,colorredundant,square hexagon square hexagon green pentagon,setsize16,green,NA,thirteen,circle,crit,TRUE
participant048,distractors0,colorredundant,hexagon circle square blue green,setsize03,blue,NA,three,pentagon,crit,TRUE
participant048,distractors0,colorredundant,square pentagon circle green blue,setsize03,green,NA,three,circle,crit,TRUE
participant048,distractors1,colorredundant,circle pentagon,setsize03,green,NA,two,circle,crit,FALSE
participant048,distractors1,colorredundant,pentagon square circle blue green green circle square pentagon blue green,setsize03,green,NA,three,circle,crit,TRUE
participant048,distractors0,colorredundant,green green green green hexagon hexagon circle square,setsize06,blue,NA,six,pentagon,crit,TRUE
participant048,distractors0,colorredundant,hexagon square circle green blue,setsize06,green,NA,two,circle,crit,TRUE
participant048,distractors1,colorredundant,blue blue blue blue green green hexagon circle circle square square,setsize06,green,NA,five,pentagon,crit,TRUE
participant048,distractors1,colorredundant,hexagon pentagon square circle blue green green,setsize06,green,NA,six,circle,crit,TRUE
participant048,distractors2,colorredundant,pentagon square circle blue green,setsize06,blue,NA,four,hexagon,crit,TRUE
participant048,distractors2,colorredundant,square circle pentagon hexagon blue blue green,setsize06,blue,NA,six,circle,crit,TRUE
participant048,distractors3,colorredundant,circle hexagon blue green pentagon,setsize06,blue,NA,three,square,crit,TRUE
participant048,distractors3,colorredundant,pentagon green circle blue square,setsize06,blue,NA,five,pentagon,crit,TRUE
participant048,distractors4,colorredundant,pentagon hexagon blue green green,setsize06,green,NA,three,circle,crit,TRUE
participant048,distractors4,colorredundant,square circle hexagon pentagon blue green,setsize06,blue,NA,five,square,crit,TRUE
participant048,distractors0,colorredundant,blue blue blue blue blue blue blue blue green hexagon square square square,setsize09,green,NA,five,hexagon,crit,TRUE
participant048,distractors0,colorredundant,square circle hexagon blue green pentagon,setsize09,green,NA,two,square,crit,TRUE
participant048,distractors1,colorredundant,square hexagon circle blue green pentagon,setsize09,green,NA,eight,hexagon,crit,TRUE
participant048,distractors1,colorredundant,square square circle circle circle hexagon pentagon pentagon blue blue blue blue blue,setsize09,green,NA,six,hexagon,crit,TRUE
participant048,distractors2,colorredundant,square hexagon blue green pentagon,setsize09,blue,NA,six,pentagon,crit,TRUE
participant048,distractors2,colorredundant,square pentagon square circle green blue,setsize09,green,NA,two,pentagon,crit,TRUE
participant048,distractors3,colorredundant,blue blue blue green green green hexagon hexagon circle square pentagon,setsize09,green,NA,seven,hexagon,crit,TRUE
participant048,distractors3,colorredundant,circle green green green hexagon hexagon square square,setsize09,blue,NA,six,pentagon,crit,TRUE
participant048,distractors4,colorredundant,green blue pentagon pentagon hexagon circle circle square,setsize09,green,NA,three,square,crit,TRUE
participant048,distractors4,colorredundant,pentagon hexagon blue green square,setsize09,blue,NA,six,hexagon,crit,TRUE
participant049,distractors0,colorredundantlowfreq,jade pentagon,setsize16,jade,NA,six,pentagon,crit,TRUE
participant049,distractors0,colorredundantlowfreq,pentagon,setsize16,jade,NA,two,pentagon,crit,FALSE
participant049,distractors1,colorredundantlowfreq,pentagon,setsize16,jade,NA,seven,pentagon,crit,FALSE
participant049,distractors1,colorredundantlowfreq,teal circle,setsize16,teal,NA,four,circle,crit,TRUE
participant049,distractors2,colorredundantlowfreq,jade pentagon,setsize16,jade,NA,thirteen,pentagon,crit,TRUE
participant049,distractors2,colorredundantlowfreq,teal hexagon,setsize16,teal,NA,nine,hexagon,crit,TRUE
participant049,distractors3,colorredundantlowfreq,pentagon teal,setsize16,teal,NA,six,pentagon,crit,TRUE
participant049,distractors3,colorredundantlowfreq,teal pentagon,setsize16,teal,NA,twelve,pentagon,crit,TRUE
participant049,distractors4,colorredundantlowfreq,circle,setsize16,jade,NA,fourteen,circle,crit,FALSE
participant049,distractors4,colorredundantlowfreq,teal hexagon,setsize16,teal,NA,three,hexagon,crit,TRUE
participant049,distractors0,colorredundantlowfreq,hexagon,setsize03,jade,NA,three,hexagon,crit,FALSE
participant049,distractors0,colorredundantlowfreq,pentagon,setsize03,jade,NA,one,pentagon,crit,FALSE
participant049,distractors1,colorredundantlowfreq,circle,setsize03,teal,NA,three,circle,crit,FALSE
participant049,distractors1,colorredundantlowfreq,hexagon,setsize03,teal,NA,one,hexagon,crit,FALSE
participant049,distractors0,colorredundantlowfreq,square circle,setsize06,jade,NA,four,circle,crit,FALSE
participant049,distractors0,colorredundantlowfreq,square,setsize06,teal,NA,six,square,crit,FALSE
participant049,distractors1,colorredundantlowfreq,hexagon,setsize06,teal,NA,two,hexagon,crit,FALSE
participant049,distractors1,colorredundantlowfreq,teal circle,setsize06,teal,NA,five,circle,crit,TRUE
participant049,distractors2,colorredundantlowfreq,circle,setsize06,jade,NA,five,circle,crit,FALSE
participant049,distractors2,colorredundantlowfreq,jade pentagon,setsize06,jade,NA,five,pentagon,crit,TRUE
participant049,distractors3,colorredundantlowfreq,hexagon,setsize06,teal,NA,four,hexagon,crit,FALSE
participant049,distractors3,colorredundantlowfreq,pentagon,setsize06,jade,NA,five,pentagon,crit,FALSE
participant049,distractors4,colorredundantlowfreq,teal circle,setsize06,teal,NA,three,circle,crit,TRUE
participant049,distractors4,colorredundantlowfreq,teal square,setsize06,teal,NA,five,square,crit,TRUE
participant049,distractors0,colorredundantlowfreq,circle,setsize09,jade,NA,one,circle,crit,FALSE
participant049,distractors0,colorredundantlowfreq,pentagon,setsize09,teal,NA,three,pentagon,crit,FALSE
participant049,distractors1,colorredundantlowfreq,jade square,setsize09,jade,NA,nine,square,crit,TRUE
participant049,distractors1,colorredundantlowfreq,teal hexagon,setsize09,teal,NA,four,hexagon,crit,TRUE
participant049,distractors2,colorredundantlowfreq,square jade,setsize09,jade,NA,two,square,crit,TRUE
participant049,distractors2,colorredundantlowfreq,teal square,setsize09,teal,NA,one,square,crit,TRUE
participant049,distractors3,colorredundantlowfreq,hexagon,setsize09,teal,NA,five,hexagon,crit,FALSE
participant049,distractors3,colorredundantlowfreq,hexagon,setsize09,jade,NA,three,hexagon,crit,FALSE
participant049,distractors4,colorredundantlowfreq,circle,setsize09,jade,NA,one,circle,crit,FALSE
participant049,distractors4,colorredundantlowfreq,circle,setsize09,teal,NA,six,circle,crit,FALSE
participant050,distractors0,orientredundant,square,setsize16,NA,vertical,three,square,crit,FALSE
participant050,distractors0,orientredundant,square,setsize16,NA,horizontal,two,square,crit,FALSE
participant050,distractors1,orientredundant,hexagon vertical striped,setsize16,NA,vertical,two,hexagon,crit,TRUE
participant050,distractors1,orientredundant,square,setsize16,NA,vertical,six,square,crit,FALSE
participant050,distractors2,orientredundant,circle,setsize16,NA,horizontal,eight,circle,crit,FALSE
participant050,distractors2,orientredundant,circle,setsize16,NA,horizontal,four,circle,crit,FALSE
participant050,distractors3,orientredundant,pentagon vertical striped,setsize16,NA,vertical,eight,pentagon,crit,TRUE
participant050,distractors3,orientredundant,pentagon vertical striped,setsize16,NA,vertical,five,pentagon,crit,TRUE
participant050,distractors4,orientredundant,pentagon,setsize16,NA,vertical,nine,pentagon,crit,FALSE
participant050,distractors4,orientredundant,pentagon,setsize16,NA,horizontal,seven,pentagon,crit,FALSE
participant050,distractors0,orientredundant,circle,setsize03,NA,vertical,three,circle,crit,FALSE
participant050,distractors0,orientredundant,hexagon,setsize03,NA,vertical,two,hexagon,crit,FALSE
participant050,distractors1,orientredundant,hexagon vertical striped,setsize03,NA,vertical,one,hexagon,crit,TRUE
participant050,distractors1,orientredundant,hexagon,setsize03,NA,horizontal,one,hexagon,crit,FALSE
participant050,distractors0,orientredundant,square,setsize06,NA,horizontal,two,square,crit,FALSE
participant050,distractors0,orientredundant,square,setsize06,NA,horizontal,two,square,crit,FALSE
participant050,distractors1,orientredundant,circle,setsize06,NA,horizontal,one,circle,crit,FALSE
participant050,distractors1,orientredundant,hexagon,setsize06,NA,vertical,four,hexagon,crit,FALSE
participant050,distractors2,orientredundant,pentagon,setsize06,NA,horizontal,four,pentagon,crit,FALSE
participant050,distractors2,orientredundant,square,setsize06,NA,horizontal,one,square,crit,FALSE
participant050,distractors3,orientredundant,hexagon,setsize06,NA,horizontal,three,hexagon,crit,FALSE
participant050,distractors3,orientredundant,square,setsize06,NA,horizontal,three,square,crit,FALSE
participant050,distractors4,orientredundant,circle,setsize06,NA,vertical,two,circle,crit,FALSE
participant050,distractors4,orientredundant,square,setsize06,NA,vertical,one,square,crit,FALSE
participant050,distractors0,orientredundant,circle,setsize09,NA,horizontal,five,circle,crit,FALSE
participant050,distractors0,orientredundant,circle,setsize09,NA,horizontal,nine,circle,crit,FALSE
participant050,distractors1,orientredundant,hexagon horizontal striped,setsize09,NA,horizontal,seven,hexagon,crit,TRUE
participant050,distractors1,orientredundant,pentagon vertical striped,setsize09,NA,vertical,three,pentagon,crit,TRUE
participant050,distractors2,orientredundant,pentagon,setsize09,NA,horizontal,five,pentagon,crit,FALSE
participant050,distractors2,orientredundant,pentagon,setsize09,NA,horizontal,six,pentagon,crit,FALSE
participant050,distractors3,orientredundant,circle,setsize09,NA,horizontal,one,circle,crit,FALSE
participant050,distractors3,orientredundant,pentagon,setsize09,NA,horizontal,nine,pentagon,crit,FALSE
participant050,distractors4,orientredundant,square,setsize09,NA,vertical,five,square,crit,FALSE
participant050,distractors4,orientredundant,square,setsize09,NA,vertical,two,square,crit,FALSE
participant051,distractors0,colorredundant,blue hexagon,setsize16,blue,NA,five,hexagon,crit,TRUE
participant051,distractors0,colorredundant,green hexagon,setsize16,green,NA,nine,hexagon,crit,TRUE
participant051,distractors1,colorredundant,blue circle,setsize16,blue,NA,two,circle,crit,TRUE
participant051,distractors1,colorredundant,hexagon green,setsize16,green,NA,one,hexagon,crit,TRUE
participant051,distractors2,colorredundant,blue hexagon,setsize16,blue,NA,two,hexagon,crit,TRUE
participant051,distractors2,colorredundant,green pentagon,setsize16,green,NA,three,pentagon,crit,TRUE
participant051,distractors3,colorredundant,blue pentagon,setsize16,blue,NA,fifteen,pentagon,crit,TRUE
participant051,distractors3,colorredundant,hexagon,setsize16,green,NA,five,hexagon,crit,FALSE
participant051,distractors4,colorredundant,blue pentagon,setsize16,blue,NA,thirteen,pentagon,crit,TRUE
participant051,distractors4,colorredundant,hexagon green,setsize16,green,NA,five,hexagon,crit,TRUE
participant051,distractors0,colorredundant,circle,setsize03,blue,NA,one,circle,crit,FALSE
participant051,distractors0,colorredundant,circle,setsize03,green,NA,three,circle,crit,FALSE
participant051,distractors1,colorredundant,green pentagon,setsize03,green,NA,one,pentagon,crit,TRUE
participant051,distractors1,colorredundant,pentagon,setsize03,blue,NA,one,pentagon,crit,FALSE
participant051,distractors0,colorredundant,blue circle,setsize06,blue,NA,five,circle,crit,TRUE
participant051,distractors0,colorredundant,hexagon,setsize06,blue,NA,one,hexagon,crit,FALSE
participant051,distractors1,colorredundant,green square,setsize06,green,NA,four,square,crit,TRUE
participant051,distractors1,colorredundant,green square,setsize06,green,NA,three,square,crit,TRUE
participant051,distractors2,colorredundant,circle,setsize06,blue,NA,two,circle,crit,FALSE
participant051,distractors2,colorredundant,green hexagon,setsize06,green,NA,five,hexagon,crit,TRUE
participant051,distractors3,colorredundant,blue pentagon,setsize06,blue,NA,one,pentagon,crit,TRUE
participant051,distractors3,colorredundant,green square,setsize06,green,NA,three,square,crit,TRUE
participant051,distractors4,colorredundant,square green,setsize06,green,NA,five,square,crit,TRUE
participant051,distractors4,colorredundant,square,setsize06,green,NA,six,square,crit,FALSE
participant051,distractors0,colorredundant,blue hexagon,setsize09,blue,NA,three,hexagon,crit,TRUE
participant051,distractors0,colorredundant,blue square,setsize09,blue,NA,seven,square,crit,TRUE
participant051,distractors1,colorredundant,blue pentagon,setsize09,blue,NA,two,pentagon,crit,TRUE
participant051,distractors1,colorredundant,circle green,setsize09,green,NA,four,circle,crit,TRUE
participant051,distractors2,colorredundant,green pentagon,setsize09,green,NA,six,pentagon,crit,TRUE
participant051,distractors2,colorredundant,green square,setsize09,green,NA,six,square,crit,TRUE
participant051,distractors3,colorredundant,green pentagon,setsize09,green,NA,five,pentagon,crit,TRUE
participant051,distractors3,colorredundant,hexagon,setsize09,green,NA,four,hexagon,crit,FALSE
participant051,distractors4,colorredundant,green circle,setsize09,green,NA,eight,circle,crit,TRUE
participant051,distractors4,colorredundant,hexagon,setsize09,green,NA,six,hexagon,crit,FALSE
participant052,distractors0,colorredundantlowfreq,jade square,setsize16,jade,NA,fifteen,square,crit,TRUE
participant052,distractors0,colorredundantlowfreq,jade square,setsize16,jade,NA,six,square,crit,TRUE
participant052,distractors1,colorredundantlowfreq,jade pentagon,setsize16,jade,NA,six,pentagon,crit,TRUE
participant052,distractors1,colorredundantlowfreq,teal circle,setsize16,teal,NA,sixteen,circle,crit,TRUE
participant052,distractors2,colorredundantlowfreq,teal circle,setsize16,teal,NA,one,circle,crit,TRUE
participant052,distractors2,colorredundantlowfreq,teal pentagon,setsize16,teal,NA,ten,pentagon,crit,TRUE
participant052,distractors3,colorredundantlowfreq,teal hexagon,setsize16,teal,NA,ten,hexagon,crit,TRUE
participant052,distractors3,colorredundantlowfreq,teal hexagon,setsize16,teal,NA,twelve,hexagon,crit,TRUE
participant052,distractors4,colorredundantlowfreq,jade circle,setsize16,jade,NA,eleven,circle,crit,TRUE
participant052,distractors4,colorredundantlowfreq,teal circle,setsize16,teal,NA,ten,circle,crit,TRUE
participant052,distractors0,colorredundantlowfreq,teal circle,setsize03,teal,NA,three,circle,crit,TRUE
participant052,distractors0,colorredundantlowfreq,teal hexagon,setsize03,teal,NA,three,hexagon,crit,TRUE
participant052,distractors1,colorredundantlowfreq,jade circle,setsize03,jade,NA,two,circle,crit,TRUE
participant052,distractors1,colorredundantlowfreq,teal square,setsize03,teal,NA,three,square,crit,TRUE
participant052,distractors0,colorredundantlowfreq,jade circle,setsize06,jade,NA,one,circle,crit,TRUE
participant052,distractors0,colorredundantlowfreq,teal square,setsize06,teal,NA,three,square,crit,TRUE
participant052,distractors1,colorredundantlowfreq,jade hexagon,setsize06,jade,NA,three,hexagon,crit,TRUE
participant052,distractors1,colorredundantlowfreq,teal circle,setsize06,teal,NA,three,circle,crit,TRUE
participant052,distractors2,colorredundantlowfreq,jade pentagon,setsize06,jade,NA,one,pentagon,crit,TRUE
participant052,distractors2,colorredundantlowfreq,teal pentagon,setsize06,teal,NA,two,pentagon,crit,TRUE
participant052,distractors3,colorredundantlowfreq,jade circle,setsize06,jade,NA,two,circle,crit,TRUE
participant052,distractors3,colorredundantlowfreq,teal square,setsize06,teal,NA,four,square,crit,TRUE
participant052,distractors4,colorredundantlowfreq,teal hexagon,setsize06,teal,NA,three,hexagon,crit,TRUE
participant052,distractors4,colorredundantlowfreq,teal pentagon,setsize06,teal,NA,five,pentagon,crit,TRUE
participant052,distractors0,colorredundantlowfreq,jade square,setsize09,jade,NA,four,square,crit,TRUE
participant052,distractors0,colorredundantlowfreq,teal circle,setsize09,teal,NA,four,circle,crit,TRUE
participant052,distractors1,colorredundantlowfreq,jade hexagon,setsize09,jade,NA,seven,hexagon,crit,TRUE
participant052,distractors1,colorredundantlowfreq,teal circle,setsize09,teal,NA,five,circle,crit,TRUE
participant052,distractors2,colorredundantlowfreq,jade square,setsize09,jade,NA,seven,square,crit,TRUE
participant052,distractors2,colorredundantlowfreq,teal pentagon,setsize09,teal,NA,two,pentagon,crit,TRUE
participant052,distractors3,colorredundantlowfreq,jade hexagon,setsize09,jade,NA,six,hexagon,crit,TRUE
participant052,distractors3,colorredundantlowfreq,teal pentagon,setsize09,teal,NA,six,pentagon,crit,TRUE
participant052,distractors4,colorredundantlowfreq,jade hexagon,setsize09,jade,NA,eight,hexagon,crit,TRUE
participant052,distractors4,colorredundantlowfreq,jade hexagon,setsize09,jade,NA,four,hexagon,crit,TRUE
participant053,distractors0,colorredundant,blue circle,setsize16,blue,NA,nine,circle,crit,TRUE
participant053,distractors0,colorredundant,green pentagon,setsize16,green,NA,fifteen,pentagon,crit,TRUE
participant053,distractors1,colorredundant,green pentagon,setsize16,green,NA,eleven,pentagon,crit,TRUE
participant053,distractors1,colorredundant,square,setsize16,green,NA,nine,square,crit,FALSE
participant053,distractors2,colorredundant,blue square,setsize16,blue,NA,six,square,crit,TRUE
participant053,distractors2,colorredundant,pentagon blue,setsize16,blue,NA,two,pentagon,crit,TRUE
participant053,distractors3,colorredundant,blue circle,setsize16,blue,NA,fifteen,circle,crit,TRUE
participant053,distractors3,colorredundant,blue square,setsize16,blue,NA,fourteen,square,crit,TRUE
participant053,distractors4,colorredundant,blue circle,setsize16,blue,NA,fourteen,circle,crit,TRUE
participant053,distractors4,colorredundant,blue square,setsize16,blue,NA,one,square,crit,TRUE
participant053,distractors0,colorredundant,blue circle,setsize03,blue,NA,two,circle,crit,TRUE
participant053,distractors0,colorredundant,circle,setsize03,blue,NA,two,circle,crit,FALSE
participant053,distractors1,colorredundant,circle,setsize03,green,NA,one,circle,crit,FALSE
participant053,distractors1,colorredundant,green square,setsize03,green,NA,three,square,crit,TRUE
participant053,distractors0,colorredundant,blue square,setsize06,blue,NA,six,square,crit,TRUE
participant053,distractors0,colorredundant,green circle,setsize06,green,NA,one,circle,crit,TRUE
participant053,distractors1,colorredundant,circle,setsize06,green,NA,six,circle,crit,FALSE
participant053,distractors1,colorredundant,pentagon,setsize06,green,NA,five,hexagon,crit,FALSE
participant053,distractors2,colorredundant,blue pentagon,setsize06,blue,NA,two,pentagon,crit,TRUE
participant053,distractors2,colorredundant,pentagon,setsize06,blue,NA,one,hexagon,crit,FALSE
participant053,distractors3,colorredundant,blue hexagon,setsize06,blue,NA,four,hexagon,crit,TRUE
participant053,distractors3,colorredundant,pentagon,setsize06,green,NA,three,hexagon,crit,FALSE
participant053,distractors4,colorredundant,green hexagon,setsize06,green,NA,three,hexagon,crit,TRUE
participant053,distractors4,colorredundant,green square,setsize06,green,NA,five,square,crit,TRUE
participant053,distractors0,colorredundant,green circle,setsize09,green,NA,eight,circle,crit,TRUE
participant053,distractors0,colorredundant,green hexagon,setsize09,green,NA,nine,hexagon,crit,TRUE
participant053,distractors1,colorredundant,green hexagon,setsize09,green,NA,eight,hexagon,crit,TRUE
participant053,distractors1,colorredundant,green hexagon,setsize09,green,NA,two,hexagon,crit,TRUE
participant053,distractors2,colorredundant,green circle,setsize09,green,NA,two,circle,crit,TRUE
participant053,distractors2,colorredundant,green pentagon,setsize09,green,NA,two,pentagon,crit,TRUE
participant053,distractors3,colorredundant,blue pentagon,setsize09,blue,NA,one,pentagon,crit,TRUE
participant053,distractors3,colorredundant,green circle,setsize09,green,NA,three,circle,crit,TRUE
participant053,distractors4,colorredundant,blue circle,setsize09,blue,NA,five,circle,crit,TRUE
participant053,distractors4,colorredundant,square,setsize09,blue,NA,seven,square,crit,FALSE
participant054,distractors0,colorredundant,blue hexagon,setsize16,blue,NA,ten,hexagon,crit,TRUE
participant054,distractors0,colorredundant,blue pentagon,setsize16,blue,NA,fifteen,pentagon,crit,TRUE
participant054,distractors1,colorredundant,blue circle,setsize16,blue,NA,eight,circle,crit,TRUE
participant054,distractors1,colorredundant,blue hexagon,setsize16,blue,NA,four,hexagon,crit,TRUE
participant054,distractors2,colorredundant,blue pentagon,setsize16,blue,NA,three,pentagon,crit,TRUE
participant054,distractors2,colorredundant,green pentagon,setsize16,green,NA,fifteen,pentagon,crit,TRUE
participant054,distractors3,colorredundant,blue circle,setsize16,blue,NA,three,circle,crit,TRUE
participant054,distractors3,colorredundant,green pentagon,setsize16,green,NA,seven,pentagon,crit,TRUE
participant054,distractors4,colorredundant,blue hexagon,setsize16,blue,NA,two,hexagon,crit,TRUE
participant054,distractors4,colorredundant,blue pentagon,setsize16,blue,NA,four,pentagon,crit,TRUE
participant054,distractors0,colorredundant,blue circle,setsize03,blue,NA,one,circle,crit,TRUE
participant054,distractors0,colorredundant,green hexagon,setsize03,green,NA,three,hexagon,crit,TRUE
participant054,distractors1,colorredundant,blue hexagon,setsize03,blue,NA,three,hexagon,crit,TRUE
participant054,distractors1,colorredundant,green circle,setsize03,green,NA,two,circle,crit,TRUE
participant054,distractors0,colorredundant,blue square,setsize06,blue,NA,five,square,crit,TRUE
participant054,distractors0,colorredundant,green pentagon,setsize06,green,NA,five,pentagon,crit,TRUE
participant054,distractors1,colorredundant,blue circle,setsize06,blue,NA,four,circle,crit,TRUE
participant054,distractors1,colorredundant,blue hexagon,setsize06,blue,NA,five,hexagon,crit,TRUE
participant054,distractors2,colorredundant,blue hexagon,setsize06,blue,NA,four,hexagon,crit,TRUE
participant054,distractors2,colorredundant,blue square,setsize06,blue,NA,two,square,crit,TRUE
participant054,distractors3,colorredundant,blue circle,setsize06,blue,NA,one,circle,crit,TRUE
participant054,distractors3,colorredundant,blue square,setsize06,blue,NA,five,square,crit,TRUE
participant054,distractors4,colorredundant,blue pentagon,setsize06,blue,NA,three,pentagon,crit,TRUE
participant054,distractors4,colorredundant,green circle,setsize06,green,NA,four,circle,crit,TRUE
participant054,distractors0,colorredundant,blue hexagon,setsize09,blue,NA,two,hexagon,crit,TRUE
participant054,distractors0,colorredundant,green circle,setsize09,green,NA,five,circle,crit,TRUE
participant054,distractors1,colorredundant,green circle,setsize09,green,NA,one,circle,crit,TRUE
participant054,distractors1,colorredundant,pentagon,setsize09,green,NA,two,pentagon,crit,FALSE
participant054,distractors2,colorredundant,green square,setsize09,green,NA,eight,square,crit,TRUE
participant054,distractors2,colorredundant,green square,setsize09,green,NA,eight,square,crit,TRUE
participant054,distractors3,colorredundant,blue hexagon,setsize09,blue,NA,eight,hexagon,crit,TRUE
participant054,distractors3,colorredundant,green circle,setsize09,green,NA,one,circle,crit,TRUE
participant054,distractors4,colorredundant,blue square,setsize09,blue,NA,one,square,crit,TRUE
participant054,distractors4,colorredundant,green circle,setsize09,green,NA,six,circle,crit,TRUE
participant055,distractors0,orientredundant,hexagon horizontal striped,setsize16,NA,horizontal,five,hexagon,crit,TRUE
participant055,distractors0,orientredundant,square horizontal striped,setsize16,NA,horizontal,two,square,crit,TRUE
participant055,distractors1,orientredundant,hexagon horizontal striped,setsize16,NA,horizontal,thirteen,hexagon,crit,TRUE
participant055,distractors1,orientredundant,hexagon vertical striped,setsize16,NA,vertical,four,hexagon,crit,TRUE
participant055,distractors2,orientredundant,pentagon vertical striped,setsize16,NA,vertical,three,pentagon,crit,TRUE
participant055,distractors2,orientredundant,square horizontal striped,setsize16,NA,horizontal,seven,square,crit,TRUE
participant055,distractors3,orientredundant,square vertical striped,setsize16,NA,vertical,one,square,crit,TRUE
participant055,distractors3,orientredundant,square vertical striped,setsize16,NA,vertical,sixteen,square,crit,TRUE
participant055,distractors4,orientredundant,circle horizontal striped,setsize16,NA,horizontal,four,circle,crit,TRUE
participant055,distractors4,orientredundant,circle horizontal striped,setsize16,NA,horizontal,ten,circle,crit,TRUE
participant055,distractors0,orientredundant,circle horizontal striped,setsize03,NA,horizontal,two,circle,crit,TRUE
participant055,distractors0,orientredundant,pentagon horizontal striped,setsize03,NA,horizontal,one,pentagon,crit,TRUE
participant055,distractors1,orientredundant,circle vertical striped,setsize03,NA,vertical,three,circle,crit,TRUE
participant055,distractors1,orientredundant,pentagon horizontal striped,setsize03,NA,horizontal,one,pentagon,crit,TRUE
participant055,distractors0,orientredundant,square horizontal striped,setsize06,NA,horizontal,one,square,crit,TRUE
participant055,distractors0,orientredundant,square vertical striped,setsize06,NA,vertical,two,square,crit,TRUE
participant055,distractors1,orientredundant,circle horizontal striped,setsize06,NA,horizontal,five,circle,crit,TRUE
participant055,distractors1,orientredundant,square horizontal striped,setsize06,NA,horizontal,two,square,crit,TRUE
participant055,distractors2,orientredundant,circle horizontal striped,setsize06,NA,horizontal,three,circle,crit,TRUE
participant055,distractors2,orientredundant,pentagon vertical striped,setsize06,NA,vertical,six,pentagon,crit,TRUE
participant055,distractors3,orientredundant,circle horizontal striped,setsize06,NA,horizontal,five,circle,crit,TRUE
participant055,distractors3,orientredundant,circle vertical striped,setsize06,NA,vertical,five,circle,crit,TRUE
participant055,distractors4,orientredundant,circle vertical striped,setsize06,NA,vertical,one,circle,crit,TRUE
participant055,distractors4,orientredundant,square horizontal striped,setsize06,NA,horizontal,three,square,crit,TRUE
participant055,distractors0,orientredundant,circle horizontal striped,setsize09,NA,horizontal,two,circle,crit,TRUE
participant055,distractors0,orientredundant,circle vertical striped,setsize09,NA,vertical,eight,circle,crit,TRUE
participant055,distractors1,orientredundant,circle vertical striped,setsize09,NA,vertical,three,circle,crit,TRUE
participant055,distractors1,orientredundant,square vertical striped,setsize09,NA,vertical,five,square,crit,TRUE
participant055,distractors2,orientredundant,pentagon vertical striped,setsize09,NA,vertical,eight,pentagon,crit,TRUE
participant055,distractors2,orientredundant,square vertical striped,setsize09,NA,vertical,eight,square,crit,TRUE
participant055,distractors3,orientredundant,circle horizontal striped,setsize09,NA,horizontal,two,circle,crit,TRUE
participant055,distractors3,orientredundant,pentagon vertical striped,setsize09,NA,vertical,five,pentagon,crit,TRUE
participant055,distractors4,orientredundant,hexagon horizontal striped,setsize09,NA,horizontal,five,hexagon,crit,TRUE
participant055,distractors4,orientredundant,pentagon vertical striped,setsize09,NA,vertical,eight,pentagon,crit,TRUE
participant056,distractors0,colorredundantlowfreq,pentagon jade,setsize16,teal,NA,three,hexagon,crit,TRUE
participant056,distractors0,colorredundantlowfreq,pentagon teal,setsize16,jade,NA,sixteen,pentagon,crit,TRUE
participant056,distractors1,colorredundantlowfreq,hexagon teal,setsize16,jade,NA,sixteen,hexagon,crit,TRUE
participant056,distractors1,colorredundantlowfreq,pentagon jade,setsize16,teal,NA,three,hexagon,crit,TRUE
participant056,distractors2,colorredundantlowfreq,hexagon jade,setsize16,teal,NA,seven,hexagon,crit,TRUE
participant056,distractors2,colorredundantlowfreq,pentagon jade,setsize16,teal,NA,two,pentagon,crit,TRUE
participant056,distractors3,colorredundantlowfreq,pentagon teal,setsize16,jade,NA,one,hexagon,crit,TRUE
participant056,distractors3,colorredundantlowfreq,pentagon teal,setsize16,jade,NA,twelve,pentagon,crit,TRUE
participant056,distractors4,colorredundantlowfreq,circle jade,setsize16,teal,NA,five,circle,crit,TRUE
participant056,distractors4,colorredundantlowfreq,circle jade,setsize16,teal,NA,six,circle,crit,TRUE
participant056,distractors0,colorredundantlowfreq,circle jade,setsize03,teal,NA,three,circle,crit,TRUE
participant056,distractors0,colorredundantlowfreq,circle teal,setsize03,jade,NA,three,circle,crit,TRUE
participant056,distractors1,colorredundantlowfreq,pentagon jade,setsize03,teal,NA,two,pentagon,crit,TRUE
participant056,distractors1,colorredundantlowfreq,square jade,setsize03,teal,NA,two,square,crit,TRUE
participant056,distractors0,colorredundantlowfreq,hexagon jade,setsize06,teal,NA,three,hexagon,crit,TRUE
participant056,distractors0,colorredundantlowfreq,jade pentagon,setsize06,teal,NA,three,pentagon,crit,TRUE
participant056,distractors1,colorredundantlowfreq,circle jade,setsize06,teal,NA,two,circle,crit,TRUE
participant056,distractors1,colorredundantlowfreq,pentagon jade,setsize06,teal,NA,two,pentagon,crit,TRUE
participant056,distractors2,colorredundantlowfreq,circle teal,setsize06,jade,NA,five,circle,crit,TRUE
participant056,distractors2,colorredundantlowfreq,pentagon jade,setsize06,teal,NA,five,pentagon,crit,TRUE
participant056,distractors3,colorredundantlowfreq,circle teal,setsize06,jade,NA,four,circle,crit,TRUE
participant056,distractors3,colorredundantlowfreq,square jade,setsize06,teal,NA,five,square,crit,TRUE
participant056,distractors4,colorredundantlowfreq,circle jade,setsize06,teal,NA,six,circle,crit,TRUE
participant056,distractors4,colorredundantlowfreq,hexagon jade,setsize06,teal,NA,one,hexagon,crit,TRUE
participant056,distractors0,colorredundantlowfreq,pentagon teal,setsize09,jade,NA,one,hexagon,crit,TRUE
participant056,distractors0,colorredundantlowfreq,square jade,setsize09,teal,NA,five,square,crit,TRUE
participant056,distractors1,colorredundantlowfreq,circle teal,setsize09,jade,NA,eight,circle,crit,TRUE
participant056,distractors1,colorredundantlowfreq,pentagon jade,setsize09,teal,NA,six,pentagon,crit,TRUE
participant056,distractors2,colorredundantlowfreq,pentagon jade,setsize09,teal,NA,nine,hexagon,crit,TRUE
participant056,distractors2,colorredundantlowfreq,pentagon jade,setsize09,teal,NA,one,hexagon,crit,TRUE
participant056,distractors3,colorredundantlowfreq,pentagon teal,setsize09,jade,NA,two,hexagon,crit,TRUE
participant056,distractors3,colorredundantlowfreq,square teal,setsize09,jade,NA,nine,square,crit,TRUE
participant056,distractors4,colorredundantlowfreq,hexagon jade,setsize09,teal,NA,two,hexagon,crit,TRUE
participant056,distractors4,colorredundantlowfreq,pentagon jade,setsize09,teal,NA,three,pentagon,crit,TRUE
participant057,distractors0,orientredundant,circle,setsize16,NA,horizontal,two,circle,crit,FALSE
participant057,distractors0,orientredundant,hexagon pentagon pentagon pentagon pentagon,setsize16,NA,horizontal,eleven,pentagon,crit,FALSE
participant057,distractors1,orientredundant,pentagon,setsize16,NA,horizontal,eleven,pentagon,crit,FALSE
participant057,distractors1,orientredundant,square vertical striped,setsize16,NA,vertical,eight,square,crit,TRUE
participant057,distractors2,orientredundant,pentagon,setsize16,NA,horizontal,eleven,pentagon,crit,FALSE
participant057,distractors2,orientredundant,square horizontal striped,setsize16,NA,horizontal,ten,square,crit,TRUE
participant057,distractors3,orientredundant,circle horizontal striped,setsize16,NA,horizontal,two,circle,crit,TRUE
participant057,distractors3,orientredundant,circle,setsize16,NA,vertical,three,circle,crit,FALSE
participant057,distractors4,orientredundant,circle,setsize16,NA,vertical,six,circle,crit,FALSE
participant057,distractors4,orientredundant,pentagon,setsize16,NA,vertical,seven,pentagon,crit,FALSE
participant057,distractors0,orientredundant,circle horizontal striped,setsize03,NA,horizontal,three,circle,crit,TRUE
participant057,distractors0,orientredundant,circle,setsize03,NA,vertical,two,circle,crit,FALSE
participant057,distractors1,orientredundant,circle,setsize03,NA,horizontal,two,circle,crit,FALSE
participant057,distractors1,orientredundant,square,setsize03,NA,horizontal,one,square,crit,FALSE
participant057,distractors0,orientredundant,hexagon vertical striped,setsize06,NA,vertical,four,hexagon,crit,TRUE
participant057,distractors0,orientredundant,square vertical striped,setsize06,NA,horizontal,five,square,crit,TRUE
participant057,distractors1,orientredundant,circle,setsize06,NA,horizontal,one,circle,crit,FALSE
participant057,distractors1,orientredundant,hexagon,setsize06,NA,horizontal,six,hexagon,crit,FALSE
participant057,distractors2,orientredundant,hexagon horizontal striped,setsize06,NA,horizontal,five,hexagon,crit,TRUE
participant057,distractors2,orientredundant,hexagon,setsize06,NA,vertical,four,hexagon,crit,FALSE
participant057,distractors3,orientredundant,square vertical striped,setsize06,NA,vertical,two,square,crit,TRUE
participant057,distractors3,orientredundant,square,setsize06,NA,horizontal,five,square,crit,FALSE
participant057,distractors4,orientredundant,hexagon,setsize06,NA,vertical,six,hexagon,crit,FALSE
participant057,distractors4,orientredundant,pentagon,setsize06,NA,vertical,five,pentagon,crit,FALSE
participant057,distractors0,orientredundant,circle vertical striped,setsize09,NA,vertical,three,circle,crit,TRUE
participant057,distractors0,orientredundant,hexagon horizontal striped,setsize09,NA,horizontal,one,hexagon,crit,TRUE
participant057,distractors1,orientredundant,pentagon horizontal striped,setsize09,NA,horizontal,six,pentagon,crit,TRUE
participant057,distractors1,orientredundant,pentagon,setsize09,NA,horizontal,eight,pentagon,crit,FALSE
participant057,distractors2,orientredundant,hexagon,setsize09,NA,horizontal,seven,hexagon,crit,FALSE
participant057,distractors2,orientredundant,hexagon,setsize09,NA,horizontal,six,hexagon,crit,FALSE
participant057,distractors3,orientredundant,hexagon vertical striped,setsize09,NA,vertical,eight,hexagon,crit,TRUE
participant057,distractors3,orientredundant,hexagon vertical striped,setsize09,NA,vertical,three,hexagon,crit,TRUE
participant057,distractors4,orientredundant,hexagon vertical striped,setsize09,NA,vertical,seven,hexagon,crit,TRUE
participant057,distractors4,orientredundant,square,setsize09,NA,vertical,six,square,crit,FALSE
participant058,distractors0,colorredundant,blue circle,setsize16,blue,NA,three,circle,crit,TRUE
participant058,distractors0,colorredundant,blue hexagon,setsize16,blue,NA,three,hexagon,crit,TRUE
participant058,distractors1,colorredundant,blue circle,setsize16,blue,NA,thirteen,circle,crit,TRUE
participant058,distractors1,colorredundant,green hexagon,setsize16,green,NA,eight,hexagon,crit,TRUE
participant058,distractors2,colorredundant,blue square,setsize16,blue,NA,eleven,square,crit,TRUE
participant058,distractors2,colorredundant,green circle,setsize16,green,NA,eight,circle,crit,TRUE
participant058,distractors3,colorredundant,blue hexagon,setsize16,blue,NA,four,hexagon,crit,TRUE
participant058,distractors3,colorredundant,blue hexagon,setsize16,blue,NA,thirteen,hexagon,crit,TRUE
participant058,distractors4,colorredundant,green square,setsize16,green,NA,twelve,square,crit,TRUE
participant058,distractors0,colorredundant,green circle,setsize03,green,NA,two,circle,crit,TRUE
participant058,distractors0,colorredundant,green square,setsize03,green,NA,three,square,crit,TRUE
participant058,distractors1,colorredundant,green hexagon,setsize03,green,NA,two,hexagon,crit,TRUE
participant058,distractors1,colorredundant,green pentagon,setsize03,green,NA,one,pentagon,crit,TRUE
participant058,distractors0,colorredundant,blue pentagon,setsize06,blue,NA,three,hexagon,crit,TRUE
participant058,distractors0,colorredundant,green pentagon,setsize06,green,NA,five,pentagon,crit,TRUE
participant058,distractors1,colorredundant,blue hexagon,setsize06,blue,NA,one,hexagon,crit,TRUE
participant058,distractors1,colorredundant,green hexagon,setsize06,green,NA,five,hexagon,crit,TRUE
participant058,distractors2,colorredundant,green circle,setsize06,green,NA,five,circle,crit,TRUE
participant058,distractors2,colorredundant,green hexagon,setsize06,green,NA,six,hexagon,crit,TRUE
participant058,distractors3,colorredundant,blue pentagon,setsize06,blue,NA,five,pentagon,crit,TRUE
participant058,distractors3,colorredundant,green square,setsize06,green,NA,four,square,crit,TRUE
participant058,distractors4,colorredundant,blue hexagon,setsize06,blue,NA,three,hexagon,crit,TRUE
participant058,distractors4,colorredundant,blue pentagon,setsize06,blue,NA,two,pentagon,crit,TRUE
participant058,distractors0,colorredundant,blue hexagon,setsize09,blue,NA,nine,hexagon,crit,TRUE
participant058,distractors0,colorredundant,blue square,setsize09,blue,NA,five,square,crit,TRUE
participant058,distractors1,colorredundant,blue hexagon,setsize09,blue,NA,five,hexagon,crit,TRUE
participant058,distractors1,colorredundant,green square,setsize09,green,NA,five,square,crit,TRUE
participant058,distractors2,colorredundant,blue hexagon,setsize09,blue,NA,seven,hexagon,crit,TRUE
participant058,distractors2,colorredundant,blue pentagon,setsize09,blue,NA,nine,pentagon,crit,TRUE
participant058,distractors3,colorredundant,blue square,setsize09,blue,NA,five,square,crit,TRUE
participant058,distractors3,colorredundant,green circle,setsize09,green,NA,six,circle,crit,TRUE
participant058,distractors4,colorredundant,blue pentagon,setsize09,blue,NA,four,pentagon,crit,TRUE
participant058,distractors4,colorredundant,green circle,setsize09,green,NA,seven,circle,crit,TRUE
participant059,distractors0,colorredundant,green pentagon,setsize16,green,NA,eleven,pentagon,crit,TRUE
participant059,distractors0,colorredundant,pentagon,setsize16,blue,NA,sixteen,pentagon,crit,FALSE
participant059,distractors1,colorredundant,blue circle,setsize16,blue,NA,twelve,circle,crit,TRUE
participant059,distractors1,colorredundant,blue pentagon,setsize16,blue,NA,six,hexagon,crit,TRUE
participant059,distractors2,colorredundant,blue square,setsize16,blue,NA,four,square,crit,TRUE
participant059,distractors2,colorredundant,green square,setsize16,green,NA,eleven,square,crit,TRUE
participant059,distractors3,colorredundant,blue pentagon,setsize16,blue,NA,four,pentagon,crit,TRUE
participant059,distractors3,colorredundant,green pentagon,setsize16,green,NA,eight,pentagon,crit,TRUE
participant059,distractors4,colorredundant,blue square,setsize16,blue,NA,five,square,crit,TRUE
participant059,distractors4,colorredundant,green square,setsize16,green,NA,ten,square,crit,TRUE
participant059,distractors0,colorredundant,blue circle,setsize03,blue,NA,one,circle,crit,TRUE
participant059,distractors0,colorredundant,green hexagon,setsize03,green,NA,two,hexagon,crit,TRUE
participant059,distractors1,colorredundant,green square,setsize03,green,NA,one,square,crit,TRUE
participant059,distractors1,colorredundant,square,setsize03,green,NA,one,square,crit,FALSE
participant059,distractors0,colorredundant,green hexagon,setsize06,green,NA,six,hexagon,crit,TRUE
participant059,distractors0,colorredundant,green hexagon,setsize06,green,NA,six,hexagon,crit,TRUE
participant059,distractors1,colorredundant,blue circle,setsize06,blue,NA,four,circle,crit,TRUE
participant059,distractors1,colorredundant,blue hexagon,setsize06,blue,NA,three,hexagon,crit,TRUE
participant059,distractors2,colorredundant,blue pentagon,setsize06,blue,NA,four,pentagon,crit,TRUE
participant059,distractors2,colorredundant,blue pentagon,setsize06,blue,NA,four,pentagon,crit,TRUE
participant059,distractors3,colorredundant,blue circle,setsize06,blue,NA,five,circle,crit,TRUE
participant059,distractors3,colorredundant,blue pentagon,setsize06,blue,NA,five,pentagon,crit,TRUE
participant059,distractors4,colorredundant,blue hexagon,setsize06,green,NA,six,hexagon,crit,TRUE
participant059,distractors4,colorredundant,hexagon,setsize06,green,NA,five,hexagon,crit,FALSE
participant059,distractors0,colorredundant,blue pentagon,setsize09,blue,NA,three,pentagon,crit,TRUE
participant059,distractors0,colorredundant,green square,setsize09,green,NA,one,square,crit,TRUE
participant059,distractors1,colorredundant,blue hexagon,setsize09,blue,NA,nine,hexagon,crit,TRUE
participant059,distractors1,colorredundant,green pentagon,setsize09,green,NA,seven,pentagon,crit,TRUE
participant059,distractors2,colorredundant,blue circle,setsize09,blue,NA,nine,circle,crit,TRUE
participant059,distractors2,colorredundant,green hexagon,setsize09,green,NA,seven,hexagon,crit,TRUE
participant059,distractors3,colorredundant,green circle,setsize09,green,NA,four,circle,crit,TRUE
participant059,distractors3,colorredundant,pentagon,setsize09,blue,NA,six,hexagon,crit,FALSE
participant059,distractors4,colorredundant,blue circle,setsize09,blue,NA,four,circle,crit,TRUE
participant059,distractors4,colorredundant,green square,setsize09,green,NA,seven,square,crit,TRUE
participant060,distractors0,colorredundantlowfreq,circle,setsize16,jade,NA,fourteen,circle,crit,FALSE
participant060,distractors0,colorredundantlowfreq,square,setsize16,jade,NA,twelve,square,crit,FALSE
participant060,distractors1,colorredundantlowfreq,pentagon teal,setsize16,teal,NA,seven,pentagon,crit,TRUE
participant060,distractors1,colorredundantlowfreq,square teal,setsize16,teal,NA,eleven,square,crit,TRUE
participant060,distractors2,colorredundantlowfreq,circle,setsize16,jade,NA,twelve,circle,crit,FALSE
participant060,distractors2,colorredundantlowfreq,square,setsize16,teal,NA,fifteen,square,crit,FALSE
participant060,distractors3,colorredundantlowfreq,square,setsize16,teal,NA,eight,square,crit,FALSE
participant060,distractors3,colorredundantlowfreq,square,setsize16,jade,NA,nine,square,crit,FALSE
participant060,distractors4,colorredundantlowfreq,circle,setsize16,teal,NA,seven,circle,crit,FALSE
participant060,distractors4,colorredundantlowfreq,hexagon jade,setsize16,jade,NA,eight,hexagon,crit,TRUE
participant060,distractors0,colorredundantlowfreq,circle,setsize03,jade,NA,three,circle,crit,FALSE
participant060,distractors0,colorredundantlowfreq,hexagon,setsize03,jade,NA,three,hexagon,crit,FALSE
participant060,distractors1,colorredundantlowfreq,circle,setsize03,teal,NA,three,circle,crit,FALSE
participant060,distractors1,colorredundantlowfreq,hexagon,setsize03,jade,NA,one,hexagon,crit,FALSE
participant060,distractors0,colorredundantlowfreq,hexagon,setsize06,teal,NA,two,hexagon,crit,FALSE
participant060,distractors0,colorredundantlowfreq,square,setsize06,jade,NA,six,square,crit,FALSE
participant060,distractors1,colorredundantlowfreq,pentagon,setsize06,teal,NA,five,pentagon,crit,FALSE
participant060,distractors1,colorredundantlowfreq,pentagon,setsize06,teal,NA,one,pentagon,crit,FALSE
participant060,distractors2,colorredundantlowfreq,circle jade,setsize06,jade,NA,four,circle,crit,TRUE
participant060,distractors2,colorredundantlowfreq,square,setsize06,jade,NA,five,square,crit,FALSE
participant060,distractors3,colorredundantlowfreq,hexagon,setsize06,jade,NA,six,hexagon,crit,FALSE
participant060,distractors3,colorredundantlowfreq,square,setsize06,jade,NA,six,square,crit,FALSE
participant060,distractors4,colorredundantlowfreq,circle,setsize06,jade,NA,four,circle,crit,FALSE
participant060,distractors4,colorredundantlowfreq,hexagon teal,setsize06,teal,NA,three,hexagon,crit,TRUE
participant060,distractors0,colorredundantlowfreq,hexagon,setsize09,jade,NA,eight,hexagon,crit,FALSE
participant060,distractors0,colorredundantlowfreq,pentagon,setsize09,teal,NA,eight,pentagon,crit,FALSE
participant060,distractors1,colorredundantlowfreq,pentagon teal,setsize09,teal,NA,seven,pentagon,crit,TRUE
participant060,distractors1,colorredundantlowfreq,square,setsize09,teal,NA,five,square,crit,FALSE
participant060,distractors2,colorredundantlowfreq,circle,setsize09,teal,NA,seven,circle,crit,FALSE
participant060,distractors2,colorredundantlowfreq,circle,setsize09,jade,NA,two,circle,crit,FALSE
participant060,distractors3,colorredundantlowfreq,hexagon,setsize09,jade,NA,five,hexagon,crit,FALSE
participant060,distractors3,colorredundantlowfreq,pentagon,setsize09,jade,NA,seven,pentagon,crit,FALSE
participant060,distractors4,colorredundantlowfreq,circle jade,setsize09,jade,NA,eight,circle,crit,TRUE
participant060,distractors4,colorredundantlowfreq,pentagon,setsize09,teal,NA,eight,pentagon,crit,FALSE
